{
    "config": {
        "algorithm_name": "EWC",
        "num_tasks": 10,
        "epochs": 200,
        "lr": 0.0001,
        "hidden_dim": 100,
        "lambdas": [
            10,
            10,
            10,
            10,
            10,
            10,
            10,
            10,
            10,
            10
        ],
        "batch_size": 200,
        "latent_dim": 50,
        "seed": 104,
        "id": 5,
        "save_folder": "10_runs_gen_final"
    },
    "results": {
        "0": {
            "uncertainty": [
                0.0026896456256508827,
                0.7536566853523254,
                0.9631810188293457,
                1.0696250200271606,
                0.8867512941360474,
                0.8930994868278503,
                0.9218506813049316,
                0.7956793308258057,
                0.8625699877738953,
                0.8463535904884338
            ],
            "llhs": [
                -129.18154907226562,
                -345.31805419921875,
                -326.078857421875,
                -336.8778991699219,
                -339.6596984863281,
                -326.7978820800781,
                -323.3567199707031,
                -343.3418884277344,
                -335.3973693847656,
                -338.81011962890625
            ]
        },
        "1": {
            "uncertainty": [
                0.00024535966804251075,
                0.09826770424842834,
                0.21776120364665985,
                0.1754489243030548,
                0.2029171884059906,
                0.1770704686641693,
                0.13521182537078857,
                0.12244241684675217,
                0.1355486661195755
            ],
            "llhs": [
                -57.63298797607422,
                -80.3191146850586,
                -91.13581848144531,
                -102.19330596923828,
                -93.44408416748047,
                -97.60726165771484,
                -105.12560272216797,
                -96.37106323242188,
                -104.19972229003906
            ]
        },
        "2": {
            "uncertainty": [
                0.007105080410838127,
                0.06113987788558006,
                0.031706951558589935,
                0.025880156084895134,
                0.014828598126769066,
                0.019599763676524162,
                0.012336957268416882,
                0.018961450085043907
            ],
            "llhs": [
                -156.7648468017578,
                -169.43280029296875,
                -179.22984313964844,
                -168.6435089111328,
                -174.13812255859375,
                -183.54742431640625,
                -175.49984741210938,
                -181.3238983154297
            ]
        },
        "3": {
            "uncertainty": [
                0.0009524226188659668,
                0.059670768678188324,
                0.058769430965185165,
                0.05782289430499077,
                0.03604741021990776,
                0.043305061757564545,
                0.042369745671749115
            ],
            "llhs": [
                -142.978271484375,
                -186.15911865234375,
                -165.84231567382812,
                -173.71664428710938,
                -183.32272338867188,
                -177.29071044921875,
                -185.97482299804688
            ]
        },
        "4": {
            "uncertainty": [
                0.010042131878435612,
                0.07027951627969742,
                0.1663292944431305,
                0.20801585912704468,
                0.14936640858650208,
                0.09906032681465149
            ],
            "llhs": [
                -135.19801330566406,
                -153.3667449951172,
                -165.08547973632812,
                -157.43443298339844,
                -158.4187774658203,
                -147.24151611328125
            ]
        },
        "5": {
            "uncertainty": [
                0.018091993406414986,
                0.07746396213769913,
                0.1322956681251526,
                0.09841310977935791,
                0.14688698947429657
            ],
            "llhs": [
                -147.6177978515625,
                -161.78111267089844,
                -169.3482666015625,
                -160.23204040527344,
                -164.56832885742188
            ]
        },
        "6": {
            "uncertainty": [
                0.007426274009048939,
                0.10861840844154358,
                0.03848118707537651,
                0.058981578797101974
            ],
            "llhs": [
                -134.37350463867188,
                -168.0812225341797,
                -154.6357421875,
                -161.54104614257812
            ]
        },
        "7": {
            "uncertainty": [
                0.01984124444425106,
                0.2427733987569809,
                0.07603202015161514
            ],
            "llhs": [
                -118.16722869873047,
                -153.89988708496094,
                -138.87135314941406
            ]
        },
        "8": {
            "uncertainty": [
                0.034707263112068176,
                0.23341752588748932
            ],
            "llhs": [
                -153.82406616210938,
                -167.19046020507812
            ]
        },
        "9": {
            "uncertainty": [
                0.028545591980218887
            ],
            "llhs": [
                -122.70089721679688
            ]
        }
    }
}