{
    "config": {
        "algorithm_name": "EWC",
        "num_tasks": 10,
        "epochs": 200,
        "lr": 0.0001,
        "hidden_dim": 100,
        "lambdas": [
            10,
            10,
            10,
            10,
            10,
            10,
            10,
            10,
            10,
            10
        ],
        "batch_size": 200,
        "latent_dim": 50,
        "seed": 102,
        "id": 3,
        "save_folder": "10_runs_gen_final"
    },
    "results": {
        "0": {
            "uncertainty": [
                0.0025352388620376587,
                0.6926601529121399,
                0.7142657041549683,
                0.8350954651832581,
                0.5099852085113525,
                0.5819575190544128,
                0.6531059145927429,
                0.555931806564331,
                0.5901798009872437,
                0.5665630102157593
            ],
            "llhs": [
                -128.7459716796875,
                -327.0116882324219,
                -331.2891845703125,
                -345.3668212890625,
                -357.1474609375,
                -336.8648376464844,
                -333.78216552734375,
                -373.5810546875,
                -361.0816955566406,
                -368.6498107910156
            ]
        },
        "1": {
            "uncertainty": [
                0.0001610044128028676,
                0.00023084436543285847,
                0.0004249590856488794,
                0.000655904586892575,
                0.0006018915446475148,
                0.0007217783713713288,
                0.0012010890059173107,
                0.0009572668932378292,
                0.0008300552144646645
            ],
            "llhs": [
                -56.72445297241211,
                -61.88710403442383,
                -69.5119857788086,
                -94.75357818603516,
                -77.58617401123047,
                -88.62289428710938,
                -116.68496704101562,
                -107.42891693115234,
                -115.18011474609375
            ]
        },
        "2": {
            "uncertainty": [
                0.008412116207182407,
                0.06590815633535385,
                0.05423301085829735,
                0.030718280002474785,
                0.020383555442094803,
                0.04259059578180313,
                0.02457873895764351,
                0.04008398950099945
            ],
            "llhs": [
                -156.05628967285156,
                -168.248046875,
                -187.29762268066406,
                -171.17283630371094,
                -178.3528594970703,
                -204.46456909179688,
                -189.90943908691406,
                -198.53289794921875
            ]
        },
        "3": {
            "uncertainty": [
                0.0009738344815559685,
                0.07348836958408356,
                0.08320771157741547,
                0.06660991907119751,
                0.037314195185899734,
                0.05714176967740059,
                0.05145784467458725
            ],
            "llhs": [
                -142.39881896972656,
                -187.0552978515625,
                -164.6857452392578,
                -175.3739013671875,
                -196.36607360839844,
                -184.86151123046875,
                -196.73934936523438
            ]
        },
        "4": {
            "uncertainty": [
                0.018415410071611404,
                0.10365955531597137,
                0.28246593475341797,
                0.18417325615882874,
                0.16686372458934784,
                0.12413135170936584
            ],
            "llhs": [
                -138.81515502929688,
                -162.6996612548828,
                -179.63856506347656,
                -164.22166442871094,
                -165.79425048828125,
                -155.547119140625
            ]
        },
        "5": {
            "uncertainty": [
                0.018992045894265175,
                0.07832495868206024,
                0.09449765086174011,
                0.08609995990991592,
                0.11562167853116989
            ],
            "llhs": [
                -148.27313232421875,
                -167.6366424560547,
                -182.7699737548828,
                -166.9088134765625,
                -174.41937255859375
            ]
        },
        "6": {
            "uncertainty": [
                0.010122613981366158,
                0.16853132843971252,
                0.039303526282310486,
                0.06863390654325485
            ],
            "llhs": [
                -135.38540649414062,
                -187.3251190185547,
                -164.2134552001953,
                -176.92324829101562
            ]
        },
        "7": {
            "uncertainty": [
                0.03529680520296097,
                0.2811204493045807,
                0.1206960454583168
            ],
            "llhs": [
                -120.17961883544922,
                -158.7119598388672,
                -143.13365173339844
            ]
        },
        "8": {
            "uncertainty": [
                0.04729551821947098,
                0.18029581010341644
            ],
            "llhs": [
                -156.21311950683594,
                -171.67074584960938
            ]
        },
        "9": {
            "uncertainty": [
                0.03910646215081215
            ],
            "llhs": [
                -125.61835479736328
            ]
        }
    }
}