{
    "config": {
        "algorithm_name": "EWC",
        "num_tasks": 10,
        "epochs": 200,
        "lr": 0.0001,
        "hidden_dim": 100,
        "lambdas": [
            10,
            10,
            10,
            10,
            10,
            10,
            10,
            10,
            10,
            10
        ],
        "batch_size": 200,
        "latent_dim": 50,
        "seed": 109,
        "id": null,
        "save_folder": "10_runs_gen_final"
    },
    "results": {
        "0": {
            "uncertainty": [
                0.0009832334471866488,
                0.7854218482971191,
                0.8745176196098328,
                1.0075955390930176,
                0.8488179445266724,
                0.9807713627815247,
                0.9425256252288818,
                0.8786539435386658,
                0.9389355778694153,
                0.9682819843292236
            ],
            "llhs": [
                -130.17706298828125,
                -466.89678955078125,
                -404.3548583984375,
                -414.2245788574219,
                -399.1526184082031,
                -335.66046142578125,
                -330.458984375,
                -338.7355651855469,
                -334.0882873535156,
                -334.62554931640625
            ]
        },
        "1": {
            "uncertainty": [
                0.00014872255269438028,
                0.0017014705808833241,
                0.005418248008936644,
                0.003409151453524828,
                0.014992053620517254,
                0.005319263320416212,
                0.006767718121409416,
                0.00502210995182395,
                0.00725311366841197
            ],
            "llhs": [
                -55.1614875793457,
                -67.74713134765625,
                -72.95863342285156,
                -82.00006103515625,
                -74.85696411132812,
                -83.28797149658203,
                -84.33989715576172,
                -82.43150329589844,
                -84.2154312133789
            ]
        },
        "2": {
            "uncertainty": [
                0.006345028057694435,
                0.06913112103939056,
                0.03232542797923088,
                0.15599577128887177,
                0.07974410802125931,
                0.11111252009868622,
                0.0673525258898735,
                0.10552089661359787
            ],
            "llhs": [
                -150.89773559570312,
                -165.76454162597656,
                -168.5752410888672,
                -176.29090881347656,
                -182.90582275390625,
                -183.97463989257812,
                -177.98690795898438,
                -182.66954040527344
            ]
        },
        "3": {
            "uncertainty": [
                0.001328996499069035,
                0.037598758935928345,
                0.602152943611145,
                0.5072384476661682,
                0.32350826263427734,
                0.41662609577178955,
                0.41689807176589966
            ],
            "llhs": [
                -140.6955108642578,
                -171.13800048828125,
                -169.98687744140625,
                -181.5084228515625,
                -172.28524780273438,
                -171.01039123535156,
                -175.79002380371094
            ]
        },
        "4": {
            "uncertainty": [
                0.014248830266296864,
                0.11983291059732437,
                0.1313687264919281,
                0.15430818498134613,
                0.09472544491291046,
                0.08952264487743378
            ],
            "llhs": [
                -136.43780517578125,
                -166.67373657226562,
                -179.06564331054688,
                -166.18896484375,
                -167.95339965820312,
                -159.72064208984375
            ]
        },
        "5": {
            "uncertainty": [
                0.010105582885444164,
                0.07084135711193085,
                0.07422511279582977,
                0.05038297176361084,
                0.06597315520048141
            ],
            "llhs": [
                -142.8612823486328,
                -158.43350219726562,
                -160.79678344726562,
                -152.20912170410156,
                -156.14401245117188
            ]
        },
        "6": {
            "uncertainty": [
                0.005958978086709976,
                0.128945991396904,
                0.07165983319282532,
                0.060134824365377426
            ],
            "llhs": [
                -134.14572143554688,
                -169.12844848632812,
                -156.29290771484375,
                -161.2683868408203
            ]
        },
        "7": {
            "uncertainty": [
                0.03688206896185875,
                0.25032535195350647,
                0.13588030636310577
            ],
            "llhs": [
                -117.43163299560547,
                -152.56846618652344,
                -142.70069885253906
            ]
        },
        "8": {
            "uncertainty": [
                0.034277863800525665,
                0.19069980084896088
            ],
            "llhs": [
                -153.65174865722656,
                -164.61912536621094
            ]
        },
        "9": {
            "uncertainty": [
                0.04404687508940697
            ],
            "llhs": [
                -124.47607421875
            ]
        }
    }
}