{
    "config": {
        "algorithm_name": "EWC",
        "num_tasks": 10,
        "epochs": 200,
        "lr": 0.0001,
        "hidden_dim": 100,
        "lambdas": [
            10,
            10,
            10,
            10,
            10,
            10,
            10,
            10,
            10,
            10
        ],
        "batch_size": 200,
        "latent_dim": 50,
        "seed": 107,
        "id": 8,
        "save_folder": "10_runs_gen_final"
    },
    "results": {
        "0": {
            "uncertainty": [
                0.00451322179287672,
                0.7003024816513062,
                0.7611508965492249,
                0.8338399529457092,
                0.6587268710136414,
                0.7011188268661499,
                0.7361211776733398,
                0.6599671840667725,
                0.7134891748428345,
                0.6908508539199829
            ],
            "llhs": [
                -128.69027709960938,
                -576.1658935546875,
                -499.6701965332031,
                -494.796630859375,
                -482.4927978515625,
                -471.1051940917969,
                -467.8314208984375,
                -485.67724609375,
                -476.2913818359375,
                -480.09130859375
            ]
        },
        "1": {
            "uncertainty": [
                0.0001654349034652114,
                0.0014166857581585646,
                0.0014680662425234914,
                0.0017864544643089175,
                0.0021285023540258408,
                0.002112584887072444,
                0.0021069739013910294,
                0.0021658148616552353,
                0.0020141934510320425
            ],
            "llhs": [
                -55.27369689941406,
                -67.47827911376953,
                -70.47740936279297,
                -85.21526336669922,
                -77.15594482421875,
                -87.2819595336914,
                -102.58860778808594,
                -98.5399169921875,
                -101.14495086669922
            ]
        },
        "2": {
            "uncertainty": [
                0.006918797269463539,
                0.1773872673511505,
                0.07839621603488922,
                0.0848800390958786,
                0.039387140423059464,
                0.06288798898458481,
                0.042616356164216995,
                0.06445170938968658
            ],
            "llhs": [
                -155.3009796142578,
                -173.06922912597656,
                -182.2005157470703,
                -175.00540161132812,
                -181.4627227783203,
                -195.752197265625,
                -184.6065216064453,
                -190.14772033691406
            ]
        },
        "3": {
            "uncertainty": [
                0.0013505101669579744,
                0.06894534826278687,
                0.10103710740804672,
                0.10276627540588379,
                0.03812112286686897,
                0.0725129097700119,
                0.053487326949834824
            ],
            "llhs": [
                -143.2314453125,
                -177.08001708984375,
                -161.87991333007812,
                -172.8830108642578,
                -180.25611877441406,
                -172.60504150390625,
                -179.67372131347656
            ]
        },
        "4": {
            "uncertainty": [
                0.010057433508336544,
                0.05867931619286537,
                0.21927417814731598,
                0.18269877135753632,
                0.10708101093769073,
                0.09133739769458771
            ],
            "llhs": [
                -139.47377014160156,
                -160.45994567871094,
                -177.04205322265625,
                -165.0854949951172,
                -162.23834228515625,
                -155.0529022216797
            ]
        },
        "5": {
            "uncertainty": [
                0.02109566330909729,
                0.10703559219837189,
                0.10455740243196487,
                0.09175931662321091,
                0.12408024817705154
            ],
            "llhs": [
                -150.1690216064453,
                -167.62319946289062,
                -176.40406799316406,
                -163.88816833496094,
                -169.26971435546875
            ]
        },
        "6": {
            "uncertainty": [
                0.009492979384958744,
                0.07791411876678467,
                0.03479044884443283,
                0.05610622465610504
            ],
            "llhs": [
                -135.42593383789062,
                -177.23634338378906,
                -160.55184936523438,
                -167.36392211914062
            ]
        },
        "7": {
            "uncertainty": [
                0.04250900447368622,
                0.24007651209831238,
                0.13709169626235962
            ],
            "llhs": [
                -120.4049301147461,
                -154.20375061035156,
                -141.9407196044922
            ]
        },
        "8": {
            "uncertainty": [
                0.04582319036126137,
                0.18816706538200378
            ],
            "llhs": [
                -156.0201873779297,
                -167.85720825195312
            ]
        },
        "9": {
            "uncertainty": [
                0.07483822852373123
            ],
            "llhs": [
                -128.4372100830078
            ]
        }
    }
}