{
    "config": {
        "algorithm_name": "LP",
        "num_tasks": 10,
        "epochs": 200,
        "lr": 0.0001,
        "hidden_dim": 500,
        "latent_dim": 50,
        "lambd": 10,
        "batch_size": 200,
        "seed": 101,
        "id": 2,
        "save_folder": "10_runs_gen_final"
    },
    "results": {
        "0": {
            "uncertainty": [
                0.001525984494946897,
                0.9897676706314087,
                1.0559734106063843,
                1.1149005889892578,
                0.864410400390625,
                0.8062360286712646,
                0.7643495202064514,
                0.799258291721344,
                1.0122958421707153,
                1.0943689346313477
            ],
            "llhs": [
                -105.5782699584961,
                -577.2736206054688,
                -344.5622253417969,
                -314.2506408691406,
                -303.2919616699219,
                -292.54852294921875,
                -276.08319091796875,
                -296.4825134277344,
                -297.9745788574219,
                -313.69891357421875
            ]
        },
        "1": {
            "uncertainty": [
                0.0014130393974483013,
                0.012897981330752373,
                0.018078267574310303,
                0.04740550369024277,
                0.042163945734500885,
                0.051676250994205475,
                0.028064943850040436,
                0.03858464956283569,
                0.05817503482103348
            ],
            "llhs": [
                -46.49045181274414,
                -68.6842269897461,
                -75.41864776611328,
                -86.31476593017578,
                -84.54269409179688,
                -77.27971649169922,
                -70.13825225830078,
                -76.72940063476562,
                -76.95785522460938
            ]
        },
        "2": {
            "uncertainty": [
                0.006399889942258596,
                0.08707468956708908,
                0.2438410371541977,
                0.20450858771800995,
                0.19053757190704346,
                0.25076809525489807,
                0.11859913170337677,
                0.24251239001750946
            ],
            "llhs": [
                -111.30326080322266,
                -135.93154907226562,
                -217.2696075439453,
                -197.52146911621094,
                -195.86280822753906,
                -227.96405029296875,
                -201.5790557861328,
                -240.16299438476562
            ]
        },
        "3": {
            "uncertainty": [
                0.004869782365858555,
                0.18307064473628998,
                0.13110673427581787,
                0.19957230985164642,
                0.12948022782802582,
                0.08150684833526611,
                0.16971881687641144
            ],
            "llhs": [
                -106.52307891845703,
                -201.78363037109375,
                -172.21083068847656,
                -185.9943389892578,
                -233.82017517089844,
                -199.55201721191406,
                -226.63519287109375
            ]
        },
        "4": {
            "uncertainty": [
                0.004633485805243254,
                0.006051315926015377,
                0.03949275612831116,
                0.19500985741615295,
                0.20902104675769806,
                0.16391798853874207
            ],
            "llhs": [
                -95.58195495605469,
                -101.54277801513672,
                -124.5964126586914,
                -141.7797393798828,
                -154.40249633789062,
                -145.60122680664062
            ]
        },
        "5": {
            "uncertainty": [
                0.008800114504992962,
                0.032344236969947815,
                0.08952254056930542,
                0.06802999973297119,
                0.09496617317199707
            ],
            "llhs": [
                -108.48912811279297,
                -120.0193862915039,
                -159.48892211914062,
                -159.1719512939453,
                -162.902099609375
            ]
        },
        "6": {
            "uncertainty": [
                0.0028710756450891495,
                0.04704050347208977,
                0.08762379735708237,
                0.0980389267206192
            ],
            "llhs": [
                -97.86730194091797,
                -153.18199157714844,
                -173.28025817871094,
                -202.46458435058594
            ]
        },
        "7": {
            "uncertainty": [
                0.010980170220136642,
                0.028322406113147736,
                0.047934640198946
            ],
            "llhs": [
                -82.87554168701172,
                -104.271240234375,
                -102.40727233886719
            ]
        },
        "8": {
            "uncertainty": [
                0.01426458079367876,
                0.03757216036319733
            ],
            "llhs": [
                -116.53129577636719,
                -124.16517639160156
            ]
        },
        "9": {
            "uncertainty": [
                0.022649560123682022
            ],
            "llhs": [
                -90.30623626708984
            ]
        }
    }
}