{
    "config": {
        "algorithm_name": "LP",
        "num_tasks": 10,
        "epochs": 200,
        "lr": 0.0001,
        "hidden_dim": 500,
        "latent_dim": 50,
        "lambd": 10,
        "batch_size": 200,
        "seed": 102,
        "id": 3,
        "save_folder": "10_runs_gen_final"
    },
    "results": {
        "0": {
            "uncertainty": [
                0.001947772572748363,
                0.9030326008796692,
                0.7492349147796631,
                0.9387504458427429,
                0.5740166902542114,
                0.6849372386932373,
                0.611359179019928,
                0.5527873635292053,
                0.7812308669090271,
                0.7327015399932861
            ],
            "llhs": [
                -105.12434387207031,
                -453.4288024902344,
                -292.10107421875,
                -257.3118591308594,
                -249.32022094726562,
                -249.11386108398438,
                -238.96759033203125,
                -250.29518127441406,
                -252.57557678222656,
                -249.2850341796875
            ]
        },
        "1": {
            "uncertainty": [
                0.0018748687580227852,
                0.009877126663923264,
                0.020774850621819496,
                0.06277204304933548,
                0.0725148394703865,
                0.058524832129478455,
                0.057533103972673416,
                0.049384452402591705,
                0.04863062500953674
            ],
            "llhs": [
                -46.170448303222656,
                -64.84711456298828,
                -67.59832763671875,
                -82.27235412597656,
                -72.84505462646484,
                -70.61974334716797,
                -69.92703247070312,
                -72.3277359008789,
                -71.33580780029297
            ]
        },
        "2": {
            "uncertainty": [
                0.005167162045836449,
                0.11700581759214401,
                0.21494872868061066,
                0.2308691293001175,
                0.2034468948841095,
                0.34144291281700134,
                0.22665297985076904,
                0.20354613661766052
            ],
            "llhs": [
                -111.02484893798828,
                -150.28866577148438,
                -198.89891052246094,
                -186.26425170898438,
                -189.58160400390625,
                -232.39907836914062,
                -209.40606689453125,
                -205.09555053710938
            ]
        },
        "3": {
            "uncertainty": [
                0.005107325967401266,
                0.18310552835464478,
                0.4708181619644165,
                0.4649893343448639,
                0.25856396555900574,
                0.16906747221946716,
                0.18102991580963135
            ],
            "llhs": [
                -105.64974975585938,
                -171.921875,
                -154.28025817871094,
                -161.7103729248047,
                -199.4840545654297,
                -176.16700744628906,
                -173.8168487548828
            ]
        },
        "4": {
            "uncertainty": [
                0.003507718676701188,
                0.07018957287073135,
                0.06656264513731003,
                0.4287261962890625,
                0.4000069499015808,
                0.35124707221984863
            ],
            "llhs": [
                -96.0838623046875,
                -133.10067749023438,
                -146.8326416015625,
                -171.4370880126953,
                -174.64077758789062,
                -166.7278289794922
            ]
        },
        "5": {
            "uncertainty": [
                0.00561902392655611,
                0.03429972007870674,
                0.07361846417188644,
                0.08308087289333344,
                0.06720747798681259
            ],
            "llhs": [
                -106.78304290771484,
                -117.96871948242188,
                -151.6859588623047,
                -133.49562072753906,
                -132.77554321289062
            ]
        },
        "6": {
            "uncertainty": [
                0.0032056609634310007,
                0.12450334429740906,
                0.09993728995323181,
                0.08779985457658768
            ],
            "llhs": [
                -97.6729965209961,
                -153.30482482910156,
                -142.99050903320312,
                -139.14700317382812
            ]
        },
        "7": {
            "uncertainty": [
                0.008130891248583794,
                0.025815783068537712,
                0.02322850190103054
            ],
            "llhs": [
                -82.82865905761719,
                -94.0624771118164,
                -89.4688949584961
            ]
        },
        "8": {
            "uncertainty": [
                0.02354966476559639,
                0.026359038427472115
            ],
            "llhs": [
                -116.20158386230469,
                -117.25518035888672
            ]
        },
        "9": {
            "uncertainty": [
                0.00949853379279375
            ],
            "llhs": [
                -90.26005554199219
            ]
        }
    }
}