{
    "config": {
        "algorithm_name": "LP",
        "num_tasks": 10,
        "epochs": 200,
        "lr": 0.0001,
        "hidden_dim": 500,
        "latent_dim": 50,
        "lambd": 10,
        "batch_size": 200,
        "seed": 103,
        "id": 4,
        "save_folder": "10_runs_gen_final"
    },
    "results": {
        "0": {
            "uncertainty": [
                0.0005597746348939836,
                0.965012788772583,
                0.9687902331352234,
                1.0453479290008545,
                0.8306928277015686,
                1.0521599054336548,
                0.8441270589828491,
                0.7372311949729919,
                1.0297106504440308,
                1.0435433387756348
            ],
            "llhs": [
                -104.84605407714844,
                -548.84130859375,
                -368.941650390625,
                -348.66595458984375,
                -338.5594787597656,
                -329.11480712890625,
                -299.1775817871094,
                -304.5971984863281,
                -300.5306701660156,
                -306.4739685058594
            ]
        },
        "1": {
            "uncertainty": [
                0.0013194454368203878,
                0.00622454984113574,
                0.006238277070224285,
                0.026843484491109848,
                0.07063832879066467,
                0.10265769809484482,
                0.0810469463467598,
                0.0644865334033966,
                0.08972525596618652
            ],
            "llhs": [
                -46.386077880859375,
                -68.4002685546875,
                -74.34822845458984,
                -92.58720397949219,
                -85.05245971679688,
                -82.39476013183594,
                -75.65458679199219,
                -75.52066802978516,
                -80.79654693603516
            ]
        },
        "2": {
            "uncertainty": [
                0.0035531288012862206,
                0.04642103612422943,
                0.11777380108833313,
                0.19002863764762878,
                0.1586608588695526,
                0.30935952067375183,
                0.18237872421741486,
                0.2215789556503296
            ],
            "llhs": [
                -110.6500015258789,
                -126.83614349365234,
                -185.6040802001953,
                -182.13841247558594,
                -186.7500762939453,
                -217.49130249023438,
                -192.11314392089844,
                -234.08810424804688
            ]
        },
        "3": {
            "uncertainty": [
                0.005574091803282499,
                0.08900395035743713,
                0.42418158054351807,
                0.46150824427604675,
                0.28482577204704285,
                0.13810688257217407,
                0.21293886005878448
            ],
            "llhs": [
                -105.7646713256836,
                -166.4966278076172,
                -157.6649169921875,
                -184.4430389404297,
                -197.79205322265625,
                -176.1544647216797,
                -207.86219787597656
            ]
        },
        "4": {
            "uncertainty": [
                0.006848874501883984,
                0.048783015459775925,
                0.0836658924818039,
                0.13403449952602386,
                0.13528525829315186,
                0.1641731858253479
            ],
            "llhs": [
                -95.38672637939453,
                -116.2484359741211,
                -151.31082153320312,
                -153.9823760986328,
                -163.96376037597656,
                -161.2760009765625
            ]
        },
        "5": {
            "uncertainty": [
                0.007425139658153057,
                0.0788646712899208,
                0.07452373206615448,
                0.05781445652246475,
                0.10625077784061432
            ],
            "llhs": [
                -107.44312286376953,
                -129.0393524169922,
                -145.1808624267578,
                -140.6892547607422,
                -146.32302856445312
            ]
        },
        "6": {
            "uncertainty": [
                0.005116897169500589,
                0.06727452576160431,
                0.07937824726104736,
                0.07789972424507141
            ],
            "llhs": [
                -97.36518859863281,
                -141.38552856445312,
                -144.64407348632812,
                -166.1482391357422
            ]
        },
        "7": {
            "uncertainty": [
                0.007220054976642132,
                0.03326846659183502,
                0.06468619406223297
            ],
            "llhs": [
                -82.78682708740234,
                -103.35775756835938,
                -108.80464172363281
            ]
        },
        "8": {
            "uncertainty": [
                0.017785293981432915,
                0.024591131135821342
            ],
            "llhs": [
                -116.17304992675781,
                -123.57437896728516
            ]
        },
        "9": {
            "uncertainty": [
                0.00846697948873043
            ],
            "llhs": [
                -89.83051300048828
            ]
        }
    }
}