{
    "config": {
        "algorithm_name": "LP",
        "num_tasks": 10,
        "epochs": 200,
        "lr": 0.0001,
        "hidden_dim": 500,
        "latent_dim": 50,
        "lambd": 10,
        "batch_size": 200,
        "seed": 104,
        "id": 5,
        "save_folder": "10_runs_gen_final"
    },
    "results": {
        "0": {
            "uncertainty": [
                0.0026253359392285347,
                0.9197320938110352,
                1.051779866218567,
                1.1404533386230469,
                0.7751411199569702,
                0.8057880401611328,
                0.7840359210968018,
                0.9195098280906677,
                0.8733986020088196,
                0.8671229481697083
            ],
            "llhs": [
                -105.15099334716797,
                -614.7742919921875,
                -381.17889404296875,
                -349.17144775390625,
                -324.03533935546875,
                -315.3497314453125,
                -293.8226623535156,
                -329.5888366699219,
                -314.84130859375,
                -322.70452880859375
            ]
        },
        "1": {
            "uncertainty": [
                0.0020685268100351095,
                0.020055003464221954,
                0.02405117079615593,
                0.028624441474676132,
                0.045783840119838715,
                0.04498136416077614,
                0.047766003757715225,
                0.034165751188993454,
                0.05013112723827362
            ],
            "llhs": [
                -46.50682830810547,
                -75.90996551513672,
                -81.67545318603516,
                -88.40181732177734,
                -75.654541015625,
                -74.9468994140625,
                -74.0556411743164,
                -74.53756713867188,
                -75.08973693847656
            ]
        },
        "2": {
            "uncertainty": [
                0.00447413045912981,
                0.04845510423183441,
                0.10720883309841156,
                0.1914653331041336,
                0.16346357762813568,
                0.354208767414093,
                0.28991416096687317,
                0.32101091742515564
            ],
            "llhs": [
                -110.9819564819336,
                -131.0996856689453,
                -175.6033477783203,
                -163.506103515625,
                -163.6707000732422,
                -217.22389221191406,
                -195.89295959472656,
                -219.17115783691406
            ]
        },
        "3": {
            "uncertainty": [
                0.00231736502610147,
                0.048089999705553055,
                0.14816947281360626,
                0.1788843721151352,
                0.1318899393081665,
                0.11975818872451782,
                0.1441706120967865
            ],
            "llhs": [
                -105.40589141845703,
                -157.7481231689453,
                -140.0953369140625,
                -146.92225646972656,
                -195.82037353515625,
                -175.17962646484375,
                -190.95323181152344
            ]
        },
        "4": {
            "uncertainty": [
                0.006452494766563177,
                0.09605634212493896,
                0.061403121799230576,
                0.3851650357246399,
                0.2836703062057495,
                0.17345696687698364
            ],
            "llhs": [
                -96.06797790527344,
                -142.72027587890625,
                -144.7576446533203,
                -166.79405212402344,
                -155.32374572753906,
                -151.71585083007812
            ]
        },
        "5": {
            "uncertainty": [
                0.00433014752343297,
                0.012204324826598167,
                0.049816735088825226,
                0.030285591259598732,
                0.06179912015795708
            ],
            "llhs": [
                -107.13362121582031,
                -113.0901107788086,
                -138.39813232421875,
                -124.824462890625,
                -130.1062469482422
            ]
        },
        "6": {
            "uncertainty": [
                0.0027673484291881323,
                0.06872241944074631,
                0.03909744694828987,
                0.05444014072418213
            ],
            "llhs": [
                -97.89810180664062,
                -152.1461639404297,
                -130.64846801757812,
                -155.3013153076172
            ]
        },
        "7": {
            "uncertainty": [
                0.004374470561742783,
                0.009079870767891407,
                0.019265325739979744
            ],
            "llhs": [
                -82.73955535888672,
                -84.87666320800781,
                -91.98442077636719
            ]
        },
        "8": {
            "uncertainty": [
                0.013011222705245018,
                0.022411318495869637
            ],
            "llhs": [
                -116.73825073242188,
                -123.46845245361328
            ]
        },
        "9": {
            "uncertainty": [
                0.011366342194378376
            ],
            "llhs": [
                -89.89570617675781
            ]
        }
    }
}