{
    "config": {
        "algorithm_name": "LP",
        "num_tasks": 10,
        "epochs": 200,
        "lr": 0.0001,
        "hidden_dim": 500,
        "latent_dim": 50,
        "lambd": 10,
        "batch_size": 200,
        "seed": 105,
        "id": 6,
        "save_folder": "10_runs_gen_final"
    },
    "results": {
        "0": {
            "uncertainty": [
                0.0012911163503304124,
                1.0718814134597778,
                0.9112029075622559,
                1.1514465808868408,
                0.7699779868125916,
                0.7590316534042358,
                0.7803488373756409,
                0.712062656879425,
                0.7656158208847046,
                0.73185133934021
            ],
            "llhs": [
                -105.02409362792969,
                -643.3443603515625,
                -360.1909484863281,
                -330.5545349121094,
                -312.30194091796875,
                -291.5711669921875,
                -276.0161437988281,
                -290.3748474121094,
                -283.9101867675781,
                -282.8575744628906
            ]
        },
        "1": {
            "uncertainty": [
                0.0018111268291249871,
                0.005983808543533087,
                0.020078599452972412,
                0.053190842270851135,
                0.06953446567058563,
                0.08165393024682999,
                0.06501800566911697,
                0.07568971067667007,
                0.06734541058540344
            ],
            "llhs": [
                -46.455177307128906,
                -66.34999084472656,
                -71.83230590820312,
                -88.44017028808594,
                -77.86503601074219,
                -69.71844482421875,
                -72.00005340576172,
                -71.99311828613281,
                -73.0750732421875
            ]
        },
        "2": {
            "uncertainty": [
                0.006129883229732513,
                0.17226572334766388,
                0.23647792637348175,
                0.30001509189605713,
                0.26897677779197693,
                0.43163934350013733,
                0.3517096936702728,
                0.3542593717575073
            ],
            "llhs": [
                -111.05424499511719,
                -152.77098083496094,
                -217.15625,
                -202.01161193847656,
                -199.92926025390625,
                -246.47499084472656,
                -232.893310546875,
                -232.58981323242188
            ]
        },
        "3": {
            "uncertainty": [
                0.007893700152635574,
                0.08412575721740723,
                0.33085355162620544,
                0.41655564308166504,
                0.34751686453819275,
                0.30004388093948364,
                0.31906867027282715
            ],
            "llhs": [
                -105.40007019042969,
                -159.5228729248047,
                -149.86175537109375,
                -161.2655487060547,
                -201.03416442871094,
                -189.8871612548828,
                -188.83485412597656
            ]
        },
        "4": {
            "uncertainty": [
                0.006530666723847389,
                0.11952550709247589,
                0.1073596253991127,
                0.23862040042877197,
                0.20912450551986694,
                0.18607188761234283
            ],
            "llhs": [
                -96.05673217773438,
                -128.51068115234375,
                -144.06153869628906,
                -156.3795166015625,
                -152.96319580078125,
                -150.19625854492188
            ]
        },
        "5": {
            "uncertainty": [
                0.009460724890232086,
                0.034728534519672394,
                0.042190730571746826,
                0.0345148928463459,
                0.03440951183438301
            ],
            "llhs": [
                -107.36763763427734,
                -117.21671295166016,
                -131.7940216064453,
                -123.35517120361328,
                -123.01524353027344
            ]
        },
        "6": {
            "uncertainty": [
                0.003109245328232646,
                0.027143968269228935,
                0.01753920316696167,
                0.015679681673645973
            ],
            "llhs": [
                -97.86876678466797,
                -125.8702163696289,
                -118.1568832397461,
                -118.45606231689453
            ]
        },
        "7": {
            "uncertainty": [
                0.009184357710182667,
                0.011572243645787239,
                0.010044683702290058
            ],
            "llhs": [
                -82.98265075683594,
                -84.99279022216797,
                -86.72422790527344
            ]
        },
        "8": {
            "uncertainty": [
                0.01134756114333868,
                0.011289733462035656
            ],
            "llhs": [
                -116.8099136352539,
                -118.23027038574219
            ]
        },
        "9": {
            "uncertainty": [
                0.009967268444597721
            ],
            "llhs": [
                -90.37330627441406
            ]
        }
    }
}