{
    "config": {
        "algorithm_name": "EWC",
        "num_tasks": 10,
        "epochs": 20,
        "lr": 0.001,
        "hidden_dim": 100,
        "lambdas": [
            10,
            10,
            10,
            10,
            10,
            10,
            10,
            10,
            10,
            10
        ],
        "batch_size": 256,
        "single_head": true
    },
    "accuracies": [
        0.977400004863739,
        0.9056500196456909,
        0.9015333652496338,
        0.8956999778747559,
        0.8745399713516235,
        0.8304833173751831,
        0.8269142508506775,
        0.8248500227928162,
        0.7825888991355896,
        0.7695799469947815
    ],
    "seed": 2
}