{
    "config": {
        "algorithm_name": "EWC",
        "num_tasks": 10,
        "epochs": 20,
        "lr": 0.001,
        "hidden_dim": 100,
        "lambdas": [
            100,
            100,
            100,
            100,
            100,
            100,
            100,
            100,
            100,
            100
        ],
        "batch_size": 256,
        "single_head": true
    },
    "accuracies": [
        0.977400004863739,
        0.9437499642372131,
        0.9390999674797058,
        0.9244999885559082,
        0.9004400372505188,
        0.8728166818618774,
        0.8792428970336914,
        0.8715125322341919,
        0.8556777834892273,
        0.7252300381660461
    ],
    "seed": 2
}