{
    "config": {
        "algorithm_name": "EWC",
        "num_tasks": 10,
        "epochs": 20,
        "lr": 0.001,
        "hidden_dim": 100,
        "lambdas": [
            1,
            1,
            1,
            1,
            1,
            1,
            1,
            1,
            1,
            1
        ],
        "batch_size": 256,
        "single_head": true
    },
    "accuracies": [
        0.977400004863739,
        0.8577499985694885,
        0.7580999732017517,
        0.739799976348877,
        0.7155000567436218,
        0.6799333095550537,
        0.6729142665863037,
        0.6416500210762024,
        0.6429333090782166,
        0.6129400134086609
    ],
    "seed": 2
}