{
    "config": {
        "algorithm_name": "EWC",
        "num_tasks": 10,
        "epochs": 20,
        "lr": 0.001,
        "hidden_dim": 100,
        "lambdas": [
            100,
            100,
            100,
            100,
            100,
            100,
            100,
            100,
            100,
            100
        ],
        "batch_size": 256,
        "single_head": true
    },
    "accuracies": [
        0.9776999950408936,
        0.9218499660491943,
        0.9267666339874268,
        0.9180499315261841,
        0.905739963054657,
        0.9089499711990356,
        0.8847143054008484,
        0.874875009059906,
        0.8623999357223511,
        0.8480400443077087
    ],
    "seed": 5
}