{
    "config": {
        "algorithm_name": "EWC",
        "num_tasks": 10,
        "epochs": 20,
        "lr": 0.001,
        "hidden_dim": 100,
        "lambdas": [
            100,
            100,
            100,
            100,
            100,
            100,
            100,
            100,
            100,
            100
        ],
        "batch_size": 256,
        "single_head": true
    },
    "accuracies": [
        0.9734999537467957,
        0.9592499732971191,
        0.9126332998275757,
        0.8935499787330627,
        0.9026999473571777,
        0.8915333151817322,
        0.8876572251319885,
        0.8684625029563904,
        0.8531999588012695,
        0.8298299908638
    ],
    "seed": 4
}