{
    "config": {
        "algorithm_name": "EWC",
        "num_tasks": 10,
        "epochs": 20,
        "lr": 0.001,
        "hidden_dim": 100,
        "lambdas": [
            1000,
            1000,
            1000,
            1000,
            1000,
            1000,
            1000,
            1000,
            1000,
            1000
        ],
        "batch_size": 256,
        "single_head": true
    },
    "accuracies": [
        0.977400004863739,
        0.9689500331878662,
        0.9595999717712402,
        0.9372749328613281,
        0.9307199716567993,
        0.9063498973846436,
        0.6253857016563416,
        0.5643500089645386,
        0.602044403553009,
        0.5626200437545776
    ],
    "seed": 2
}