{
    "config": {
        "algorithm_name": "LP",
        "num_tasks": 10,
        "epochs": 20,
        "lr": 0.001,
        "hidden_dim": 100,
        "lambd": 0.1,
        "batch_size": 256,
        "single_head": true
    },
    "accuracies": [
        0.8733999729156494,
        0.8736000061035156,
        0.8691999912261963,
        0.855324923992157,
        0.8328800201416016,
        0.8091167211532593,
        0.7983428835868835,
        0.7953499555587769,
        0.7955999970436096,
        0.7727800011634827
    ],
    "seed": 2
}