{
    "config": {
        "algorithm_name": "LP",
        "num_tasks": 10,
        "epochs": 20,
        "lr": 0.001,
        "hidden_dim": 100,
        "lambd": 1,
        "batch_size": 256,
        "single_head": true
    },
    "accuracies": [
        0.17229999601840973,
        0.18645000457763672,
        0.29306668043136597,
        0.34597498178482056,
        0.32026001811027527,
        0.3948666751384735,
        0.39497143030166626,
        0.32987499237060547,
        0.3240889012813568,
        0.4085100293159485
    ],
    "seed": 2
}