{
    "config": {
        "algorithm_name": "LP",
        "num_tasks": 10,
        "epochs": 20,
        "lr": 0.001,
        "hidden_dim": 100,
        "lambd": 10,
        "batch_size": 256,
        "single_head": true
    },
    "accuracies": [
        0.0851999968290329,
        0.08554999530315399,
        0.09343333542346954,
        0.09497499465942383,
        0.09699999541044235,
        0.09748333692550659,
        0.09935714304447174,
        0.09991250187158585,
        0.097933329641819,
        0.09683000296354294
    ],
    "seed": 2
}