{
    "config": {
        "algorithm_name": "LP",
        "num_tasks": 10,
        "epochs": 20,
        "lr": 0.001,
        "hidden_dim": 100,
        "lambd": 100,
        "batch_size": 256,
        "single_head": true
    },
    "accuracies": [
        0.07729999721050262,
        0.08239999413490295,
        0.08863334357738495,
        0.08982499688863754,
        0.09013999998569489,
        0.09274999797344208,
        0.0949285700917244,
        0.09466249495744705,
        0.09295555204153061,
        0.09120000153779984
    ],
    "seed": 2
}