{
    "config": {
        "algorithm_name": "LP",
        "num_tasks": 10,
        "epochs": 20,
        "lr": 0.001,
        "hidden_dim": 100,
        "lambd": 0.1,
        "batch_size": 256,
        "single_head": true
    },
    "accuracies": [
        0.8772000074386597,
        0.8592499494552612,
        0.8619334101676941,
        0.8554749488830566,
        0.8598999977111816,
        0.8325166702270508,
        0.8086429238319397,
        0.8217499852180481,
        0.8061221837997437,
        0.7798500061035156
    ],
    "seed": 3
}