{
    "config": {
        "algorithm_name": "LP",
        "num_tasks": 10,
        "epochs": 20,
        "lr": 0.001,
        "hidden_dim": 100,
        "lambd": 0.1,
        "batch_size": 256,
        "single_head": true
    },
    "accuracies": [
        0.8678999543190002,
        0.8704999685287476,
        0.8723666667938232,
        0.8553999662399292,
        0.8343999981880188,
        0.7771999835968018,
        0.7785428762435913,
        0.7614749670028687,
        0.7497778534889221,
        0.7676799893379211
    ],
    "seed": 4
}