{
    "config": {
        "algorithm_name": "LP",
        "num_tasks": 10,
        "epochs": 20,
        "lr": 0.001,
        "hidden_dim": 100,
        "lambd": 0.1,
        "batch_size": 256,
        "single_head": true
    },
    "accuracies": [
        0.8800999522209167,
        0.8739500045776367,
        0.8677000403404236,
        0.8566999435424805,
        0.8428599238395691,
        0.8324167132377625,
        0.8258857131004333,
        0.800475001335144,
        0.8079111576080322,
        0.7864999771118164
    ],
    "seed": 5
}