{
    "config": {
        "algorithm_name": "SI",
        "num_tasks": 10,
        "epochs": 20,
        "lr": 0.001,
        "hidden_dim": 100,
        "c": 0.001,
        "damping_param": 0.001,
        "batch_size": 256,
        "single_head": true
    },
    "accuracies": [
        0.977400004863739,
        0.9146999716758728,
        0.824999988079071,
        0.8358750343322754,
        0.8080200552940369,
        0.7770500183105469,
        0.7545999884605408,
        0.7193999886512756,
        0.7151666283607483,
        0.686680018901825
    ],
    "seed": 2
}