{
    "config": {
        "algorithm_name": "SI",
        "num_tasks": 10,
        "epochs": 20,
        "lr": 0.001,
        "hidden_dim": 100,
        "c": 0.05,
        "damping_param": 1e-06,
        "batch_size": 256,
        "single_head": true,
        "seed": 4,
        "id": 10
    },
    "accuracies": [
        0.9734999537467957,
        0.9658499956130981,
        0.9514666795730591,
        0.9270249605178833,
        0.8524999618530273,
        0.8018500208854675,
        0.7108857035636902,
        0.6422249674797058,
        0.5816777348518372,
        0.530210018157959
    ],
    "seed": 4
}