{
    "config": {
        "algorithm_name": "SI",
        "num_tasks": 10,
        "epochs": 20,
        "lr": 0.001,
        "hidden_dim": 100,
        "c": 0.01,
        "damping_param": 0.001,
        "batch_size": 256,
        "single_head": true
    },
    "accuracies": [
        0.9750999808311462,
        0.9562999606132507,
        0.9381999969482422,
        0.9148749709129333,
        0.9052600264549255,
        0.8807833194732666,
        0.8501428365707397,
        0.8434749841690063,
        0.8455443978309631,
        0.8242599368095398
    ],
    "seed": 3
}