{
    "config": {
        "algorithm_name": "SI",
        "num_tasks": 10,
        "epochs": 20,
        "lr": 0.001,
        "hidden_dim": 100,
        "c": 0.1,
        "damping_param": 0.001,
        "batch_size": 256,
        "single_head": true
    },
    "accuracies": [
        0.977400004863739,
        0.9657999873161316,
        0.9383666515350342,
        0.8541250228881836,
        0.8677799105644226,
        0.8074166774749756,
        0.709514319896698,
        0.7009875178337097,
        0.6929444670677185,
        0.6774100065231323
    ],
    "seed": 2
}