{
    "config": {
        "algorithm_name": "SI",
        "num_tasks": 10,
        "epochs": 20,
        "lr": 0.001,
        "hidden_dim": 100,
        "c": 1,
        "damping_param": 0.001,
        "batch_size": 256,
        "single_head": true
    },
    "accuracies": [
        0.977400004863739,
        0.9651999473571777,
        0.9191999435424805,
        0.7829749584197998,
        0.7025999426841736,
        0.6117166876792908,
        0.5649285316467285,
        0.5285999774932861,
        0.48438888788223267,
        0.4473000168800354
    ],
    "seed": 2
}