{
    "config": {
        "algorithm_name": "SI",
        "num_tasks": 10,
        "epochs": 20,
        "lr": 0.001,
        "hidden_dim": 100,
        "c": 0.01,
        "damping_param": 0.001,
        "batch_size": 256,
        "single_head": true
    },
    "accuracies": [
        0.9734999537467957,
        0.9590499401092529,
        0.9374333620071411,
        0.844249963760376,
        0.8425199389457703,
        0.8537166118621826,
        0.8621571660041809,
        0.8474124670028687,
        0.8214444518089294,
        0.8167999386787415
    ],
    "seed": 4
}