{
    "config": {
        "algorithm_name": "SI",
        "num_tasks": 10,
        "epochs": 20,
        "lr": 0.001,
        "hidden_dim": 100,
        "c": 0.01,
        "damping_param": 0.001,
        "batch_size": 256,
        "single_head": true
    },
    "accuracies": [
        0.9776999950408936,
        0.959399938583374,
        0.9445666074752808,
        0.8782749772071838,
        0.8276200294494629,
        0.8258833289146423,
        0.8240570425987244,
        0.7971874475479126,
        0.7971777319908142,
        0.794469952583313
    ],
    "seed": 5
}