{
    "config": {
        "algorithm_name": "SI",
        "num_tasks": 10,
        "epochs": 20,
        "lr": 0.001,
        "hidden_dim": 100,
        "c": 0.5,
        "damping_param": 0.001,
        "batch_size": 256,
        "single_head": true
    },
    "accuracies": [
        0.9750999808311462,
        0.9571999311447144,
        0.9313666224479675,
        0.856249988079071,
        0.7798399925231934,
        0.7162833213806152,
        0.6660856604576111,
        0.6079750061035156,
        0.5562999844551086,
        0.5099500417709351
    ],
    "seed": 3
}