{
    "config": {
        "algorithm_name": "VI",
        "num_tasks": 10,
        "epochs": 100,
        "lr": 0.001,
        "hidden_dim": 100,
        "coreset_size": 0,
        "coreset_heuristic": "random",
        "batch_size": 256,
        "mode": "bernoulli",
        "single_head": true
    },
    "accuracies": [
        0.9817000031471252,
        0.9632999897003174,
        0.9639999866485596,
        0.9508749842643738,
        0.9382399916648865,
        0.9309000372886658,
        0.9282429218292236,
        0.9183499813079834,
        0.913800060749054,
        0.8990100026130676
    ],
    "seed": 2
}