{
    "config": {
        "algorithm_name": "EWC",
        "num_tasks": 10,
        "epochs": 200,
        "lr": 0.0001,
        "hidden_dim": 100,
        "lambdas": [
            100,
            100,
            100,
            100,
            100,
            100,
            100,
            100,
            100,
            100
        ],
        "batch_size": 256,
        "latent_dim": 50
    },
    "results": {
        "0": {
            "uncertainty": [
                0.009375891648232937,
                0.05561097338795662,
                0.07740111649036407,
                0.09214593470096588,
                0.06940025836229324,
                0.08460062742233276,
                0.08186482638120651,
                0.06487821787595749,
                0.07769228518009186,
                0.07620245218276978
            ],
            "llhs": [
                -123.6783218383789,
                -136.21119689941406,
                -142.38021850585938,
                -144.16824340820312,
                -145.82530212402344,
                -145.8923797607422,
                -144.8738250732422,
                -145.56533813476562,
                -147.06002807617188,
                -146.05845642089844
            ]
        },
        "1": {
            "uncertainty": [
                0.26759278774261475,
                0.31862586736679077,
                0.2919614613056183,
                0.2895468771457672,
                0.28507283329963684,
                0.3071824014186859,
                0.27378153800964355,
                0.28266507387161255,
                0.2805289626121521
            ],
            "llhs": [
                -62.62846374511719,
                -69.28121948242188,
                -70.32201385498047,
                -71.14376068115234,
                -70.63449096679688,
                -71.03202819824219,
                -71.68323516845703,
                -70.91875457763672,
                -71.62042999267578
            ]
        },
        "2": {
            "uncertainty": [
                0.07255677133798599,
                0.09331060200929642,
                0.11345378309488297,
                0.11184587329626083,
                0.11096522212028503,
                0.12069305032491684,
                0.1031021848320961,
                0.11249116063117981
            ],
            "llhs": [
                -144.6749725341797,
                -148.72999572753906,
                -151.26268005371094,
                -150.53016662597656,
                -151.26173400878906,
                -151.8406524658203,
                -151.2604522705078,
                -151.4091339111328
            ]
        },
        "3": {
            "uncertainty": [
                0.197846919298172,
                0.25264254212379456,
                0.24981991946697235,
                0.24652482569217682,
                0.23778310418128967,
                0.2370007336139679,
                0.24152430891990662
            ],
            "llhs": [
                -136.243408203125,
                -142.25204467773438,
                -140.36468505859375,
                -141.61412048339844,
                -142.291015625,
                -141.4785614013672,
                -141.68214416503906
            ]
        },
        "4": {
            "uncertainty": [
                0.15909512341022491,
                0.18659622967243195,
                0.1810232698917389,
                0.16706952452659607,
                0.1864733099937439,
                0.1673048585653305
            ],
            "llhs": [
                -131.7891387939453,
                -139.2120361328125,
                -138.72024536132812,
                -137.75582885742188,
                -138.36940002441406,
                -136.70526123046875
            ]
        },
        "5": {
            "uncertainty": [
                0.16278234124183655,
                0.2276667356491089,
                0.19750334322452545,
                0.21438148617744446,
                0.21057474613189697
            ],
            "llhs": [
                -140.76133728027344,
                -146.39315795898438,
                -146.3968505859375,
                -145.0065460205078,
                -145.4748077392578
            ]
        },
        "6": {
            "uncertainty": [
                0.17709705233573914,
                0.19895339012145996,
                0.21060937643051147,
                0.20343774557113647
            ],
            "llhs": [
                -129.12071228027344,
                -134.45237731933594,
                -134.6046905517578,
                -133.66505432128906
            ]
        },
        "7": {
            "uncertainty": [
                0.2759430706501007,
                0.3165689706802368,
                0.31907206773757935
            ],
            "llhs": [
                -115.33694458007812,
                -122.62957763671875,
                -121.85863494873047
            ]
        },
        "8": {
            "uncertainty": [
                0.15440672636032104,
                0.17138084769248962
            ],
            "llhs": [
                -150.38870239257812,
                -154.05833435058594
            ]
        },
        "9": {
            "uncertainty": [
                0.21616007387638092
            ],
            "llhs": [
                -122.0866928100586
            ]
        }
    }
}