{
    "config": {
        "algorithm_name": "LP",
        "num_tasks": 10,
        "epochs": 200,
        "lr": 0.0001,
        "hidden_dim": 500,
        "latent_dim": 50,
        "lambd": 200,
        "batch_size": 256
    },
    "results": {
        "0": {
            "uncertainty": [
                0.017263460904359818,
                0.1386302411556244,
                0.24296380579471588,
                0.3480478525161743,
                0.2768053412437439,
                0.29159408807754517,
                0.26798534393310547,
                0.2646225392818451,
                0.2740633189678192,
                0.2689351439476013
            ],
            "llhs": [
                -108.5531005859375,
                -123.42500305175781,
                -136.18836975097656,
                -140.33236694335938,
                -140.0206298828125,
                -140.9078369140625,
                -140.78079223632812,
                -140.56088256835938,
                -140.90650939941406,
                -141.60781860351562
            ]
        },
        "1": {
            "uncertainty": [
                0.014034135267138481,
                0.015747664496302605,
                0.02556108683347702,
                0.025650905445218086,
                0.029944051057100296,
                0.030751634389162064,
                0.028218530118465424,
                0.0287129208445549,
                0.02927592396736145
            ],
            "llhs": [
                -52.833717346191406,
                -55.06425094604492,
                -57.32038116455078,
                -59.52714157104492,
                -59.50369644165039,
                -60.41083526611328,
                -60.144859313964844,
                -59.732669830322266,
                -60.14420700073242
            ]
        },
        "2": {
            "uncertainty": [
                0.019716238602995872,
                0.05906979739665985,
                0.06430820375680923,
                0.069339320063591,
                0.06399499624967575,
                0.06326314806938171,
                0.06770969927310944,
                0.07469102740287781
            ],
            "llhs": [
                -121.03926849365234,
                -123.53643798828125,
                -125.31477355957031,
                -126.01146697998047,
                -126.74642944335938,
                -127.06781005859375,
                -126.697998046875,
                -127.57456970214844
            ]
        },
        "3": {
            "uncertainty": [
                0.01737968996167183,
                0.02582058683037758,
                0.041566405445337296,
                0.04778587445616722,
                0.04039471969008446,
                0.03729875385761261,
                0.045048996806144714
            ],
            "llhs": [
                -115.8506851196289,
                -117.96998596191406,
                -118.24390411376953,
                -118.84627532958984,
                -119.40809631347656,
                -119.24970245361328,
                -119.85472106933594
            ]
        },
        "4": {
            "uncertainty": [
                0.08132422715425491,
                0.06597074866294861,
                0.06420087069272995,
                0.06109866872429848,
                0.07040000706911087,
                0.059068381786346436
            ],
            "llhs": [
                -107.68575286865234,
                -108.36689758300781,
                -108.77413177490234,
                -108.75528717041016,
                -108.87944793701172,
                -108.67282104492188
            ]
        },
        "5": {
            "uncertainty": [
                0.04049435257911682,
                0.039850931614637375,
                0.04535026103258133,
                0.0465119294822216,
                0.04132737219333649
            ],
            "llhs": [
                -118.40753173828125,
                -118.8990707397461,
                -119.19281005859375,
                -118.80480194091797,
                -119.03861236572266
            ]
        },
        "6": {
            "uncertainty": [
                0.04248207435011864,
                0.046172600239515305,
                0.04423840343952179,
                0.04751503840088844
            ],
            "llhs": [
                -108.72865295410156,
                -109.1879653930664,
                -109.48087310791016,
                -109.7926254272461
            ]
        },
        "7": {
            "uncertainty": [
                0.11253684759140015,
                0.11470861732959747,
                0.10973796248435974
            ],
            "llhs": [
                -94.08824157714844,
                -94.4699935913086,
                -94.56643676757812
            ]
        },
        "8": {
            "uncertainty": [
                0.08071303367614746,
                0.0991949588060379
            ],
            "llhs": [
                -126.88812255859375,
                -127.21820831298828
            ]
        },
        "9": {
            "uncertainty": [
                0.0681363195180893
            ],
            "llhs": [
                -100.4429931640625
            ]
        }
    }
}