{
    "config": {
        "algorithm_name": "SI",
        "num_tasks": 10,
        "epochs": 200,
        "lr": 0.0001,
        "hidden_dim": 500,
        "latent_dim": 50,
        "c": 0.1,
        "damping_param": 0.001,
        "batch_size": 256
    },
    "results": {
        "0": {
            "uncertainty": [
                0.009428601711988449,
                0.558823823928833,
                0.5936784744262695,
                0.856163740158081,
                0.470051646232605,
                0.4801023304462433,
                0.4524924159049988,
                0.35378867387771606,
                0.4602735638618469,
                0.4959319829940796
            ],
            "llhs": [
                -108.98133087158203,
                -209.796142578125,
                -183.5695037841797,
                -178.0415802001953,
                -175.3472137451172,
                -164.99923706054688,
                -163.2362518310547,
                -162.521484375,
                -163.1466064453125,
                -168.3345489501953
            ]
        },
        "1": {
            "uncertainty": [
                0.00022550403082277626,
                0.03666459769010544,
                0.09055598825216293,
                0.1317487508058548,
                0.11899318546056747,
                0.1516331434249878,
                0.08537053316831589,
                0.0855371505022049,
                0.11185429245233536
            ],
            "llhs": [
                -50.00278091430664,
                -60.55021667480469,
                -67.11556243896484,
                -71.71464538574219,
                -66.8011703491211,
                -67.28407287597656,
                -68.9809799194336,
                -64.4429702758789,
                -68.91615295410156
            ]
        },
        "2": {
            "uncertainty": [
                0.01226627454161644,
                0.25042545795440674,
                0.16069792211055756,
                0.19689714908599854,
                0.1190851628780365,
                0.1468854397535324,
                0.1187877431511879,
                0.1870926320552826
            ],
            "llhs": [
                -118.4360122680664,
                -133.22445678710938,
                -142.0381317138672,
                -139.63449096679688,
                -137.4978485107422,
                -141.7064208984375,
                -136.5215301513672,
                -142.81617736816406
            ]
        },
        "3": {
            "uncertainty": [
                0.00427639065310359,
                0.09829685091972351,
                0.1572144478559494,
                0.1703462302684784,
                0.09523311257362366,
                0.08556994795799255,
                0.09700129181146622
            ],
            "llhs": [
                -111.6989517211914,
                -128.339111328125,
                -122.8519287109375,
                -129.88685607910156,
                -133.1073455810547,
                -125.96580505371094,
                -132.4248809814453
            ]
        },
        "4": {
            "uncertainty": [
                0.015981478616595268,
                0.04150136187672615,
                0.07471698522567749,
                0.10023299604654312,
                0.07205194979906082,
                0.10367094725370407
            ],
            "llhs": [
                -101.9988021850586,
                -107.95042419433594,
                -111.58135223388672,
                -111.2081298828125,
                -110.5390396118164,
                -108.34601593017578
            ]
        },
        "5": {
            "uncertainty": [
                0.016886385157704353,
                0.045569125562906265,
                0.0518919974565506,
                0.04203421249985695,
                0.06835483759641647
            ],
            "llhs": [
                -113.81393432617188,
                -119.56979370117188,
                -123.36259460449219,
                -118.47108459472656,
                -120.85101318359375
            ]
        },
        "6": {
            "uncertainty": [
                0.011286111548542976,
                0.0451025515794754,
                0.04798028990626335,
                0.0890936478972435
            ],
            "llhs": [
                -105.11093139648438,
                -111.7247543334961,
                -112.16390991210938,
                -117.04759979248047
            ]
        },
        "7": {
            "uncertainty": [
                0.020902235060930252,
                0.05208471417427063,
                0.05684804543852806
            ],
            "llhs": [
                -89.7203369140625,
                -93.2733154296875,
                -92.9982681274414
            ]
        },
        "8": {
            "uncertainty": [
                0.06475299596786499,
                0.12379664927721024
            ],
            "llhs": [
                -121.81416320800781,
                -124.53440856933594
            ]
        },
        "9": {
            "uncertainty": [
                0.03914825990796089
            ],
            "llhs": [
                -96.55962371826172
            ]
        }
    }
}