{
    "config": {
        "algorithm_name": "VI",
        "num_tasks": 10,
        "epochs": 200,
        "lr": 0.0001,
        "hidden_dim": 500,
        "latent_dim": 50,
        "coreset_size": 0,
        "coreset_heuristic": "random",
        "batch_size": 256
    },
    "results": {
        "0": {
            "uncertainty": [
                0.008428321219980717,
                0.2940361499786377,
                0.5293978452682495,
                0.9018754363059998,
                0.47798317670822144,
                0.6283568739891052,
                0.5957252979278564,
                0.4260871410369873,
                0.6032837629318237,
                0.6578361392021179
            ],
            "llhs": [
                -115.33040618896484,
                -158.15553283691406,
                -176.5436553955078,
                -187.4197998046875,
                -197.4550323486328,
                -179.28285217285156,
                -185.25772094726562,
                -190.77542114257812,
                -188.84170532226562,
                -200.27374267578125
            ]
        },
        "1": {
            "uncertainty": [
                0.001023123157210648,
                0.028472628444433212,
                0.1288224160671234,
                0.19676899909973145,
                0.16487333178520203,
                0.2233780175447464,
                0.07416444271802902,
                0.06273786723613739,
                0.1340802013874054
            ],
            "llhs": [
                -54.41999435424805,
                -65.84481811523438,
                -73.21528625488281,
                -88.24105834960938,
                -74.2338638305664,
                -78.02854919433594,
                -77.09349822998047,
                -69.63105010986328,
                NaN
            ]
        },
        "2": {
            "uncertainty": [
                0.009794208221137524,
                0.2929367423057556,
                0.21699084341526031,
                0.23431193828582764,
                0.14874273538589478,
                0.20355799794197083,
                0.15858547389507294,
                0.27751797437667847
            ],
            "llhs": [
                -125.94963073730469,
                -140.14344787597656,
                -154.44705200195312,
                -145.7048797607422,
                -146.78985595703125,
                -154.8681182861328,
                -142.7373046875,
                -155.6273193359375
            ]
        },
        "3": {
            "uncertainty": [
                0.004059918224811554,
                0.12652814388275146,
                0.20247815549373627,
                0.23158709704875946,
                0.08111964166164398,
                0.06978114694356918,
                0.08519839495420456
            ],
            "llhs": [
                -116.28691101074219,
                -141.99658203125,
                -129.14002990722656,
                -142.6998748779297,
                -148.68389892578125,
                -133.47097778320312,
                -146.6405029296875
            ]
        },
        "4": {
            "uncertainty": [
                0.010971182957291603,
                0.06763099133968353,
                0.1974073201417923,
                0.3023204207420349,
                0.16151410341262817,
                0.23138749599456787
            ],
            "llhs": [
                -105.87527465820312,
                -115.754638671875,
                -121.86314392089844,
                -121.10772705078125,
                -120.15230560302734,
                -114.16999053955078
            ]
        },
        "5": {
            "uncertainty": [
                0.014665435068309307,
                0.06880757212638855,
                0.10207074880599976,
                0.08878890424966812,
                0.13614057004451752
            ],
            "llhs": [
                -117.25129699707031,
                -128.1908416748047,
                -136.73594665527344,
                -126.2720718383789,
                -131.37515258789062
            ]
        },
        "6": {
            "uncertainty": [
                0.004022723995149136,
                0.166263148188591,
                0.09988196939229965,
                0.24183885753154755
            ],
            "llhs": [
                -107.66301727294922,
                -125.24739074707031,
                -126.10663604736328,
                -134.88038635253906
            ]
        },
        "7": {
            "uncertainty": [
                0.009522019885480404,
                0.10166680812835693,
                0.10677414387464523
            ],
            "llhs": [
                -92.07108306884766,
                -100.83897399902344,
                -98.3846206665039
            ]
        },
        "8": {
            "uncertainty": [
                0.054931480437517166,
                0.23180687427520752
            ],
            "llhs": [
                -123.78681945800781,
                -130.6483917236328
            ]
        },
        "9": {
            "uncertainty": [
                0.02891284041106701
            ],
            "llhs": [
                -97.71930694580078
            ]
        }
    }
}