{
    "config": {
        "algorithm_name": "VI",
        "num_tasks": 10,
        "epochs": 100,
        "lr": 0.001,
        "hidden_dim": 100,
        "coreset_size": 0,
        "coreset_heuristic": "random",
        "batch_size": 256,
        "mode": "regression",
        "single_head": true,
        "seed": 103,
        "id": 3,
        "save_folder": "10_runs_vi_final_regression"
    },
    "accuracies": [
        0.185918390750885,
        0.1942823827266693,
        0.19667421281337738,
        0.19672226905822754,
        0.1974882334470749,
        0.19947707653045654,
        0.19925446808338165,
        0.19846634566783905,
        0.20121416449546814,
        0.20402546226978302
    ],
    "seed": 103
}