{
    "config": {
        "algorithm_name": "VI",
        "num_tasks": 10,
        "epochs": 100,
        "lr": 0.001,
        "hidden_dim": 100,
        "coreset_size": 1000,
        "coreset_heuristic": "random",
        "batch_size": 256,
        "mode": "regression",
        "single_head": true,
        "seed": 100,
        "id": 5,
        "save_folder": "10_runs_vi_final_regression"
    },
    "accuracies": [
        0.18469645082950592,
        0.18830513954162598,
        0.18595121800899506,
        0.18692457675933838,
        0.18772843480110168,
        0.1895412802696228,
        0.19065384566783905,
        0.19383031129837036,
        0.1965593695640564,
        0.19878360629081726
    ],
    "seed": 100
}