{
    "config": {
        "algorithm_name": "VI",
        "num_tasks": 10,
        "epochs": 100,
        "lr": 0.001,
        "hidden_dim": 100,
        "coreset_size": 1000,
        "coreset_heuristic": "random",
        "batch_size": 256,
        "mode": "regression",
        "single_head": true,
        "seed": 101,
        "id": 6,
        "save_folder": "10_runs_vi_final_regression"
    },
    "accuracies": [
        0.18484832346439362,
        0.1893194019794464,
        0.18919599056243896,
        0.18944784998893738,
        0.19183559715747833,
        0.19304853677749634,
        0.19395987689495087,
        0.19558055698871613,
        0.19597560167312622,
        0.1986725926399231
    ],
    "seed": 101
}