{
    "config": {
        "algorithm_name": "VI",
        "num_tasks": 10,
        "epochs": 100,
        "lr": 0.001,
        "hidden_dim": 100,
        "coreset_size": 0,
        "coreset_heuristic": "random",
        "batch_size": 256,
        "mode": "bernoulli",
        "single_head": true,
        "seed": 100,
        "id": 0,
        "save_folder": "10_runs_vi_final"
    },
    "accuracies": [
        0.9820999503135681,
        0.9717999696731567,
        0.9644666910171509,
        0.9588249921798706,
        0.9548400044441223,
        0.9478666186332703,
        0.9347429275512695,
        0.925849974155426,
        0.9088444113731384,
        0.9087199568748474
    ],
    "seed": 100
}