{
    "config": {
        "algorithm_name": "VI",
        "num_tasks": 10,
        "epochs": 100,
        "lr": 0.001,
        "hidden_dim": 100,
        "coreset_size": 5000,
        "coreset_heuristic": "random",
        "batch_size": 256,
        "mode": "bernoulli",
        "single_head": true,
        "seed": 101,
        "id": 11,
        "save_folder": "10_runs_vi_final"
    },
    "accuracies": [
        0.9804999828338623,
        0.9757000207901001,
        0.9712666273117065,
        0.96875,
        0.9668599367141724,
        0.9650000333786011,
        0.9630714654922485,
        0.9607250094413757,
        0.958477795124054,
        0.9564799666404724
    ],
    "seed": 101
}