{
    "config": {
        "algorithm_name": "VI",
        "num_tasks": 10,
        "epochs": 100,
        "lr": 0.001,
        "hidden_dim": 100,
        "coreset_size": 200,
        "coreset_heuristic": "random",
        "batch_size": 256,
        "mode": "bernoulli",
        "single_head": true,
        "seed": 102,
        "id": 7,
        "save_folder": "10_runs_vi_final"
    },
    "accuracies": [
        0.9811999797821045,
        0.9682499766349792,
        0.9616333246231079,
        0.9584000110626221,
        0.9514399766921997,
        0.9490499496459961,
        0.9423286318778992,
        0.9353624582290649,
        0.9294999241828918,
        0.926349937915802
    ],
    "seed": 102
}