{
    "config": {
        "algorithm_name": "VI",
        "num_tasks": 10,
        "epochs": 100,
        "lr": 0.001,
        "hidden_dim": 100,
        "coreset_size": 200,
        "coreset_heuristic": "random",
        "batch_size": 256,
        "mode": "bernoulli",
        "single_head": true,
        "seed": 103,
        "id": 8,
        "save_folder": "10_runs_vi_final"
    },
    "accuracies": [
        0.9805999994277954,
        0.974399983882904,
        0.9695333242416382,
        0.9654250144958496,
        0.9603800177574158,
        0.957466721534729,
        0.9536714553833008,
        0.9493124485015869,
        0.9429444074630737,
        0.9351699948310852
    ],
    "seed": 103
}