{
    "config": {
        "algorithm_name": "SI",
        "num_tasks": 10,
        "epochs": 20,
        "lr": 0.001,
        "hidden_dim": 100,
        "c": 0.5,
        "damping_param": 0.1,
        "batch_size": 256,
        "single_head": true,
        "seed": 101,
        "id": 1,
        "save_folder": "10_runs_SI"
    },
    "accuracies": [
        0.9747999906539917,
        0.958299994468689,
        0.910266637802124,
        0.8950499296188354,
        0.8960199356079102,
        0.8878833651542664,
        0.8754285573959351,
        0.8757500052452087,
        0.873711109161377,
        0.8609899878501892
    ],
    "seed": 101
}