{
    "config": {
        "algorithm_name": "SI",
        "num_tasks": 10,
        "epochs": 20,
        "lr": 0.001,
        "hidden_dim": 100,
        "c": 0.5,
        "damping_param": 0.1,
        "batch_size": 256,
        "single_head": true,
        "seed": 104,
        "id": 4,
        "save_folder": "10_runs_SI"
    },
    "accuracies": [
        0.9763000011444092,
        0.9702500104904175,
        0.9169000387191772,
        0.9070999622344971,
        0.8957999348640442,
        0.8894667029380798,
        0.8701286315917969,
        0.8462499976158142,
        0.8399999737739563,
        0.8403900265693665
    ],
    "seed": 104
}