{
    "config": {
        "algorithm_name": "SI",
        "num_tasks": 10,
        "epochs": 20,
        "lr": 0.001,
        "hidden_dim": 100,
        "c": 0.5,
        "damping_param": 0.1,
        "batch_size": 256,
        "single_head": true,
        "seed": 109,
        "id": 9,
        "save_folder": "10_runs_SI"
    },
    "accuracies": [
        0.9776999950408936,
        0.9574999809265137,
        0.940833330154419,
        0.9234999418258667,
        0.921019971370697,
        0.9011332988739014,
        0.8891428709030151,
        0.8790999054908752,
        0.8756999969482422,
        0.8693599700927734
    ],
    "seed": 109
}