{
    "config": {
        "algorithm_name": "VI",
        "num_tasks": 10,
        "epochs": 100,
        "lr": 0.001,
        "hidden_dim": 100,
        "coreset_size": 0,
        "coreset_heuristic": "random",
        "batch_size": 256,
        "mode": "regression",
        "single_head": true,
        "seed": 100,
        "id": 0,
        "save_folder": "10_runs_vi_final_regression"
    },
    "accuracies": [
        0.18411070108413696,
        0.1934916377067566,
        0.19192154705524445,
        0.19295799732208252,
        0.19463129341602325,
        0.19600993394851685,
        0.19775161147117615,
        0.20172470808029175,
        0.2035583257675171,
        0.20483803749084473
    ],
    "seed": 100
}