{
    "config": {
        "algorithm_name": "VI",
        "num_tasks": 10,
        "epochs": 100,
        "lr": 0.001,
        "hidden_dim": 100,
        "coreset_size": 0,
        "coreset_heuristic": "random",
        "batch_size": 256,
        "mode": "regression",
        "single_head": true,
        "seed": 102,
        "id": 2,
        "save_folder": "10_runs_vi_final_regression"
    },
    "accuracies": [
        0.1849428415298462,
        0.1940832883119583,
        0.19857792556285858,
        0.19656065106391907,
        0.2007065713405609,
        0.2002050131559372,
        0.20260252058506012,
        0.20374125242233276,
        0.2037329077720642,
        0.2059134989976883
    ],
    "seed": 102
}