{
    "config": {
        "algorithm_name": "VI",
        "num_tasks": 10,
        "epochs": 100,
        "lr": 0.001,
        "hidden_dim": 100,
        "coreset_size": 0,
        "coreset_heuristic": "random",
        "batch_size": 256,
        "mode": "regression",
        "single_head": true,
        "seed": 104,
        "id": 4,
        "save_folder": "10_runs_vi_final_regression"
    },
    "accuracies": [
        0.1845177859067917,
        0.19087250530719757,
        0.19546209275722504,
        0.19616878032684326,
        0.19672182202339172,
        0.19783665239810944,
        0.20090775191783905,
        0.20396898686885834,
        0.20441828668117523,
        0.2054232805967331
    ],
    "seed": 104
}