{
    "config": {
        "algorithm_name": "VI",
        "num_tasks": 10,
        "epochs": 100,
        "lr": 0.001,
        "hidden_dim": 100,
        "coreset_size": 1000,
        "coreset_heuristic": "random",
        "batch_size": 256,
        "mode": "regression",
        "single_head": true,
        "seed": 103,
        "id": 8,
        "save_folder": "10_runs_vi_final_regression"
    },
    "accuracies": [
        0.18448130786418915,
        0.19037333130836487,
        0.191999152302742,
        0.19124571979045868,
        0.1926383674144745,
        0.19434352219104767,
        0.1940361112356186,
        0.19440202414989471,
        0.19640278816223145,
        0.1985177993774414
    ],
    "seed": 103
}