{
    "config": {
        "algorithm_name": "VI",
        "num_tasks": 10,
        "epochs": 100,
        "lr": 0.001,
        "hidden_dim": 100,
        "coreset_size": 1000,
        "coreset_heuristic": "random",
        "batch_size": 256,
        "mode": "regression",
        "single_head": true,
        "seed": 104,
        "id": 9,
        "save_folder": "10_runs_vi_final_regression"
    },
    "accuracies": [
        0.18403677642345428,
        0.18773582577705383,
        0.189496710896492,
        0.18861407041549683,
        0.18975698947906494,
        0.19027729332447052,
        0.19245927035808563,
        0.19460582733154297,
        0.19557493925094604,
        0.19735610485076904
    ],
    "seed": 104
}