{
    "config": {
        "algorithm_name": "LP",
        "num_tasks": 10,
        "epochs": 100,
        "lr": 0.001,
        "hidden_dim": 100,
        "lambd": 1000,
        "batch_size": 256,
        "single_head": true
    },
    "accuracies": [
        0.979699969291687,
        0.5376499891281128,
        0.399566650390625,
        0.3224000036716461,
        0.2826000154018402,
        0.256033331155777,
        0.22988571226596832,
        0.21677498519420624,
        0.20144444704055786,
        0.19325998425483704
    ]
}