{
    "config": {
        "algorithm_name": "SI",
        "num_tasks": 10,
        "epochs": 100,
        "lr": 0.001,
        "hidden_dim": 100,
        "c": 0.05,
        "damping_param": 0.001,
        "batch_size": 256,
        "single_head": true
    },
    "accuracies": [
        0.979699969291687,
        0.9712499380111694,
        0.9381333589553833,
        0.9068249464035034,
        0.8669399619102478,
        0.815250039100647,
        0.7380715012550354,
        0.611299991607666,
        0.5246555209159851,
        0.47056999802589417
    ]
}