{
    "config": {
        "algorithm_name": "VI",
        "num_tasks": 10,
        "epochs": 100,
        "lr": 0.001,
        "hidden_dim": 100,
        "coreset_size": 0,
        "coreset_heuristic": "random",
        "batch_size": 256,
        "mode": "bernoulli",
        "single_head": true
    },
    "accuracies": [
        0.983199954032898,
        0.9690999984741211,
        0.9525333642959595,
        0.929599940776825,
        0.9273599982261658,
        0.927983283996582,
        0.9137427806854248,
        0.9058125019073486,
        0.8870111107826233,
        0.8498900532722473
    ]
}