{
    "config": {
        "algorithm_name": "VI",
        "num_tasks": 10,
        "epochs": 200,
        "lr": 0.0001,
        "hidden_dim": 500,
        "latent_dim": 50,
        "coreset_size": 0,
        "coreset_heuristic": "random",
        "batch_size": 256,
        "seed": 102,
        "id": 2,
        "save_folder": "results/generative/10_runs_gen_vi_final"
    },
    "results": {
        "0": {
            "uncertainty": [
                0.0004353953117970377,
                0.3943658769130707,
                0.6081562638282776,
                1.217037320137024,
                0.5999211668968201,
                0.8707099556922913,
                0.6575321555137634,
                0.33902063965797424,
                0.559169590473175,
                0.6922155022621155
            ],
            "llhs": [
                -148.21697998046875,
                -213.51361083984375,
                -240.97425842285156,
                -255.34249877929688,
                -261.5753479003906,
                -249.36175537109375,
                -244.579345703125,
                -257.2880554199219,
                -262.3320007324219,
                -281.5490417480469
            ]
        },
        "1": {
            "uncertainty": [
                0.00033444722066633403,
                0.06440901756286621,
                0.053965892642736435,
                0.1345842480659485,
                0.11463630944490433,
                0.2775925099849701,
                0.0786161720752716,
                0.05786672234535217,
                0.06882636249065399
            ],
            "llhs": [
                -57.51660919189453,
                -80.97075653076172,
                -90.78599548339844,
                -100.4085693359375,
                -97.02777862548828,
                -117.6821060180664,
                -99.29708099365234,
                -89.09365844726562,
                -97.01348876953125
            ]
        },
        "2": {
            "uncertainty": [
                0.0024746304843574762,
                0.5172565579414368,
                0.4458441436290741,
                0.4876590669155121,
                0.5035222768783569,
                0.34012478590011597,
                0.19363155961036682,
                0.3866030275821686
            ],
            "llhs": [
                -135.97450256347656,
                -166.77381896972656,
                -206.919921875,
                -193.431396484375,
                -212.367431640625,
                -211.25843811035156,
                -188.84756469726562,
                -207.16038513183594
            ]
        },
        "3": {
            "uncertainty": [
                0.0016921096248552203,
                0.37515485286712646,
                0.4711496829986572,
                0.5307499766349792,
                0.13555681705474854,
                0.12036110460758209,
                0.15222708880901337
            ],
            "llhs": [
                -121.06855773925781,
                -177.36891174316406,
                -150.0071563720703,
                -185.4519500732422,
                -183.35467529296875,
                -163.33116149902344,
                -176.62339782714844
            ]
        },
        "4": {
            "uncertainty": [
                0.006265839096158743,
                0.16779294610023499,
                0.49255311489105225,
                0.3707972764968872,
                0.20427322387695312,
                0.30777543783187866
            ],
            "llhs": [
                -105.75382995605469,
                -132.8367462158203,
                -149.9110107421875,
                -140.56082153320312,
                -142.82659912109375,
                -132.17105102539062
            ]
        },
        "5": {
            "uncertainty": [
                0.004623460583388805,
                0.177818164229393,
                0.10274016112089157,
                0.14817079901695251,
                0.2206375002861023
            ],
            "llhs": [
                -117.83467102050781,
                -147.3419647216797,
                -159.8388214111328,
                -143.95884704589844,
                -149.99769592285156
            ]
        },
        "6": {
            "uncertainty": [
                0.0030187400989234447,
                0.187120258808136,
                0.1619604229927063,
                0.3263341188430786
            ],
            "llhs": [
                -106.42887115478516,
                -132.35951232910156,
                -138.8694610595703,
                -151.0430145263672
            ]
        },
        "7": {
            "uncertainty": [
                0.0073178671300411224,
                0.08091984689235687,
                0.11092045903205872
            ],
            "llhs": [
                -89.16059112548828,
                -106.36119079589844,
                -105.09334564208984
            ]
        },
        "8": {
            "uncertainty": [
                0.010766735300421715,
                0.21143952012062073
            ],
            "llhs": [
                -122.6312026977539,
                -136.92613220214844
            ]
        },
        "9": {
            "uncertainty": [
                0.011881507933139801
            ],
            "llhs": [
                -94.1880874633789
            ]
        }
    }
}