{
    "config": {
        "algorithm_name": "VI",
        "num_tasks": 10,
        "epochs": 200,
        "lr": 0.0001,
        "hidden_dim": 500,
        "latent_dim": 50,
        "coreset_size": 0,
        "coreset_heuristic": "random",
        "batch_size": 256,
        "seed": 103,
        "id": 3,
        "save_folder": "results/generative/10_runs_gen_vi_final"
    },
    "results": {
        "0": {
            "uncertainty": [
                0.0006197309121489525,
                0.44200146198272705,
                0.7200050354003906,
                1.4299758672714233,
                0.6455614566802979,
                1.0565565824508667,
                0.710616946220398,
                0.407561719417572,
                0.697298526763916,
                0.8045099973678589
            ],
            "llhs": [
                -141.3571014404297,
                -195.19952392578125,
                -249.41651916503906,
                -263.1203918457031,
                -261.81085205078125,
                -246.58917236328125,
                -245.4521484375,
                -254.36618041992188,
                -262.15545654296875,
                -276.4090881347656
            ]
        },
        "1": {
            "uncertainty": [
                0.00017501506954431534,
                0.0268391165882349,
                0.06138359382748604,
                0.11705023795366287,
                0.13177429139614105,
                0.20132987201213837,
                0.05617651343345642,
                0.03126170486211777,
                0.06013903021812439
            ],
            "llhs": [
                -57.247337341308594,
                -75.2825927734375,
                -87.96358489990234,
                -97.12739562988281,
                -95.91710662841797,
                -110.56367492675781,
                -100.55716705322266,
                -87.69743347167969,
                -95.97179412841797
            ]
        },
        "2": {
            "uncertainty": [
                0.002873149001970887,
                0.5376113653182983,
                0.4742646813392639,
                0.5607953667640686,
                0.5418456196784973,
                0.3707822263240814,
                0.22647438943386078,
                0.46688640117645264
            ],
            "llhs": [
                -136.00843811035156,
                -167.9346923828125,
                -211.34503173828125,
                -203.8824920654297,
                -216.88705444335938,
                -228.92916870117188,
                -201.7712860107422,
                -222.44674682617188
            ]
        },
        "3": {
            "uncertainty": [
                0.002924255793914199,
                0.4554903209209442,
                0.44164228439331055,
                0.5200204253196716,
                0.16465124487876892,
                0.12637010216712952,
                0.17848090827465057
            ],
            "llhs": [
                -120.01004028320312,
                -180.27752685546875,
                -151.60435485839844,
                -183.9228515625,
                -193.6954803466797,
                -165.88470458984375,
                -181.69866943359375
            ]
        },
        "4": {
            "uncertainty": [
                0.0034476725850254297,
                0.17985528707504272,
                0.41510307788848877,
                0.36210235953330994,
                0.20707714557647705,
                0.30748310685157776
            ],
            "llhs": [
                -105.32440948486328,
                -131.6295166015625,
                -148.25567626953125,
                -140.0052490234375,
                -140.12203979492188,
                -131.56642150878906
            ]
        },
        "5": {
            "uncertainty": [
                0.003813456976786256,
                0.1498771607875824,
                0.13360191881656647,
                0.13921090960502625,
                0.2220713347196579
            ],
            "llhs": [
                -117.4170913696289,
                -139.05702209472656,
                -156.96238708496094,
                -140.56643676757812,
                -148.8297576904297
            ]
        },
        "6": {
            "uncertainty": [
                0.00197588256560266,
                0.1664019525051117,
                0.14612215757369995,
                0.2977670133113861
            ],
            "llhs": [
                -106.46222686767578,
                -132.1032257080078,
                -138.18272399902344,
                -152.7915802001953
            ]
        },
        "7": {
            "uncertainty": [
                0.006401528138667345,
                0.08530983328819275,
                0.11948700994253159
            ],
            "llhs": [
                -88.97901153564453,
                -105.74097442626953,
                -105.34949493408203
            ]
        },
        "8": {
            "uncertainty": [
                0.008437823504209518,
                0.16479581594467163
            ],
            "llhs": [
                -122.42559051513672,
                -133.4273223876953
            ]
        },
        "9": {
            "uncertainty": [
                0.010964169166982174
            ],
            "llhs": [
                -93.6388931274414
            ]
        }
    }
}