{
    "config": {
        "algorithm_name": "VI",
        "num_tasks": 10,
        "epochs": 200,
        "lr": 0.0001,
        "hidden_dim": 500,
        "latent_dim": 50,
        "coreset_size": 0,
        "coreset_heuristic": "random",
        "batch_size": 256,
        "seed": 105,
        "id": 5,
        "save_folder": "results/generative/10_runs_gen_vi_final"
    },
    "results": {
        "0": {
            "uncertainty": [
                0.0003350882907398045,
                0.36050736904144287,
                0.6696794629096985,
                1.2846784591674805,
                0.6335735321044922,
                1.0117225646972656,
                0.7009255886077881,
                0.3365881145000458,
                0.5877645611763,
                0.668912947177887
            ],
            "llhs": [
                -147.75503540039062,
                -215.83743286132812,
                -239.6330108642578,
                -251.48741149902344,
                -252.76400756835938,
                -241.75904846191406,
                -238.26187133789062,
                -248.8724365234375,
                -253.33660888671875,
                -268.34130859375
            ]
        },
        "1": {
            "uncertainty": [
                0.00017120709526352584,
                0.04525576904416084,
                0.06372316926717758,
                0.1281880885362625,
                0.10472359508275986,
                0.24533256888389587,
                0.060940228402614594,
                0.04494094103574753,
                0.062406670302152634
            ],
            "llhs": [
                -57.35261154174805,
                -76.88755798339844,
                -88.63764190673828,
                -98.74525451660156,
                -93.56869506835938,
                -109.02481842041016,
                -94.45802307128906,
                -83.42868041992188,
                -92.93025970458984
            ]
        },
        "2": {
            "uncertainty": [
                0.0034566749818623066,
                0.5100396275520325,
                0.4833779036998749,
                0.5028582811355591,
                0.44293123483657837,
                0.3588847517967224,
                0.18233729898929596,
                0.4051468074321747
            ],
            "llhs": [
                -136.72482299804688,
                -169.20526123046875,
                -210.81756591796875,
                -198.13247680664062,
                -210.90060424804688,
                -217.59170532226562,
                -198.23854064941406,
                -213.71319580078125
            ]
        },
        "3": {
            "uncertainty": [
                0.0015613122377544641,
                0.4241911470890045,
                0.4713844954967499,
                0.48309949040412903,
                0.16521106660366058,
                0.14063654839992523,
                0.1877051740884781
            ],
            "llhs": [
                -121.14514923095703,
                -176.77230834960938,
                -150.44883728027344,
                -182.39186096191406,
                -187.2396240234375,
                -167.16390991210938,
                -183.07107543945312
            ]
        },
        "4": {
            "uncertainty": [
                0.005066034849733114,
                0.2188485711812973,
                0.43876054883003235,
                0.42121151089668274,
                0.22267967462539673,
                0.35696399211883545
            ],
            "llhs": [
                -105.51653289794922,
                -135.3135223388672,
                -150.2587432861328,
                -141.32632446289062,
                -145.03570556640625,
                -134.85243225097656
            ]
        },
        "5": {
            "uncertainty": [
                0.002131054177880287,
                0.11892593652009964,
                0.12582263350486755,
                0.12346111983060837,
                0.19027583301067352
            ],
            "llhs": [
                -117.79794311523438,
                -140.36007690429688,
                -155.1494140625,
                -141.2241668701172,
                -146.99107360839844
            ]
        },
        "6": {
            "uncertainty": [
                0.0030458003748208284,
                0.22169345617294312,
                0.17441071569919586,
                0.3764301836490631
            ],
            "llhs": [
                -106.56627655029297,
                -135.05572509765625,
                -139.0076141357422,
                -153.62889099121094
            ]
        },
        "7": {
            "uncertainty": [
                0.006875838153064251,
                0.09373357146978378,
                0.11930057406425476
            ],
            "llhs": [
                -88.86095428466797,
                -106.9583740234375,
                -105.76173400878906
            ]
        },
        "8": {
            "uncertainty": [
                0.009618998505175114,
                0.16543559730052948
            ],
            "llhs": [
                -122.537841796875,
                -133.0564422607422
            ]
        },
        "9": {
            "uncertainty": [
                0.005148264113813639
            ],
            "llhs": [
                -93.96044158935547
            ]
        }
    }
}