{
    "config": {
        "algorithm_name": "VI",
        "num_tasks": 10,
        "epochs": 200,
        "lr": 0.0001,
        "hidden_dim": 500,
        "latent_dim": 50,
        "coreset_size": 0,
        "coreset_heuristic": "random",
        "batch_size": 256,
        "seed": 106,
        "id": 6,
        "save_folder": "results/generative/10_runs_gen_vi_final"
    },
    "results": {
        "0": {
            "uncertainty": [
                0.00046184787061065435,
                0.35298535227775574,
                0.6431178450584412,
                1.2000726461410522,
                0.672258734703064,
                0.9287302494049072,
                0.6545262336730957,
                0.34063974022865295,
                0.523294985294342,
                0.7110453844070435
            ],
            "llhs": [
                -148.57127380371094,
                -209.7033233642578,
                -234.40565490722656,
                -250.10543823242188,
                -254.94459533691406,
                -243.24618530273438,
                -234.7451934814453,
                -250.83026123046875,
                -251.18312072753906,
                -270.6733093261719
            ]
        },
        "1": {
            "uncertainty": [
                0.00017713039414957166,
                0.05365543067455292,
                0.06265050172805786,
                0.11273002624511719,
                0.08144043385982513,
                0.21688836812973022,
                0.05571328103542328,
                0.037299785763025284,
                0.050300437957048416
            ],
            "llhs": [
                -57.392452239990234,
                -77.62995910644531,
                -89.02154541015625,
                -97.4472885131836,
                -92.39501190185547,
                -107.05223846435547,
                -96.22959899902344,
                -83.52958679199219,
                -94.25605010986328
            ]
        },
        "2": {
            "uncertainty": [
                0.0035913707688450813,
                0.5890622138977051,
                0.4956100583076477,
                0.5984032154083252,
                0.5817440152168274,
                0.3880196213722229,
                0.22625590860843658,
                0.5203794836997986
            ],
            "llhs": [
                -136.19320678710938,
                -170.0653533935547,
                -209.16119384765625,
                -201.12266540527344,
                -216.04734802246094,
                -224.14183044433594,
                -197.9885711669922,
                -219.8734588623047
            ]
        },
        "3": {
            "uncertainty": [
                0.0022599920630455017,
                0.41918420791625977,
                0.4631367027759552,
                0.506835401058197,
                0.17755571007728577,
                0.12454839795827866,
                0.22081439197063446
            ],
            "llhs": [
                -120.95623016357422,
                -177.86627197265625,
                -150.76898193359375,
                -183.59860229492188,
                -189.5185089111328,
                -164.15298461914062,
                -180.1838836669922
            ]
        },
        "4": {
            "uncertainty": [
                0.0038195662200450897,
                0.19441770017147064,
                0.3820662498474121,
                0.4427643418312073,
                0.25485581159591675,
                0.41235658526420593
            ],
            "llhs": [
                -105.30876159667969,
                -132.65379333496094,
                -146.9625701904297,
                -143.73968505859375,
                -141.97055053710938,
                -132.93833923339844
            ]
        },
        "5": {
            "uncertainty": [
                0.0036584013141691685,
                0.12463750690221786,
                0.10616861283779144,
                0.11300726979970932,
                0.19507397711277008
            ],
            "llhs": [
                -117.70350646972656,
                -140.0153045654297,
                -156.45689392089844,
                -139.69833374023438,
                -145.67529296875
            ]
        },
        "6": {
            "uncertainty": [
                0.001910212798975408,
                0.14772790670394897,
                0.15013819932937622,
                0.33072468638420105
            ],
            "llhs": [
                -106.39854431152344,
                -130.9874725341797,
                -135.09780883789062,
                -148.34523010253906
            ]
        },
        "7": {
            "uncertainty": [
                0.005384108051657677,
                0.09701945632696152,
                0.10984545946121216
            ],
            "llhs": [
                -89.1595230102539,
                -105.71759796142578,
                -104.70647430419922
            ]
        },
        "8": {
            "uncertainty": [
                0.013580868020653725,
                0.17999351024627686
            ],
            "llhs": [
                -122.57960510253906,
                -135.11949157714844
            ]
        },
        "9": {
            "uncertainty": [
                0.014387207105755806
            ],
            "llhs": [
                -93.97584533691406
            ]
        }
    }
}