{
    "config": {
        "algorithm_name": "VI",
        "num_tasks": 10,
        "epochs": 200,
        "lr": 0.0001,
        "hidden_dim": 500,
        "latent_dim": 50,
        "coreset_size": 0,
        "coreset_heuristic": "random",
        "batch_size": 256,
        "seed": 107,
        "id": 7,
        "save_folder": "results/generative/10_runs_gen_vi_final"
    },
    "results": {
        "0": {
            "uncertainty": [
                0.0004046594549436122,
                0.3947904109954834,
                0.6528372168540955,
                1.4318702220916748,
                0.7724778056144714,
                1.218704104423523,
                0.7415428161621094,
                0.3840465843677521,
                0.7498353123664856,
                0.8506046533584595
            ],
            "llhs": [
                -148.32762145996094,
                -213.5832061767578,
                -236.3125762939453,
                -253.23085021972656,
                -261.8247375488281,
                -248.85499572753906,
                -242.17288208007812,
                -250.9070587158203,
                -259.6286315917969,
                -278.3574523925781
            ]
        },
        "1": {
            "uncertainty": [
                0.00016706850146874785,
                0.0473942905664444,
                0.1321193128824234,
                0.14227145910263062,
                0.12946811318397522,
                0.19776572287082672,
                0.04648631066083908,
                0.04152723029255867,
                0.07637851685285568
            ],
            "llhs": [
                -57.45048904418945,
                -76.09666442871094,
                -91.77088928222656,
                -99.75639343261719,
                -98.22904205322266,
                -108.68907928466797,
                -96.43858337402344,
                -85.29341125488281,
                -94.35945129394531
            ]
        },
        "2": {
            "uncertainty": [
                0.0025302174035459757,
                0.5274876356124878,
                0.4548453092575073,
                0.5578330755233765,
                0.5378312468528748,
                0.34223473072052,
                0.2039221078157425,
                0.46533066034317017
            ],
            "llhs": [
                -135.7770233154297,
                -167.90179443359375,
                -205.44943237304688,
                -197.4180908203125,
                -212.30911254882812,
                -214.25462341308594,
                -191.86158752441406,
                -206.774658203125
            ]
        },
        "3": {
            "uncertainty": [
                0.001724035362713039,
                0.41370776295661926,
                0.4253823161125183,
                0.46463900804519653,
                0.16209594905376434,
                0.16326358914375305,
                0.21716119349002838
            ],
            "llhs": [
                -121.00794982910156,
                -175.66770935058594,
                -150.33584594726562,
                -178.11563110351562,
                -180.91261291503906,
                -163.7265167236328,
                -176.4870147705078
            ]
        },
        "4": {
            "uncertainty": [
                0.004150679800659418,
                0.2087741196155548,
                0.4203222095966339,
                0.38228678703308105,
                0.22835810482501984,
                0.33435142040252686
            ],
            "llhs": [
                -105.54732513427734,
                -135.66685485839844,
                -148.23976135253906,
                -139.4578857421875,
                -144.69078063964844,
                -132.08377075195312
            ]
        },
        "5": {
            "uncertainty": [
                0.0032294532284140587,
                0.15484866499900818,
                0.14037509262561798,
                0.13658197224140167,
                0.20103025436401367
            ],
            "llhs": [
                -118.06019592285156,
                -139.2810821533203,
                -154.20306396484375,
                -141.0319061279297,
                -146.50050354003906
            ]
        },
        "6": {
            "uncertainty": [
                0.0029435905162245035,
                0.17931269109249115,
                0.15539392828941345,
                0.3612726926803589
            ],
            "llhs": [
                -106.85694885253906,
                -131.89259338378906,
                -139.13710021972656,
                -153.4168701171875
            ]
        },
        "7": {
            "uncertainty": [
                0.004940492566674948,
                0.06825651973485947,
                0.07349953055381775
            ],
            "llhs": [
                -89.04499816894531,
                -105.16535186767578,
                -103.17892456054688
            ]
        },
        "8": {
            "uncertainty": [
                0.013225201517343521,
                0.18922670185565948
            ],
            "llhs": [
                -122.55319213867188,
                -134.47528076171875
            ]
        },
        "9": {
            "uncertainty": [
                0.010192731395363808
            ],
            "llhs": [
                -94.29360961914062
            ]
        }
    }
}