{
    "config": {
        "algorithm_name": "VI",
        "num_tasks": 10,
        "epochs": 200,
        "lr": 0.0001,
        "hidden_dim": 500,
        "latent_dim": 50,
        "coreset_size": 0,
        "coreset_heuristic": "random",
        "batch_size": 256,
        "seed": 108,
        "id": 8,
        "save_folder": "results/generative/10_runs_gen_vi_final"
    },
    "results": {
        "0": {
            "uncertainty": [
                0.0005278453463688493,
                0.4647420644760132,
                0.6731976866722107,
                1.3297017812728882,
                0.6355539560317993,
                0.9979361295700073,
                0.6748624444007874,
                0.32943254709243774,
                0.5136207342147827,
                0.721786379814148
            ],
            "llhs": [
                -144.26864624023438,
                -195.47787475585938,
                -242.63116455078125,
                -255.40492248535156,
                -260.9063720703125,
                -247.4273681640625,
                -243.3921356201172,
                -252.24192810058594,
                -257.3353271484375,
                -278.1250305175781
            ]
        },
        "1": {
            "uncertainty": [
                0.00023523496929556131,
                0.033265095204114914,
                0.04266020283102989,
                0.10551867634057999,
                0.129836305975914,
                0.17957636713981628,
                0.055223722010850906,
                0.03568269684910774,
                0.04611729085445404
            ],
            "llhs": [
                -57.216957092285156,
                -77.86896514892578,
                -90.30081939697266,
                -99.28114318847656,
                -95.2918701171875,
                -109.22264099121094,
                -102.37413787841797,
                -87.02484130859375,
                -98.35906219482422
            ]
        },
        "2": {
            "uncertainty": [
                0.003746588481590152,
                0.5478067994117737,
                0.4702862799167633,
                0.5550747513771057,
                0.5389572381973267,
                0.3570146858692169,
                0.22232653200626373,
                0.4733971953392029
            ],
            "llhs": [
                -134.99365234375,
                -170.59312438964844,
                -209.1734161376953,
                -201.78268432617188,
                -213.35028076171875,
                -220.00759887695312,
                -198.47032165527344,
                -215.1570281982422
            ]
        },
        "3": {
            "uncertainty": [
                0.0026100347749888897,
                0.4909079968929291,
                0.5007410049438477,
                0.5865527391433716,
                0.17251074314117432,
                0.1707988828420639,
                0.23252016305923462
            ],
            "llhs": [
                -120.307373046875,
                -181.19288635253906,
                -154.1963653564453,
                -189.67239379882812,
                -190.8459014892578,
                -169.03781127929688,
                -184.8503875732422
            ]
        },
        "4": {
            "uncertainty": [
                0.006219858303666115,
                0.18447601795196533,
                0.38197362422943115,
                0.385125994682312,
                0.21608151495456696,
                0.3239079415798187
            ],
            "llhs": [
                -105.34798431396484,
                -137.6873016357422,
                -153.22402954101562,
                -141.7512969970703,
                -144.761474609375,
                -133.36573791503906
            ]
        },
        "5": {
            "uncertainty": [
                0.0031974429730325937,
                0.1512443572282791,
                0.126108318567276,
                0.12242727726697922,
                0.20629289746284485
            ],
            "llhs": [
                -117.18177795410156,
                -142.31472778320312,
                -153.91000366210938,
                -141.36012268066406,
                -145.70248413085938
            ]
        },
        "6": {
            "uncertainty": [
                0.00216118642129004,
                0.18483534455299377,
                0.13933402299880981,
                0.3762936294078827
            ],
            "llhs": [
                -106.87400817871094,
                -131.15061950683594,
                -136.33709716796875,
                -153.56431579589844
            ]
        },
        "7": {
            "uncertainty": [
                0.006063392851501703,
                0.08900435268878937,
                0.1090419664978981
            ],
            "llhs": [
                -89.02485656738281,
                -104.2042465209961,
                -103.09175109863281
            ]
        },
        "8": {
            "uncertainty": [
                0.013940075412392616,
                0.17091859877109528
            ],
            "llhs": [
                -122.41348266601562,
                -133.60496520996094
            ]
        },
        "9": {
            "uncertainty": [
                0.012238175608217716
            ],
            "llhs": [
                -93.68750762939453
            ]
        }
    }
}