{
    "config": {
        "algorithm_name": "LP",
        "num_tasks": 10,
        "epochs": 200,
        "lr": 0.0001,
        "hidden_dim": 500,
        "latent_dim": 50,
        "lambd": 10,
        "batch_size": 200,
        "seed": 100,
        "id": 1,
        "save_folder": "10_runs_gen_final"
    },
    "results": {
        "0": {
            "uncertainty": [
                0.0032115215435624123,
                1.0056079626083374,
                0.9491814970970154,
                1.337479829788208,
                0.8461154103279114,
                0.8393015265464783,
                0.8806353211402893,
                0.7686935067176819,
                0.7991222739219666,
                0.7742328643798828
            ],
            "llhs": [
                -106.49835205078125,
                -592.072265625,
                -363.9075012207031,
                -351.868408203125,
                -302.01611328125,
                -295.6933898925781,
                -278.2909851074219,
                -280.8799743652344,
                -277.39306640625,
                -276.4912109375
            ]
        },
        "1": {
            "uncertainty": [
                0.0014652097597718239,
                0.010096786543726921,
                0.010887223295867443,
                0.03592753782868385,
                0.0533464141190052,
                0.04976892098784447,
                0.039206597954034805,
                0.031064581125974655,
                0.029429864138364792
            ],
            "llhs": [
                -46.56349563598633,
                -68.13497924804688,
                -76.73494720458984,
                -85.30828094482422,
                -81.842529296875,
                -77.64708709716797,
                -73.7015609741211,
                -76.42132568359375,
                -76.06094360351562
            ]
        },
        "2": {
            "uncertainty": [
                0.007126153446733952,
                0.12072771042585373,
                0.12746229767799377,
                0.11422674357891083,
                0.09372644871473312,
                0.1670680046081543,
                0.12378773838281631,
                0.10682880878448486
            ],
            "llhs": [
                -111.23151397705078,
                -146.63714599609375,
                -208.52197265625,
                -191.0534210205078,
                -182.27139282226562,
                -202.69203186035156,
                -191.01968383789062,
                -189.3206024169922
            ]
        },
        "3": {
            "uncertainty": [
                0.006129003129899502,
                0.2184598296880722,
                0.28214311599731445,
                0.2817786633968353,
                0.35976994037628174,
                0.32797378301620483,
                0.3217597007751465
            ],
            "llhs": [
                -105.63916015625,
                -193.62014770507812,
                -170.1894073486328,
                -179.4999237060547,
                -213.0904541015625,
                -199.36341857910156,
                -196.14292907714844
            ]
        },
        "4": {
            "uncertainty": [
                0.008228315971791744,
                0.00963746290653944,
                0.03493182361125946,
                0.13605237007141113,
                0.11152587831020355,
                0.09027807414531708
            ],
            "llhs": [
                -95.50245666503906,
                -108.78223419189453,
                -125.96418762207031,
                -135.15560913085938,
                -129.99082946777344,
                -125.94775390625
            ]
        },
        "5": {
            "uncertainty": [
                0.005974383559077978,
                0.02139943651854992,
                0.025051100179553032,
                0.024350326508283615,
                0.028376927599310875
            ],
            "llhs": [
                -108.26217651367188,
                -115.87542724609375,
                -135.62591552734375,
                -125.88661193847656,
                -125.06291961669922
            ]
        },
        "6": {
            "uncertainty": [
                0.002360718557611108,
                0.017887629568576813,
                0.014639785513281822,
                0.010685261338949203
            ],
            "llhs": [
                -98.18253326416016,
                -122.16576385498047,
                -113.33100128173828,
                -112.42505645751953
            ]
        },
        "7": {
            "uncertainty": [
                0.0070681096985936165,
                0.011359145864844322,
                0.01191127672791481
            ],
            "llhs": [
                -83.15101623535156,
                -84.92350769042969,
                -86.98088836669922
            ]
        },
        "8": {
            "uncertainty": [
                0.026113459840416908,
                0.031499676406383514
            ],
            "llhs": [
                -117.36726379394531,
                -118.8249740600586
            ]
        },
        "9": {
            "uncertainty": [
                0.021214695647358894
            ],
            "llhs": [
                -90.52342987060547
            ]
        }
    }
}