{
    "config": {
        "algorithm_name": "LP",
        "num_tasks": 10,
        "epochs": 200,
        "lr": 0.0001,
        "hidden_dim": 500,
        "latent_dim": 50,
        "lambd": 10,
        "batch_size": 200,
        "seed": 106,
        "id": 7,
        "save_folder": "10_runs_gen_final"
    },
    "results": {
        "0": {
            "uncertainty": [
                0.0020091605838388205,
                0.8195099234580994,
                0.9376857280731201,
                1.1461127996444702,
                0.8607820272445679,
                0.9373518228530884,
                0.8629993200302124,
                0.8165631890296936,
                1.0355031490325928,
                1.0142407417297363
            ],
            "llhs": [
                -105.69420623779297,
                -591.5320434570312,
                -379.9076232910156,
                -347.5323181152344,
                -343.15594482421875,
                -329.30499267578125,
                -303.77630615234375,
                -325.1781311035156,
                -327.46038818359375,
                -327.0804138183594
            ]
        },
        "1": {
            "uncertainty": [
                0.0014413179596886039,
                0.02136063203215599,
                0.022724561393260956,
                0.05159531161189079,
                0.04834194481372833,
                0.0412544347345829,
                0.04545249044895172,
                0.04188838228583336,
                0.04737633466720581
            ],
            "llhs": [
                -46.38616180419922,
                -79.86166381835938,
                -79.22481536865234,
                -99.1756362915039,
                -91.62224578857422,
                -83.81446838378906,
                -81.87801361083984,
                -82.9268569946289,
                -81.59133911132812
            ]
        },
        "2": {
            "uncertainty": [
                0.008323119021952152,
                0.08127433806657791,
                0.2861470580101013,
                0.28664809465408325,
                0.17579004168510437,
                0.27408716082572937,
                0.1451498568058014,
                0.23402394354343414
            ],
            "llhs": [
                -111.0986557006836,
                -141.7126007080078,
                -223.58717346191406,
                -204.57125854492188,
                -190.225830078125,
                -236.20933532714844,
                -210.60801696777344,
                -240.60377502441406
            ]
        },
        "3": {
            "uncertainty": [
                0.003303171368315816,
                0.14839091897010803,
                0.20706142485141754,
                0.2890547513961792,
                0.14935673773288727,
                0.10136060416698456,
                0.14141838252544403
            ],
            "llhs": [
                -105.48796844482422,
                -188.66770935058594,
                -155.7511749267578,
                -165.83392333984375,
                -204.3374481201172,
                -189.59315490722656,
                -206.8748321533203
            ]
        },
        "4": {
            "uncertainty": [
                0.0057224975898861885,
                0.03691474348306656,
                0.10253407806158066,
                0.3331942558288574,
                0.26390495896339417,
                0.25282564759254456
            ],
            "llhs": [
                -95.40426635742188,
                -116.00082397460938,
                -134.8131103515625,
                -148.2247314453125,
                -168.97763061523438,
                -152.0987091064453
            ]
        },
        "5": {
            "uncertainty": [
                0.006685170345008373,
                0.017863133922219276,
                0.04297052323818207,
                0.058090221136808395,
                0.0888921245932579
            ],
            "llhs": [
                -107.47115325927734,
                -117.77559661865234,
                -134.22738647460938,
                -145.7379150390625,
                -145.80032348632812
            ]
        },
        "6": {
            "uncertainty": [
                0.002285358961671591,
                0.03169113025069237,
                0.04217464104294777,
                0.030265087261795998
            ],
            "llhs": [
                -97.9332046508789,
                -137.32357788085938,
                -161.38644409179688,
                -177.08290100097656
            ]
        },
        "7": {
            "uncertainty": [
                0.005029704887419939,
                0.04914543032646179,
                0.06491439044475555
            ],
            "llhs": [
                -82.81214141845703,
                -110.315185546875,
                -108.13168334960938
            ]
        },
        "8": {
            "uncertainty": [
                0.012357579544186592,
                0.04211646690964699
            ],
            "llhs": [
                -116.22188568115234,
                -122.27151489257812
            ]
        },
        "9": {
            "uncertainty": [
                0.012970528565347195
            ],
            "llhs": [
                -90.4246597290039
            ]
        }
    }
}