{
    "config": {
        "algorithm_name": "EWC",
        "num_tasks": 10,
        "epochs": 100,
        "lr": 0.001,
        "hidden_dim": 100,
        "lambdas": [
            1000,
            1000,
            1000,
            1000,
            1000,
            1000,
            1000,
            1000,
            1000,
            1000
        ],
        "batch_size": 256
    },
    "accuracies": [
        0.9790999889373779,
        0.9706499576568604,
        0.9548333883285522,
        0.9331499934196472,
        0.9274000525474548,
        0.9219499826431274,
        0.9179999828338623,
        0.9130124449729919,
        0.9075888395309448,
        0.9045800566673279
    ]
}