{
    "config": {
        "algorithm_name": "LP",
        "num_tasks": 10,
        "epochs": 100,
        "lr": 0.001,
        "hidden_dim": 100,
        "lambd": 100,
        "batch_size": 256
    },
    "accuracies": [
        0.977899968624115,
        0.9751999378204346,
        0.9702666997909546,
        0.9631500244140625,
        0.9544000029563904,
        0.9506000280380249,
        0.9456857442855835,
        0.9412999749183655,
        0.9358221888542175,
        0.9305999875068665
    ]
}