{
    "config": {
        "algorithm_name": "EWC",
        "num_tasks": 10,
        "epochs": 20,
        "lr": 0.001,
        "hidden_dim": 100,
        "lambdas": [
            1,
            1,
            1,
            1,
            1,
            1,
            1,
            1,
            1,
            1
        ],
        "batch_size": 256,
        "single_head": true
    },
    "accuracies": [
        0.9774999618530273,
        0.9047499895095825,
        0.8756000399589539,
        0.8634249567985535,
        0.8282999992370605,
        0.8091999888420105,
        0.7310286164283752,
        0.7185375094413757,
        0.6966221928596497,
        0.6949499845504761
    ]
}