{
    "config": {
        "algorithm_name": "EWC",
        "num_tasks": 10,
        "epochs": 20,
        "lr": 0.001,
        "hidden_dim": 100,
        "lambdas": [
            1,
            1,
            1,
            1,
            1,
            1,
            1,
            1,
            1,
            1
        ],
        "batch_size": 256,
        "single_head": true
    },
    "accuracies": [
        0.9747999906539917,
        0.8928499817848206,
        0.8666333556175232,
        0.7882750034332275,
        0.696459949016571,
        0.6950500011444092,
        0.6944714784622192,
        0.658887505531311,
        0.6110777854919434,
        0.5772799849510193
    ]
}