{
    "config": {
        "algorithm_name": "EWC",
        "num_tasks": 10,
        "epochs": 20,
        "lr": 0.001,
        "hidden_dim": 100,
        "lambdas": [
            10,
            10,
            10,
            10,
            10,
            10,
            10,
            10,
            10,
            10
        ],
        "batch_size": 256,
        "single_head": true
    },
    "accuracies": [
        0.9752999544143677,
        0.9645999670028687,
        0.9409000277519226,
        0.9264999628067017,
        0.9264799952507019,
        0.9018334150314331,
        0.8920286893844604,
        0.8691375255584717,
        0.8610110878944397,
        0.8373399972915649
    ]
}