{
    "config": {
        "algorithm_name": "EWC",
        "num_tasks": 10,
        "epochs": 20,
        "lr": 0.001,
        "hidden_dim": 100,
        "lambdas": [
            10,
            10,
            10,
            10,
            10,
            10,
            10,
            10,
            10,
            10
        ],
        "batch_size": 256,
        "single_head": true
    },
    "accuracies": [
        0.9764999747276306,
        0.9409999847412109,
        0.9039999842643738,
        0.8893499970436096,
        0.8559800386428833,
        0.8672999739646912,
        0.8495857119560242,
        0.837162435054779,
        0.820388913154602,
        0.8035100102424622
    ]
}