{
    "config": {
        "algorithm_name": "EWC",
        "num_tasks": 10,
        "epochs": 20,
        "lr": 0.001,
        "hidden_dim": 100,
        "lambdas": [
            100,
            100,
            100,
            100,
            100,
            100,
            100,
            100,
            100,
            100
        ],
        "batch_size": 256,
        "single_head": true
    },
    "accuracies": [
        0.974399983882904,
        0.9610499739646912,
        0.934066653251648,
        0.9253249168395996,
        0.9107000231742859,
        0.8924999237060547,
        0.8664000034332275,
        0.8677874803543091,
        0.802455484867096,
        0.7793599963188171
    ]
}