{
    "config": {
        "algorithm_name": "EWC",
        "num_tasks": 10,
        "epochs": 20,
        "lr": 0.001,
        "hidden_dim": 100,
        "lambdas": [
            100,
            100,
            100,
            100,
            100,
            100,
            100,
            100,
            100,
            100
        ],
        "batch_size": 256,
        "single_head": true
    },
    "accuracies": [
        0.977400004863739,
        0.96875,
        0.9625667333602905,
        0.9574999809265137,
        0.9481399655342102,
        0.9323500394821167,
        0.914757251739502,
        0.892937421798706,
        0.8741888403892517,
        0.8429299592971802
    ]
}