{
    "config": {
        "algorithm_name": "LP",
        "num_tasks": 10,
        "epochs": 20,
        "lr": 0.001,
        "hidden_dim": 100,
        "lambd": 1,
        "batch_size": 256,
        "single_head": true
    },
    "accuracies": [
        0.9751999974250793,
        0.9354499578475952,
        0.8868666887283325,
        0.8533749580383301,
        0.844059944152832,
        0.8115665912628174,
        0.811371386051178,
        0.7741625308990479,
        0.7670666575431824,
        0.7523000240325928
    ]
}