{
    "config": {
        "algorithm_name": "LP",
        "num_tasks": 10,
        "epochs": 20,
        "lr": 0.001,
        "hidden_dim": 100,
        "lambd": 1,
        "batch_size": 256,
        "single_head": true
    },
    "accuracies": [
        0.9745999574661255,
        0.878600001335144,
        0.8099333643913269,
        0.6905750036239624,
        0.6658600568771362,
        0.6554499864578247,
        0.6639000773429871,
        0.6324499845504761,
        0.6290444135665894,
        0.5851799845695496
    ]
}