{
    "config": {
        "algorithm_name": "LP",
        "num_tasks": 10,
        "epochs": 20,
        "lr": 0.001,
        "hidden_dim": 100,
        "lambd": 10,
        "batch_size": 256,
        "single_head": true
    },
    "accuracies": [
        0.9756999611854553,
        0.9651999473571777,
        0.9444665908813477,
        0.9282749891281128,
        0.9200000166893005,
        0.9158333539962769,
        0.9071428179740906,
        0.8982874155044556,
        0.8783888816833496,
        0.8792900443077087
    ]
}