{
    "config": {
        "algorithm_name": "LP",
        "num_tasks": 10,
        "epochs": 20,
        "lr": 0.001,
        "hidden_dim": 100,
        "lambd": 10,
        "batch_size": 256,
        "single_head": true
    },
    "accuracies": [
        0.9768999814987183,
        0.9611499905586243,
        0.9172667264938354,
        0.8916249871253967,
        0.8810599446296692,
        0.8677833080291748,
        0.8422285914421082,
        0.8219624757766724,
        0.786277711391449,
        0.784339964389801
    ]
}