{
    "config": {
        "algorithm_name": "LP",
        "num_tasks": 10,
        "epochs": 20,
        "lr": 0.001,
        "hidden_dim": 100,
        "lambd": 100,
        "batch_size": 256,
        "single_head": true
    },
    "accuracies": [
        0.9756999611854553,
        0.9600999355316162,
        0.9543666243553162,
        0.947624921798706,
        0.9370599985122681,
        0.9090666770935059,
        0.8980429172515869,
        0.8778249025344849,
        0.8279110789299011,
        0.7959100008010864
    ]
}