{
    "config": {
        "algorithm_name": "LP",
        "num_tasks": 10,
        "epochs": 20,
        "lr": 0.001,
        "hidden_dim": 100,
        "lambd": 100,
        "batch_size": 256,
        "single_head": true
    },
    "accuracies": [
        0.977400004863739,
        0.9682499766349792,
        0.9618666172027588,
        0.9516499638557434,
        0.9430999755859375,
        0.9336832761764526,
        0.9196000695228577,
        0.9039624333381653,
        0.8826889395713806,
        0.8642899394035339
    ]
}