{
    "config": {
        "algorithm_name": "SI",
        "num_tasks": 10,
        "epochs": 20,
        "lr": 0.001,
        "hidden_dim": 100,
        "c": 0.01,
        "damping_param": 0.001,
        "batch_size": 256,
        "single_head": true
    },
    "accuracies": [
        0.9769999980926514,
        0.9601999521255493,
        0.9429333209991455,
        0.9164749383926392,
        0.8805199861526489,
        0.8851499557495117,
        0.867699921131134,
        0.8560374975204468,
        0.8331332802772522,
        0.8186699748039246
    ]
}