{
    "config": {
        "algorithm_name": "SI",
        "num_tasks": 10,
        "epochs": 20,
        "lr": 0.001,
        "hidden_dim": 100,
        "c": 0.01,
        "damping_param": 0.001,
        "batch_size": 256,
        "single_head": true
    },
    "accuracies": [
        0.9769999980926514,
        0.9615999460220337,
        0.9521999359130859,
        0.8894000053405762,
        0.8583000302314758,
        0.8749833106994629,
        0.8815714716911316,
        0.8661375045776367,
        0.8478444218635559,
        0.8297299742698669
    ]
}