{
    "config": {
        "algorithm_name": "SI",
        "num_tasks": 10,
        "epochs": 20,
        "lr": 0.001,
        "hidden_dim": 100,
        "c": 0.1,
        "damping_param": 0.001,
        "batch_size": 256,
        "single_head": true
    },
    "accuracies": [
        0.9763000011444092,
        0.9695999622344971,
        0.9602000117301941,
        0.9430249929428101,
        0.9216200113296509,
        0.878333330154419,
        0.8527143001556396,
        0.8052624464035034,
        0.7667778134346008,
        0.7365699410438538
    ]
}