{
    "config": {
        "algorithm_name": "SI",
        "num_tasks": 10,
        "epochs": 20,
        "lr": 0.001,
        "hidden_dim": 100,
        "c": 0.1,
        "damping_param": 0.001,
        "batch_size": 256,
        "single_head": true
    },
    "accuracies": [
        0.976699948310852,
        0.9721499681472778,
        0.8899332880973816,
        0.8251749873161316,
        0.7572399973869324,
        0.7555000185966492,
        0.7500428557395935,
        0.6756374835968018,
        0.6811333298683167,
        0.6681999564170837
    ]
}