{
    "config": {
        "algorithm_name": "SI",
        "num_tasks": 10,
        "epochs": 20,
        "lr": 0.001,
        "hidden_dim": 100,
        "c": 1,
        "damping_param": 0.001,
        "batch_size": 256,
        "single_head": true
    },
    "accuracies": [
        0.9763999581336975,
        0.9556999802589417,
        0.8924333453178406,
        0.837975025177002,
        0.7644999623298645,
        0.6731333136558533,
        0.6191285252571106,
        0.5701000094413757,
        0.5186111330986023,
        0.4819999635219574
    ]
}