{
    "config": {
        "algorithm_name": "SI",
        "num_tasks": 10,
        "epochs": 20,
        "lr": 0.001,
        "hidden_dim": 100,
        "c": 1,
        "damping_param": 0.001,
        "batch_size": 256,
        "single_head": true
    },
    "accuracies": [
        0.9768999814987183,
        0.9652499556541443,
        0.9441999793052673,
        0.9003749489784241,
        0.8336799740791321,
        0.739383339881897,
        0.6532285809516907,
        0.5860375165939331,
        0.5317333340644836,
        0.48691001534461975
    ]
}