{
    "config": {
        "algorithm_name": "VI",
        "num_tasks": 10,
        "epochs": 20,
        "lr": 0.001,
        "hidden_dim": 100,
        "coreset_size": 0,
        "coreset_heuristic": "random",
        "batch_size": 256,
        "mode": "bernoulli",
        "single_head": true
    },
    "accuracies": [
        0.9807999730110168,
        0.9557499885559082,
        0.9253999590873718,
        0.8902249336242676,
        0.8451799750328064,
        0.7580000162124634,
        0.7360714077949524,
        0.7585749626159668,
        0.6822111010551453,
        0.6685299873352051
    ]
}