{
    "config": {
        "algorithm_name": "VI",
        "num_tasks": 10,
        "epochs": 100,
        "lr": 0.001,
        "hidden_dim": 100,
        "coreset_size": 0,
        "coreset_heuristic": "random",
        "batch_size": 256,
        "mode": "bernoulli",
        "single_head": true
    },
    "accuracies": [
        0.9784999489784241,
        0.9517499804496765,
        0.9057332873344421,
        0.8596999645233154,
        0.8405599594116211,
        0.7962166666984558,
        0.7643285989761353,
        0.7585750222206116,
        0.7326887845993042,
        0.7230899930000305
    ]
}