{
    "config": {
        "algorithm_name": "VI",
        "num_tasks": 10,
        "epochs": 20,
        "lr": 0.001,
        "hidden_dim": 100,
        "coreset_size": 0,
        "coreset_heuristic": "random",
        "batch_size": 256,
        "mode": "bernoulli",
        "single_head": true
    },
    "accuracies": [
        0.9049999713897705,
        0.8288999795913696,
        0.7651333212852478,
        0.7435250282287598,
        0.7197399735450745,
        0.70496666431427,
        0.6952856779098511,
        0.6762624979019165,
        0.6560221910476685,
        0.6583999991416931
    ]
}