{
    "config": {
        "algorithm_name": "VI",
        "num_tasks": 10,
        "epochs": 10,
        "lr": 0.001,
        "hidden_dim": 100,
        "coreset_size": 0,
        "coreset_heuristic": "random",
        "batch_size": 256,
        "mode": "bernoulli",
        "single_head": true
    },
    "accuracies": [
        0.9747999906539917,
        0.9611999988555908,
        0.9474666118621826,
        0.9299499988555908,
        0.911359965801239,
        0.9018166065216064,
        0.8628142476081848,
        0.8308249711990356,
        0.8183333277702332,
        0.7707600593566895
    ]
}