{
    "config": {
        "algorithm_name": "VI",
        "num_tasks": 10,
        "epochs": 20,
        "lr": 0.001,
        "hidden_dim": 100,
        "coreset_size": 200,
        "coreset_heuristic": "random",
        "batch_size": 256,
        "mode": "bernoulli",
        "single_head": true
    },
    "accuracies": [
        0.9777999520301819,
        0.9558999538421631,
        0.9388332366943359,
        0.9224499464035034,
        0.9137999415397644,
        0.9002165794372559,
        0.8886429071426392,
        0.8730375170707703,
        0.8596888184547424,
        0.8559600114822388
    ]
}