{
    "config": {
        "algorithm_name": "VI",
        "num_tasks": 10,
        "epochs": 20,
        "lr": 0.001,
        "hidden_dim": 100,
        "coreset_size": 200,
        "coreset_heuristic": "random",
        "batch_size": 256,
        "mode": "bernoulli",
        "single_head": true
    },
    "accuracies": [
        0.9785999655723572,
        0.9604499340057373,
        0.9434332847595215,
        0.9239999651908875,
        0.9086599349975586,
        0.8963832855224609,
        0.8918285965919495,
        0.8790124654769897,
        0.8693000078201294,
        0.8586599230766296
    ]
}