{
    "config": {
        "algorithm_name": "VI",
        "num_tasks": 10,
        "epochs": 20,
        "lr": 0.001,
        "hidden_dim": 100,
        "coreset_size": 1000,
        "coreset_heuristic": "random",
        "batch_size": 256,
        "mode": "bernoulli",
        "single_head": true
    },
    "accuracies": [
        0.977899968624115,
        0.9599999785423279,
        0.9546666145324707,
        0.9480000138282776,
        0.94187992811203,
        0.9382166862487793,
        0.9343857765197754,
        0.9297999739646912,
        0.9248221516609192,
        0.9218400120735168
    ]
}