{
    "config": {
        "algorithm_name": "VI",
        "num_tasks": 10,
        "epochs": 20,
        "lr": 0.001,
        "hidden_dim": 100,
        "coreset_size": 1000,
        "coreset_heuristic": "random",
        "batch_size": 256,
        "mode": "bernoulli",
        "single_head": true
    },
    "accuracies": [
        0.9790999889373779,
        0.9608500003814697,
        0.9529333114624023,
        0.9439499378204346,
        0.9407599568367004,
        0.936066746711731,
        0.9332857131958008,
        0.9288374185562134,
        0.925399899482727,
        0.9211100935935974
    ]
}