{
    "config": {
        "algorithm_name": "VI",
        "num_tasks": 10,
        "epochs": 20,
        "lr": 0.001,
        "hidden_dim": 100,
        "coreset_size": 0,
        "coreset_heuristic": "random",
        "batch_size": 256,
        "mode": "bernoulli",
        "single_head": true
    },
    "accuracies": [
        0.8941999673843384,
        0.792449951171875,
        0.7560333609580994,
        0.7488999366760254,
        0.7327999472618103,
        0.7121166586875916,
        0.6911429166793823,
        0.6854124665260315,
        0.6710332632064819,
        0.6648699641227722
    ]
}