{
    "config": {
        "algorithm_name": "VI",
        "num_tasks": 10,
        "epochs": 10,
        "lr": 0.001,
        "hidden_dim": 100,
        "coreset_size": 0,
        "coreset_heuristic": "random",
        "batch_size": 256,
        "mode": "bernoulli",
        "single_head": true
    },
    "accuracies": [
        0.9763000011444092,
        0.962149977684021,
        0.9523333311080933,
        0.9360249638557434,
        0.8980199694633484,
        0.8628833293914795,
        0.8448714017868042,
        0.8167374730110168,
        0.7419776916503906,
        0.7262899875640869
    ]
}