{
    "config": {
        "algorithm_name": "LP",
        "num_tasks": 10,
        "epochs": 20,
        "lr": 0.001,
        "hidden_dim": 100,
        "lambd": 0.1,
        "batch_size": 200,
        "single_head": true,
        "seed": 100,
        "id": 0,
        "save_folder": "10_runs_LP_final"
    },
    "accuracies": [
        0.977899968624115,
        0.9701999425888062,
        0.9606332778930664,
        0.9516749382019043,
        0.9458799362182617,
        0.9293500185012817,
        0.921385645866394,
        0.9151374697685242,
        0.892088770866394,
        0.8889600038528442
    ],
    "seed": 100
}