{
    "config": {
        "algorithm_name": "LP",
        "num_tasks": 10,
        "epochs": 20,
        "lr": 0.001,
        "hidden_dim": 100,
        "lambd": 0.1,
        "batch_size": 200,
        "single_head": true,
        "seed": 103,
        "id": 3,
        "save_folder": "10_runs_LP_final"
    },
    "accuracies": [
        0.9767999649047852,
        0.9701999425888062,
        0.9585999846458435,
        0.9517749547958374,
        0.9347000122070312,
        0.9198166728019714,
        0.9165857434272766,
        0.9010499715805054,
        0.8794888257980347,
        0.866569995880127
    ],
    "seed": 103
}