{
    "config": {
        "algorithm_name": "LP",
        "num_tasks": 10,
        "epochs": 20,
        "lr": 0.001,
        "hidden_dim": 100,
        "lambd": 0.1,
        "batch_size": 200,
        "single_head": true,
        "seed": 105,
        "id": 5,
        "save_folder": "10_runs_LP_final"
    },
    "accuracies": [
        0.977899968624115,
        0.9713000059127808,
        0.964033305644989,
        0.9500999450683594,
        0.9346200227737427,
        0.9242333173751831,
        0.9118000268936157,
        0.9059749245643616,
        0.9069889187812805,
        0.8962900042533875
    ],
    "seed": 105
}