{
    "config": {
        "algorithm_name": "LP",
        "num_tasks": 10,
        "epochs": 20,
        "lr": 0.001,
        "hidden_dim": 100,
        "lambd": 0.1,
        "batch_size": 200,
        "single_head": true,
        "seed": 106,
        "id": 6,
        "save_folder": "10_runs_LP_final"
    },
    "accuracies": [
        0.9790999889373779,
        0.9715499877929688,
        0.962233304977417,
        0.9474499225616455,
        0.9110399484634399,
        0.9137166738510132,
        0.9000856876373291,
        0.8586249351501465,
        0.8736777305603027,
        0.8607000708580017
    ],
    "seed": 106
}