{
    "config": {
        "algorithm_name": "LP",
        "num_tasks": 10,
        "epochs": 20,
        "lr": 0.001,
        "hidden_dim": 100,
        "lambd": 0.1,
        "batch_size": 200,
        "single_head": true,
        "seed": 107,
        "id": 7,
        "save_folder": "10_runs_LP_final"
    },
    "accuracies": [
        0.9763999581336975,
        0.9731999635696411,
        0.9613333940505981,
        0.9490749835968018,
        0.9374799728393555,
        0.9121000170707703,
        0.8949857354164124,
        0.8896123766899109,
        0.8813999891281128,
        0.8769200444221497
    ],
    "seed": 107
}