{
    "config": {
        "algorithm_name": "LP",
        "num_tasks": 10,
        "epochs": 20,
        "lr": 0.001,
        "hidden_dim": 100,
        "lambd": 0.1,
        "batch_size": 200,
        "single_head": true,
        "seed": 108,
        "id": 8,
        "save_folder": "10_runs_LP_final"
    },
    "accuracies": [
        0.9795999526977539,
        0.9749999642372131,
        0.9671666026115417,
        0.9596999883651733,
        0.9468399882316589,
        0.9297332763671875,
        0.9190142750740051,
        0.9055249691009521,
        0.8971554636955261,
        0.8785099387168884
    ],
    "seed": 108
}