{
    "config": {
        "algorithm_name": "LP",
        "num_tasks": 10,
        "epochs": 20,
        "lr": 0.001,
        "hidden_dim": 100,
        "lambd": 0.1,
        "batch_size": 200,
        "single_head": true,
        "seed": 109,
        "id": 9,
        "save_folder": "10_runs_LP_final"
    },
    "accuracies": [
        0.9786999821662903,
        0.9728999733924866,
        0.9667333364486694,
        0.9501499533653259,
        0.9476799368858337,
        0.9354833364486694,
        0.9072285294532776,
        0.9031624794006348,
        0.8929888606071472,
        0.8766599893569946
    ],
    "seed": 109
}