{
    "config": {
        "algorithm_name": "LP",
        "num_tasks": 10,
        "epochs": 200,
        "lr": 0.0001,
        "hidden_dim": 500,
        "latent_dim": 50,
        "lambd": 10,
        "batch_size": 200,
        "seed": 109,
        "id": null,
        "save_folder": "10_runs_gen_final"
    },
    "results": {
        "0": {
            "uncertainty": [
                0.000705204380210489,
                0.9514010548591614,
                1.0069338083267212,
                1.2839998006820679,
                0.7541623115539551,
                0.8662781715393066,
                0.815631628036499,
                0.846132218837738,
                0.8460372686386108,
                0.791706919670105
            ],
            "llhs": [
                -106.532470703125,
                -592.5426025390625,
                -388.1331481933594,
                -352.265625,
                -336.1395263671875,
                -317.6072998046875,
                -303.5274963378906,
                -326.75531005859375,
                -313.7810363769531,
                -313.1667175292969
            ]
        },
        "1": {
            "uncertainty": [
                0.002535770181566477,
                0.012277781032025814,
                0.027318071573972702,
                0.09584344178438187,
                0.08144526183605194,
                0.07504110783338547,
                0.057661838829517365,
                0.049353595823049545,
                0.06695923954248428
            ],
            "llhs": [
                -46.32291030883789,
                -63.897804260253906,
                -71.90093231201172,
                -80.4830322265625,
                -78.11845397949219,
                -76.60478210449219,
                -74.11161804199219,
                -76.06593322753906,
                -76.91961669921875
            ]
        },
        "2": {
            "uncertainty": [
                0.006497987080365419,
                0.0865030288696289,
                0.24354837834835052,
                0.18069423735141754,
                0.13340751826763153,
                0.2366471141576767,
                0.19048219919204712,
                0.25421929359436035
            ],
            "llhs": [
                -111.49382019042969,
                -135.88168334960938,
                -202.24534606933594,
                -178.76683044433594,
                -176.2234344482422,
                -226.04737854003906,
                -200.10670471191406,
                -220.89450073242188
            ]
        },
        "3": {
            "uncertainty": [
                0.0038037910126149654,
                0.2856365740299225,
                0.27911731600761414,
                0.2553566098213196,
                0.20312291383743286,
                0.14854079484939575,
                0.22988934814929962
            ],
            "llhs": [
                -106.03348541259766,
                -180.7415771484375,
                -146.89605712890625,
                -147.0282440185547,
                -196.8397674560547,
                -176.56219482421875,
                -191.54193115234375
            ]
        },
        "4": {
            "uncertainty": [
                0.006946447771042585,
                0.05833201855421066,
                0.07118011265993118,
                0.3234303891658783,
                0.27162012457847595,
                0.22707611322402954
            ],
            "llhs": [
                -95.83206939697266,
                -118.9993667602539,
                -122.7664566040039,
                -142.0570526123047,
                -135.2635040283203,
                -131.42416381835938
            ]
        },
        "5": {
            "uncertainty": [
                0.005594443995505571,
                0.00791633129119873,
                0.01769174262881279,
                0.015279729850590229,
                0.02590697631239891
            ],
            "llhs": [
                -107.59471893310547,
                -110.0960922241211,
                -130.6396484375,
                -119.64478302001953,
                -123.45722961425781
            ]
        },
        "6": {
            "uncertainty": [
                0.003804093459621072,
                0.0265960656106472,
                0.012757149524986744,
                0.012174065224826336
            ],
            "llhs": [
                -98.43785858154297,
                -129.52711486816406,
                -114.21276092529297,
                -135.2681427001953
            ]
        },
        "7": {
            "uncertainty": [
                0.008176766335964203,
                0.010557579807937145,
                0.025176867842674255
            ],
            "llhs": [
                -83.25424194335938,
                -85.033935546875,
                -90.6103515625
            ]
        },
        "8": {
            "uncertainty": [
                0.01812230423092842,
                0.02291443943977356
            ],
            "llhs": [
                -117.369384765625,
                -122.96797943115234
            ]
        },
        "9": {
            "uncertainty": [
                0.008822564035654068
            ],
            "llhs": [
                -90.04198455810547
            ]
        }
    }
}