{
    "config": {
        "algorithm_name": "LP",
        "num_tasks": 10,
        "epochs": 200,
        "lr": 0.0001,
        "hidden_dim": 500,
        "latent_dim": 50,
        "lambd": 10,
        "batch_size": 200,
        "seed": 107,
        "id": 8,
        "save_folder": "10_runs_gen_final"
    },
    "results": {
        "0": {
            "uncertainty": [
                0.001657910062931478,
                0.918626070022583,
                0.9792799353599548,
                1.2119560241699219,
                0.8554601073265076,
                1.0117477178573608,
                0.9600195288658142,
                0.9313434362411499,
                1.1086448431015015,
                1.156311273574829
            ],
            "llhs": [
                -105.37269592285156,
                -655.9951782226562,
                -438.7396545410156,
                -386.1376037597656,
                -360.7891540527344,
                -345.15142822265625,
                -323.7858581542969,
                -338.8874816894531,
                -332.985595703125,
                -332.8707580566406
            ]
        },
        "1": {
            "uncertainty": [
                0.002223772229626775,
                0.011167637072503567,
                0.016258470714092255,
                0.04798701032996178,
                0.052601467818021774,
                0.06432577222585678,
                0.053205639123916626,
                0.06402811408042908,
                0.07535560429096222
            ],
            "llhs": [
                -46.23292541503906,
                -71.25765991210938,
                -77.06859588623047,
                -96.44366455078125,
                -87.15594482421875,
                -83.28397369384766,
                -74.51373291015625,
                -80.55918884277344,
                -78.59320068359375
            ]
        },
        "2": {
            "uncertainty": [
                0.007599812000989914,
                0.11297192424535751,
                0.1596304476261139,
                0.17167608439922333,
                0.13958081603050232,
                0.26681748032569885,
                0.1681818813085556,
                0.1882704496383667
            ],
            "llhs": [
                -111.17808532714844,
                -144.8532257080078,
                -203.92721557617188,
                -188.7223663330078,
                -186.25839233398438,
                -211.44424438476562,
                -185.18511962890625,
                -208.6938018798828
            ]
        },
        "3": {
            "uncertainty": [
                0.005382914561778307,
                0.04912972450256348,
                0.196468323469162,
                0.25976166129112244,
                0.22161662578582764,
                0.20324921607971191,
                0.2232019305229187
            ],
            "llhs": [
                -105.7645263671875,
                -166.94448852539062,
                -148.81434631347656,
                -160.5218048095703,
                -186.38198852539062,
                -164.7145538330078,
                -172.48977661132812
            ]
        },
        "4": {
            "uncertainty": [
                0.0065759108401834965,
                0.02703498862683773,
                0.06200734153389931,
                0.26945042610168457,
                0.18762515485286713,
                0.2122933715581894
            ],
            "llhs": [
                -95.84993743896484,
                -111.50094604492188,
                -139.0040283203125,
                -154.53530883789062,
                -149.7906036376953,
                -148.54388427734375
            ]
        },
        "5": {
            "uncertainty": [
                0.006121047306805849,
                0.01931593008339405,
                0.023852327838540077,
                0.015361095778644085,
                0.03404422104358673
            ],
            "llhs": [
                -107.3320083618164,
                -116.06924438476562,
                -154.37399291992188,
                -136.13865661621094,
                -140.10391235351562
            ]
        },
        "6": {
            "uncertainty": [
                0.0011446241987869143,
                0.049239493906497955,
                0.02184225432574749,
                0.019246239215135574
            ],
            "llhs": [
                -98.60101318359375,
                -162.1353759765625,
                -147.4327850341797,
                -164.497314453125
            ]
        },
        "7": {
            "uncertainty": [
                0.008446401916444302,
                0.02151283249258995,
                0.03503084555268288
            ],
            "llhs": [
                -82.80268859863281,
                -93.72771453857422,
                -96.38286590576172
            ]
        },
        "8": {
            "uncertainty": [
                0.015009799972176552,
                0.03026660904288292
            ],
            "llhs": [
                -116.54723358154297,
                -122.19171905517578
            ]
        },
        "9": {
            "uncertainty": [
                0.008499696850776672
            ],
            "llhs": [
                -89.9861068725586
            ]
        }
    }
}