{
    "config": {
        "algorithm_name": "LP",
        "num_tasks": 10,
        "epochs": 200,
        "lr": 0.0001,
        "hidden_dim": 500,
        "latent_dim": 50,
        "lambd": 10,
        "batch_size": 200,
        "seed": 108,
        "id": 9,
        "save_folder": "10_runs_gen_final"
    },
    "results": {
        "0": {
            "uncertainty": [
                0.0008323398651555181,
                0.8860461711883545,
                1.0003858804702759,
                1.0795072317123413,
                0.8819736242294312,
                1.0431671142578125,
                1.0785263776779175,
                0.8706749677658081,
                0.8556427359580994,
                0.8226054310798645
            ],
            "llhs": [
                -105.59407043457031,
                -530.6912841796875,
                -346.6917724609375,
                -304.4196472167969,
                -285.3380126953125,
                -284.46917724609375,
                -274.61419677734375,
                -284.16717529296875,
                -273.7622375488281,
                -274.14593505859375
            ]
        },
        "1": {
            "uncertainty": [
                0.0017393442103639245,
                0.01155229564756155,
                0.01439332589507103,
                0.013257882557809353,
                0.041677579283714294,
                0.04141237214207649,
                0.041840050369501114,
                0.04602256789803505,
                0.045422784984111786
            ],
            "llhs": [
                -46.53014373779297,
                -67.35464477539062,
                -69.7431411743164,
                -84.22859191894531,
                -81.84964752197266,
                -79.64512634277344,
                -80.94762420654297,
                -83.57852935791016,
                -84.05805206298828
            ]
        },
        "2": {
            "uncertainty": [
                0.007324048317968845,
                0.052749499678611755,
                0.05586845427751541,
                0.1422918289899826,
                0.1317281574010849,
                0.30235588550567627,
                0.24187621474266052,
                0.23398637771606445
            ],
            "llhs": [
                -111.30157470703125,
                -130.1620330810547,
                -139.00521850585938,
                -147.18919372558594,
                -146.765869140625,
                -196.82626342773438,
                -177.15701293945312,
                -177.3091583251953
            ]
        },
        "3": {
            "uncertainty": [
                0.002853031735867262,
                0.008439724333584309,
                0.25209400057792664,
                0.2684727609157562,
                0.1866014301776886,
                0.17882293462753296,
                0.17017203569412231
            ],
            "llhs": [
                -106.43638610839844,
                -116.97055053710938,
                -130.440673828125,
                -130.79962158203125,
                -185.82864379882812,
                -165.32125854492188,
                -167.1451416015625
            ]
        },
        "4": {
            "uncertainty": [
                0.004566482733935118,
                0.07597525417804718,
                0.0809323862195015,
                0.3744643032550812,
                0.27588680386543274,
                0.22935394942760468
            ],
            "llhs": [
                -96.82124328613281,
                -140.75997924804688,
                -137.38711547851562,
                -158.88804626464844,
                -150.07460021972656,
                -147.39083862304688
            ]
        },
        "5": {
            "uncertainty": [
                0.00805039331316948,
                0.01319824904203415,
                0.06626884639263153,
                0.04204103723168373,
                0.04104456678032875
            ],
            "llhs": [
                -107.62519836425781,
                -109.85519409179688,
                -147.92984008789062,
                -129.1903533935547,
                -129.9063262939453
            ]
        },
        "6": {
            "uncertainty": [
                0.004014811012893915,
                0.04560913145542145,
                0.027070842683315277,
                0.019131606444716454
            ],
            "llhs": [
                -98.42253875732422,
                -160.29005432128906,
                -136.19522094726562,
                -136.84849548339844
            ]
        },
        "7": {
            "uncertainty": [
                0.005505264736711979,
                0.010391189716756344,
                0.011351404711604118
            ],
            "llhs": [
                -83.37483215332031,
                -85.04961395263672,
                -86.279541015625
            ]
        },
        "8": {
            "uncertainty": [
                0.01791960932314396,
                0.015458195470273495
            ],
            "llhs": [
                -117.4719009399414,
                -119.15898895263672
            ]
        },
        "9": {
            "uncertainty": [
                0.011597749777138233
            ],
            "llhs": [
                -90.70458221435547
            ]
        }
    }
}