{
    "config": {
        "algorithm_name": "gated_VI",
        "num_tasks": 2,
        "epochs": 1,
        "lr": 0.001,
        "hidden_dim": 100,
        "batch_size": 256,
        "mode": "bernoulli",
        "single_head": false,
        "current_window": 1,
        "baseline_window": 50,
        "c": 5,
        "num_samples": 50,
        "var": 0.01,
        "routing_mode": "batchwise",
        "calculation_mode": "sampling",
        "seed": 5,
        "autoencoder_hidden_dim": 1,
        "automatic_detection": true,
        "id": "autodim_2"
    },
    "accuracies": [
        0.882599949836731,
        0.8633500337600708
    ],
    "metrics": {
        "heads_chosen": [
            [
                {
                    "0": 10000
                }
            ],
            [
                {
                    "0": 10000
                },
                {
                    "1": 10000
                }
            ]
        ],
        "acc": [
            0.882599949836731,
            0.8633500337600708
        ],
        "train_losses": [
            3.0277628898620605,
            3.1023240089416504,
            3.014216184616089,
            2.9432249069213867,
            2.9820480346679688,
            2.9340577125549316,
            2.9158780574798584,
            2.938382625579834,
            2.8229706287384033,
            2.84910249710083,
            2.814518451690674,
            2.768864154815674,
            2.7350564002990723,
            2.7093472480773926,
            2.6915478706359863,
            2.688768148422241,
            2.6228373050689697,
            2.6295154094696045,
            2.48667311668396,
            2.4884824752807617,
            2.51788067817688,
            2.4639196395874023,
            2.4697608947753906,
            2.399430990219116,
            2.2706856727600098,
            2.2938599586486816,
            2.307267665863037,
            2.225311517715454,
            2.2460854053497314,
            2.1538259983062744,
            2.1568527221679688,
            2.216618537902832,
            2.0881235599517822,
            2.074553966522217,
            1.8896749019622803,
            1.9331578016281128,
            1.996608018875122,
            1.9118678569793701,
            1.8460402488708496,
            1.8322983980178833,
            1.9019323587417603,
            1.891233205795288,
            1.858489751815796,
            1.9455198049545288,
            1.8069243431091309,
            1.7375428676605225,
            1.6785306930541992,
            1.6621663570404053,
            1.7295916080474854,
            1.6172658205032349,
            1.6956043243408203,
            1.7101032733917236,
            1.63882577419281,
            1.7144761085510254,
            1.6719437837600708,
            1.542640209197998,
            1.5993726253509521,
            1.5870239734649658,
            1.6098575592041016,
            1.5325267314910889,
            1.5038931369781494,
            1.6618599891662598,
            1.5387976169586182,
            1.5675947666168213,
            1.4602391719818115,
            1.4958302974700928,
            1.4857866764068604,
            1.4975985288619995,
            1.5328242778778076,
            1.5419363975524902,
            1.3841886520385742,
            1.3628530502319336,
            1.4950639009475708,
            1.4863168001174927,
            1.4333370923995972,
            1.4253818988800049,
            1.382288932800293,
            1.3461925983428955,
            1.4500802755355835,
            1.3254332542419434,
            1.4316511154174805,
            1.4962255954742432,
            1.3158576488494873,
            1.3525195121765137,
            1.367978811264038,
            1.3851112127304077,
            1.489866852760315,
            1.4874324798583984,
            1.3938629627227783,
            1.4654728174209595,
            1.2753703594207764,
            1.3915517330169678,
            1.3351519107818604,
            1.3788888454437256,
            1.475243091583252,
            1.4017441272735596,
            1.413956642150879,
            1.4095220565795898,
            1.3756530284881592,
            1.3338398933410645,
            1.325728178024292,
            1.3162949085235596,
            1.2633321285247803,
            1.2927857637405396,
            1.33082115650177,
            1.3451919555664062,
            1.3447327613830566,
            1.2958062887191772,
            1.3266146183013916,
            1.2943109273910522,
            1.3010344505310059,
            1.2651476860046387,
            1.3835813999176025,
            1.299609661102295,
            1.3467350006103516,
            1.3030836582183838,
            1.2966959476470947,
            1.2422986030578613,
            1.358451247215271,
            1.1828339099884033,
            1.2619675397872925,
            1.3546509742736816,
            1.1771860122680664,
            1.2982439994812012,
            1.2383546829223633,
            1.218392014503479,
            1.2245640754699707,
            1.163219690322876,
            1.285431146621704,
            1.2290711402893066,
            1.3156317472457886,
            1.2199671268463135,
            1.152727723121643,
            1.2728289365768433,
            1.2437543869018555,
            1.1410086154937744,
            1.2893420457839966,
            1.1383978128433228,
            1.2020905017852783,
            1.2293365001678467,
            1.1738276481628418,
            1.2256810665130615,
            1.1698060035705566,
            1.270944595336914,
            1.1741901636123657,
            1.2907283306121826,
            1.2295476198196411,
            1.1939642429351807,
            1.297724723815918,
            1.3250558376312256,
            1.2392024993896484,
            1.129643440246582,
            1.1152796745300293,
            1.1435085535049438,
            1.152555227279663,
            1.1640849113464355,
            1.1761513948440552,
            1.168237328529358,
            1.068274736404419,
            1.2944347858428955,
            1.1607863903045654,
            1.222773790359497,
            1.2014892101287842,
            1.1714776754379272,
            1.1889135837554932,
            1.193114995956421,
            1.0950039625167847,
            1.1222264766693115,
            1.3201584815979004,
            1.2121038436889648,
            1.1565170288085938,
            1.1724375486373901,
            1.14530348777771,
            1.0938268899917603,
            1.2858803272247314,
            1.157411813735962,
            1.1545580625534058,
            1.1122174263000488,
            1.1499662399291992,
            1.2286081314086914,
            1.1402785778045654,
            1.0695744752883911,
            1.1593677997589111,
            1.120292067527771,
            1.0857402086257935,
            1.1010586023330688,
            1.1407748460769653,
            1.1529573202133179,
            1.0553711652755737,
            1.1600072383880615,
            1.0973639488220215,
            1.0677571296691895,
            1.120036244392395,
            1.142457127571106,
            1.1238354444503784,
            1.051831603050232,
            1.2730543613433838,
            1.2072112560272217,
            1.0932751893997192,
            1.08460533618927,
            1.056584119796753,
            1.036543607711792,
            1.146747350692749,
            1.0586994886398315,
            1.1402325630187988,
            1.0889520645141602,
            1.163215160369873,
            1.1145707368850708,
            1.08349609375,
            1.1749086380004883,
            1.06009840965271,
            1.2297096252441406,
            1.1256704330444336,
            1.1355078220367432,
            1.117716908454895,
            1.0823564529418945,
            1.0473824739456177,
            1.0640469789505005,
