{
    "config": {
        "algorithm_name": "SI",
        "num_tasks": 10,
        "epochs": 400,
        "lr": 0.0001,
        "hidden_dim": 500,
        "latent_dim": 50,
        "c": 1,
        "damping_param": 0.1,
        "batch_size": 256,
        "seed": 100,
        "id": 1,
        "save_folder": "10_runs_si_final_gen_numeric"
    },
    "results": {
        "0": {
            "uncertainty": [
                0.0008078322280198336,
                1.094640851020813,
                1.0637366771697998,
                1.74172842502594,
                0.9445003867149353,
                1.3706384897232056,
                1.1203821897506714,
                1.152438998222351,
                1.163799524307251,
                1.328544020652771
            ],
            "llhs": [
                -101.84387969970703,
                -664.7974853515625,
                -369.35595703125,
                -396.48675537109375,
                -372.42669677734375,
                -369.48382568359375,
                -344.7967529296875,
                -390.7542419433594,
                -413.2164306640625,
                -444.66192626953125
            ]
        },
        "1": {
            "uncertainty": [
                0.0024227993562817574,
                0.1051294133067131,
                0.157293900847435,
                0.18304835259914398,
                0.1262764185667038,
                0.14887858927249908,
                0.10689430683851242,
                0.09304144978523254,
                0.12479844689369202
            ],
            "llhs": [
                -44.99613952636719,
                -103.8585433959961,
                -111.63046264648438,
                -118.50244140625,
                -112.0428237915039,
                -110.33662414550781,
                -105.86575317382812,
                -124.62694549560547,
                -118.63358306884766
            ]
        },
        "2": {
            "uncertainty": [
                0.004380649421364069,
                0.34332695603370667,
                0.28279781341552734,
                0.30706924200057983,
                0.18190577626228333,
                0.3219682574272156,
                0.16993820667266846,
                0.2726999819278717
            ],
            "llhs": [
                -103.53689575195312,
                -169.86907958984375,
                -209.45236206054688,
                -208.9744110107422,
                -193.5124053955078,
                -225.71566772460938,
                -190.4564971923828,
                -222.20001220703125
            ]
        },
        "3": {
            "uncertainty": [
                0.003948434256017208,
                0.23483823239803314,
                0.32779836654663086,
                0.4480149447917938,
                0.09497587382793427,
                0.1237371563911438,
                0.15767398476600647
            ],
            "llhs": [
                -98.94647216796875,
                -175.65057373046875,
                -143.48089599609375,
                -182.85842895507812,
                -174.27685546875,
                -146.47706604003906,
                -171.99526977539062
            ]
        },
        "4": {
            "uncertainty": [
                0.007830086164176464,
                0.09070944786071777,
                0.13438470661640167,
                0.3039717674255371,
                0.18918214738368988,
                0.19142238795757294
            ],
            "llhs": [
                -88.64794921875,
                -136.88381958007812,
                -140.81088256835938,
                -138.19100952148438,
                -149.9456329345703,
                -128.02452087402344
            ]
        },
        "5": {
            "uncertainty": [
                0.004102435428649187,
                0.026537902653217316,
                0.07333580404520035,
                0.05313139408826828,
                0.11237167567014694
            ],
            "llhs": [
                -99.45956420898438,
                -127.31653594970703,
                -140.58255004882812,
                -127.18000030517578,
                -135.84765625
            ]
        },
        "6": {
            "uncertainty": [
                0.0021478766575455666,
                0.13573265075683594,
                0.08649123460054398,
                0.13036659359931946
            ],
            "llhs": [
                -91.53706359863281,
                -118.97352600097656,
                -134.8472442626953,
                -140.21328735351562
            ]
        },
        "7": {
            "uncertainty": [
                0.004303621128201485,
                0.02294733002781868,
                0.02470751851797104
            ],
            "llhs": [
                -77.503173828125,
                -96.11631774902344,
                -90.30526733398438
            ]
        },
        "8": {
            "uncertainty": [
                0.0069715543650090694,
                0.05073560029268265
            ],
            "llhs": [
                -107.47290802001953,
                -123.65972137451172
            ]
        },
        "9": {
            "uncertainty": [
                0.009095916524529457
            ],
            "llhs": [
                -84.89836120605469
            ]
        }
    }
}