{
    "config": {
        "algorithm_name": "SI",
        "num_tasks": 10,
        "epochs": 400,
        "lr": 0.0001,
        "hidden_dim": 500,
        "latent_dim": 50,
        "c": 1,
        "damping_param": 0.1,
        "batch_size": 256,
        "seed": 101,
        "id": 2,
        "save_folder": "10_runs_si_final_gen_numeric"
    },
    "results": {
        "0": {
            "uncertainty": [
                0.0006971759721636772,
                1.043220043182373,
                1.1228147745132446,
                1.643446445465088,
                0.925381600856781,
                1.3831583261489868,
                0.92890465259552,
                0.9917016625404358,
                1.2484931945800781,
                1.1866861581802368
            ],
            "llhs": [
                -101.95143127441406,
                -640.8240356445312,
                -363.4034729003906,
                -372.36138916015625,
                -342.1991882324219,
                -342.3868103027344,
                -311.9071960449219,
                -357.971435546875,
                -369.14886474609375,
                -385.7830505371094
            ]
        },
        "1": {
            "uncertainty": [
                0.0012100227177143097,
                0.06733375042676926,
                0.12221769988536835,
                0.2099873423576355,
                0.1482592225074768,
                0.16663219034671783,
                0.12066128849983215,
                0.09137621521949768,
                0.10095234960317612
            ],
            "llhs": [
                -45.14801025390625,
                -91.4072494506836,
                -105.18082427978516,
                -119.61493682861328,
                -111.0838623046875,
                -113.5573501586914,
                -109.18650817871094,
                -109.04611206054688,
                -104.68233489990234
            ]
        },
        "2": {
            "uncertainty": [
                0.004683156032115221,
                0.3615165948867798,
                0.2625708281993866,
                0.37611082196235657,
                0.2605189383029938,
                0.44433924555778503,
                0.27430087327957153,
                0.287506639957428
            ],
            "llhs": [
                -103.74191284179688,
                -181.28221130371094,
                -217.26824951171875,
                -214.98394775390625,
                -196.69239807128906,
                -238.70957946777344,
                -200.0059814453125,
                -216.26608276367188
            ]
        },
        "3": {
            "uncertainty": [
                0.0026882628444582224,
                0.15438710153102875,
                0.35721462965011597,
                0.4236010015010834,
                0.15051808953285217,
                0.1711513102054596,
                0.15681076049804688
            ],
            "llhs": [
                -99.0380630493164,
                -168.83175659179688,
                -152.86538696289062,
                -174.19361877441406,
                -183.56959533691406,
                -165.23849487304688,
                -182.36312866210938
            ]
        },
        "4": {
            "uncertainty": [
                0.006889660377055407,
                0.08065493404865265,
                0.07874283194541931,
                0.17964395880699158,
                0.1637115329504013,
                0.12635616958141327
            ],
            "llhs": [
                -88.60179901123047,
                -136.23153686523438,
                -134.37998962402344,
                -127.9910888671875,
                -142.60113525390625,
                -124.01362609863281
            ]
        },
        "5": {
            "uncertainty": [
                0.0038921423256397247,
                0.034942883998155594,
                0.05601786822080612,
                0.04682932049036026,
                0.08253836631774902
            ],
            "llhs": [
                -99.58523559570312,
                -122.99822998046875,
                -140.58367919921875,
                -126.36805725097656,
                -132.5201416015625
            ]
        },
        "6": {
            "uncertainty": [
                0.0030444387812167406,
                0.10787373781204224,
                0.07932605594396591,
                0.09308167546987534
            ],
            "llhs": [
                -91.26695251464844,
                -121.18512725830078,
                -129.02529907226562,
                -134.0320587158203
            ]
        },
        "7": {
            "uncertainty": [
                0.004157257732003927,
                0.027515245601534843,
                0.048645731061697006
            ],
            "llhs": [
                -77.3327865600586,
                -99.96941375732422,
                -92.73982238769531
            ]
        },
        "8": {
            "uncertainty": [
                0.007606490980833769,
                0.020849036052823067
            ],
            "llhs": [
                -107.10388946533203,
                -123.69329833984375
            ]
        },
        "9": {
            "uncertainty": [
                0.007645579520612955
            ],
            "llhs": [
                -85.00450897216797
            ]
        }
    }
}