{
    "config": {
        "algorithm_name": "EWC",
        "num_tasks": 10,
        "epochs": 200,
        "lr": 0.0001,
        "hidden_dim": 100,
        "lambdas": [
            10,
            10,
            10,
            10,
            10,
            10,
            10,
            10,
            10,
            10
        ],
        "batch_size": 200,
        "latent_dim": 50,
        "seed": 6,
        "id": 0,
        "save_folder": "10_runs_LP"
    },
    "results": {
        "0": {
            "uncertainty": [
                0.0027161601465195417,
                0.7576715350151062,
                0.7773481607437134,
                1.195838212966919,
                0.9494161605834961,
                1.0258129835128784,
                1.085759162902832,
                0.9202913641929626,
                1.0084835290908813,
                0.9763438701629639
            ],
            "llhs": [
                -130.0108642578125,
                -469.5782775878906,
                -470.9112548828125,
                -417.033935546875,
                -399.2241516113281,
                -394.2894592285156,
                -384.7865905761719,
                -404.0148620605469,
                -397.2872314453125,
                -397.4210205078125
            ]
        },
        "1": {
            "uncertainty": [
                0.000256837549386546,
                0.0008423689869232476,
                0.005465134046971798,
                0.005452940706163645,
                0.002838567364960909,
                0.0024986108765006065,
                0.0032675969414412975,
                0.003924630582332611,
                0.0019864097703248262
            ],
            "llhs": [
                -54.937721252441406,
                -65.02365112304688,
                -78.02912139892578,
                -84.25953674316406,
                -79.98178100585938,
                -82.27464294433594,
                -88.79267120361328,
                -86.99962615966797,
                -87.74217224121094
            ]
        },
        "2": {
            "uncertainty": [
                0.003923320677131414,
                0.4522753357887268,
                0.3399415910243988,
                0.3613561689853668,
                0.33636951446533203,
                0.39899399876594543,
                0.29138654470443726,
                0.3003520965576172
            ],
            "llhs": [
                -154.90232849121094,
                -192.6734161376953,
                -202.70751953125,
                -197.26129150390625,
                -197.8889617919922,
                -206.82984924316406,
                -199.8982391357422,
                -203.5996856689453
            ]
        },
        "3": {
            "uncertainty": [
                0.001649899291805923,
                0.01446636114269495,
                0.011091137304902077,
                0.009047061204910278,
                0.009054116904735565,
                0.009767791256308556,
                0.013595294207334518
            ],
            "llhs": [
                -135.7259979248047,
                -152.52159118652344,
                -143.91897583007812,
                -147.904296875,
                -152.98475646972656,
                -149.47894287109375,
                -151.8699188232422
            ]
        },
        "4": {
            "uncertainty": [
                0.013074235059320927,
                0.12399032711982727,
                0.19212616980075836,
                0.16754019260406494,
                0.1216455027461052,
                0.0825062096118927
            ],
            "llhs": [
                -134.9913787841797,
                -153.89178466796875,
                -159.5364990234375,
                -155.601806640625,
                -155.87757873535156,
                -147.11740112304688
            ]
        },
        "5": {
            "uncertainty": [
                0.023916561156511307,
                0.07073041051626205,
                0.11765626817941666,
                0.08371060341596603,
                0.0977056697010994
            ],
            "llhs": [
                -144.39215087890625,
                -157.60928344726562,
                -164.38882446289062,
                -153.97705078125,
                -158.29103088378906
            ]
        },
        "6": {
            "uncertainty": [
                0.012723083607852459,
                0.08259819447994232,
                0.03145784139633179,
                0.029244914650917053
            ],
            "llhs": [
                -131.31802368164062,
                -158.69931030273438,
                -146.728515625,
                -152.24375915527344
            ]
        },
        "7": {
            "uncertainty": [
                0.03617163747549057,
                0.25671669840812683,
                0.11943644285202026
            ],
            "llhs": [
                -117.3437728881836,
                -145.86622619628906,
                -136.7394256591797
            ]
        },
        "8": {
            "uncertainty": [
                0.03860032558441162,
                0.1591782420873642
            ],
            "llhs": [
                -151.03396606445312,
                -160.99534606933594
            ]
        },
        "9": {
            "uncertainty": [
                0.05712443217635155
            ],
            "llhs": [
                -122.48918151855469
            ]
        }
    }
}