{
    "config": {
        "algorithm_name": "LP",
        "num_tasks": 10,
        "epochs": 200,
        "lr": 0.0001,
        "hidden_dim": 500,
        "latent_dim": 50,
        "lambd": 10,
        "batch_size": 200,
        "seed": 6,
        "id": 0,
        "save_folder": "10_runs_LP"
    },
    "results": {
        "0": {
            "uncertainty": [
                0.000385116261895746,
                0.7729304432868958,
                0.9285956025123596,
                0.9539397954940796,
                0.644793689250946,
                0.6826876997947693,
                0.6248371005058289,
                0.8601409196853638,
                0.9075973629951477,
                0.8828056454658508
            ],
            "llhs": [
                -105.75121307373047,
                -577.5828247070312,
                -397.5135803222656,
                -366.6086120605469,
                -351.1728820800781,
                -330.00341796875,
                -318.6515808105469,
                -371.2530212402344,
                -351.63250732421875,
                -356.72705078125
            ]
        },
        "1": {
            "uncertainty": [
                0.0011728318640962243,
                0.008699256926774979,
                0.00992369744926691,
                0.023663824424147606,
                0.02140047773718834,
                0.02089965157210827,
                0.03847602754831314,
                0.03219998627901077,
                0.03523094579577446
            ],
            "llhs": [
                -46.344566345214844,
                -63.21464157104492,
                -64.61170959472656,
                -80.79936981201172,
                -78.16277313232422,
                -78.6162109375,
                -80.69664001464844,
                -76.32041931152344,
                -76.17145538330078
            ]
        },
        "2": {
            "uncertainty": [
                0.004107711836695671,
                0.026198040693998337,
                0.13835753500461578,
                0.11799997091293335,
                0.12475316971540451,
                0.292235404253006,
                0.15603987872600555,
                0.24146249890327454
            ],
            "llhs": [
                -110.72857666015625,
                -123.4068603515625,
                -195.83970642089844,
                -178.0085906982422,
                -174.98773193359375,
                -249.89431762695312,
                -202.45079040527344,
                -221.01805114746094
            ]
        },
        "3": {
            "uncertainty": [
                0.005327111110091209,
                0.15038050711154938,
                0.1432221382856369,
                0.1257520467042923,
                0.1634787619113922,
                0.09681946784257889,
                0.17626792192459106
            ],
            "llhs": [
                -105.7710952758789,
                -191.2403564453125,
                -156.44384765625,
                -155.36538696289062,
                -213.841796875,
                -177.3976593017578,
                -195.55059814453125
            ]
        },
        "4": {
            "uncertainty": [
                0.0076318904757499695,
                0.01961885392665863,
                0.017416585236787796,
                0.5656004548072815,
                0.420630544424057,
                0.36933180689811707
            ],
            "llhs": [
                -95.16968536376953,
                -105.43537902832031,
                -105.65839385986328,
                -156.9383544921875,
                -165.10723876953125,
                -149.08287048339844
            ]
        },
        "5": {
            "uncertainty": [
                0.0049681393429636955,
                0.006807198282331228,
                0.027066271752119064,
                0.02597408927977085,
                0.040017373859882355
            ],
            "llhs": [
                -107.66058349609375,
                -110.14312744140625,
                -147.86549377441406,
                -149.81089782714844,
                -147.4769744873047
            ]
        },
        "6": {
            "uncertainty": [
                0.0026638510171324015,
                0.20617465674877167,
                0.14045055210590363,
                0.09477803856134415
            ],
            "llhs": [
                -98.08753967285156,
                -181.2232666015625,
                -190.45904541015625,
                -196.26478576660156
            ]
        },
        "7": {
            "uncertainty": [
                0.005972504150122404,
                0.03386083245277405,
                0.03278614580631256
            ],
            "llhs": [
                -82.48273468017578,
                -96.48686218261719,
                -95.72931671142578
            ]
        },
        "8": {
            "uncertainty": [
                0.015734611079096794,
                0.028516631573438644
            ],
            "llhs": [
                -116.29422760009766,
                -123.16975402832031
            ]
        },
        "9": {
            "uncertainty": [
                0.010908696800470352
            ],
            "llhs": [
                -90.06217193603516
            ]
        }
    }
}