{
    "config": {
        "algorithm_name": "LP",
        "num_tasks": 10,
        "epochs": 20,
        "lr": 0.001,
        "hidden_dim": 100,
        "lambd": 0.1,
        "batch_size": 200,
        "single_head": true,
        "seed": 43,
        "id": 1,
        "save_folder": "10_runs_LP"
    },
    "accuracies": [
        0.8800999522209167,
        0.8733999729156494,
        0.8706666827201843,
        0.855650007724762,
        0.8447599411010742,
        0.8245166540145874,
        0.7990857362747192,
        0.7856000065803528,
        0.7810777425765991,
        0.7556700110435486
    ],
    "seed": 43
}