{
    "config": {
        "algorithm_name": "LP",
        "num_tasks": 10,
        "epochs": 20,
        "lr": 0.001,
        "hidden_dim": 100,
        "lambd": 0.1,
        "batch_size": 200,
        "single_head": true,
        "seed": 44,
        "id": 2,
        "save_folder": "10_runs_LP"
    },
    "accuracies": [
        0.8676999807357788,
        0.8504499793052673,
        0.8355000019073486,
        0.8316249847412109,
        0.8407400250434875,
        0.83201664686203,
        0.7959428429603577,
        0.7898499965667725,
        0.7875555157661438,
        0.7547900080680847
    ],
    "seed": 44
}