{
    "config": {
        "algorithm_name": "LP",
        "num_tasks": 10,
        "epochs": 20,
        "lr": 0.001,
        "hidden_dim": 100,
        "lambd": 0.1,
        "batch_size": 200,
        "single_head": true,
        "seed": 45,
        "id": 3,
        "save_folder": "10_runs_LP"
    },
    "accuracies": [
        0.8743999600410461,
        0.8727999925613403,
        0.8662333488464355,
        0.852074921131134,
        0.848800003528595,
        0.822616696357727,
        0.8113285899162292,
        0.7530499696731567,
        0.7462444305419922,
        0.7418000102043152
    ],
    "seed": 45
}