{
    "config": {
        "algorithm_name": "LP",
        "num_tasks": 10,
        "epochs": 20,
        "lr": 0.001,
        "hidden_dim": 100,
        "lambd": 0.1,
        "batch_size": 200,
        "single_head": true,
        "seed": 46,
        "id": 4,
        "save_folder": "10_runs_LP"
    },
    "accuracies": [
        0.8799999952316284,
        0.8733999729156494,
        0.8451000452041626,
        0.818149983882904,
        0.8432999849319458,
        0.8253999948501587,
        0.8135715126991272,
        0.7900375127792358,
        0.7714222073554993,
        0.7635200023651123
    ],
    "seed": 46
}