{
    "config": {
        "algorithm_name": "LP",
        "num_tasks": 10,
        "epochs": 20,
        "lr": 0.001,
        "hidden_dim": 100,
        "lambd": 0.1,
        "batch_size": 200,
        "single_head": true,
        "seed": 31,
        "id": 5,
        "save_folder": "10_runs_LP"
    },
    "accuracies": [
        0.8680999875068665,
        0.8593000173568726,
        0.8572999835014343,
        0.8391749858856201,
        0.8328399658203125,
        0.822350025177002,
        0.7815285921096802,
        0.7591875195503235,
        0.7558221817016602,
        0.7384099960327148
    ],
    "seed": 31
}