{
    "config": {
        "algorithm_name": "LP",
        "num_tasks": 10,
        "epochs": 20,
        "lr": 0.001,
        "hidden_dim": 100,
        "lambd": 0.1,
        "batch_size": 200,
        "single_head": true,
        "seed": 32,
        "id": 6,
        "save_folder": "10_runs_LP"
    },
    "accuracies": [
        0.8758999705314636,
        0.8773000240325928,
        0.871999979019165,
        0.8602249622344971,
        0.8304399847984314,
        0.8128166198730469,
        0.7619000673294067,
        0.7840750217437744,
        0.7596887946128845,
        0.7525600790977478
    ],
    "seed": 32
}