{
    "config": {
        "algorithm_name": "LP",
        "num_tasks": 10,
        "epochs": 20,
        "lr": 0.001,
        "hidden_dim": 100,
        "lambd": 0.1,
        "batch_size": 200,
        "single_head": true,
        "seed": 33,
        "id": 7,
        "save_folder": "10_runs_LP"
    },
    "accuracies": [
        0.8652999997138977,
        0.8697500228881836,
        0.8539666533470154,
        0.8335000276565552,
        0.8017000555992126,
        0.8135833144187927,
        0.8104142546653748,
        0.7897499799728394,
        0.7826888561248779,
        0.7700300812721252
    ],
    "seed": 33
}