{
    "config": {
        "algorithm_name": "LP",
        "num_tasks": 10,
        "epochs": 20,
        "lr": 0.001,
        "hidden_dim": 100,
        "lambd": 0.1,
        "batch_size": 200,
        "single_head": true,
        "seed": 34,
        "id": 8,
        "save_folder": "10_runs_LP"
    },
    "accuracies": [
        0.8708999752998352,
        0.8734999895095825,
        0.8615999221801758,
        0.8159249424934387,
        0.8236600160598755,
        0.8222333192825317,
        0.7734285593032837,
        0.7818249464035034,
        0.7510333061218262,
        0.744350016117096
    ],
    "seed": 34
}