{
    "config": {
        "algorithm_name": "LP",
        "num_tasks": 10,
        "epochs": 20,
        "lr": 0.001,
        "hidden_dim": 100,
        "lambd": 0.1,
        "batch_size": 200,
        "single_head": true,
        "seed": 35,
        "id": 9,
        "save_folder": "10_runs_LP"
    },
    "accuracies": [
        0.8679999709129333,
        0.874049961566925,
        0.8675333261489868,
        0.844249963760376,
        0.8422800302505493,
        0.8178333640098572,
        0.7571572065353394,
        0.7598874568939209,
        0.7449666261672974,
        0.730239987373352
    ],
    "seed": 35
}