{
    "config": {
        "algorithm_name": "VI",
        "num_tasks": 10,
        "epochs": 200,
        "lr": 0.0001,
        "hidden_dim": 500,
        "latent_dim": 50,
        "coreset_size": 0,
        "coreset_heuristic": "random",
        "batch_size": 256,
        "seed": 6,
        "id": 0,
        "save_folder": "10_runs_LP"
    },
    "results": {
        "0": {
            "uncertainty": [
                0.0021730263251811266,
                0.283981055021286,
                0.6537282466888428,
                1.3899364471435547,
                0.7045938372612,
                1.2112572193145752,
                0.7976415157318115,
                0.4775991141796112,
                0.7983996868133545,
                0.8497567176818848
            ],
            "llhs": [
                -134.95660400390625,
                -178.65150451660156,
                -228.20535278320312,
                -256.1045227050781,
                -270.2486267089844,
                -253.71200561523438,
                -239.7527618408203,
                -247.67149353027344,
                -255.50343322753906,
                -281.3020324707031
            ]
        },
        "1": {
            "uncertainty": [
                0.0002512676583137363,
                0.030311094596982002,
                0.15472669899463654,
                0.11008389294147491,
                0.15723319351673126,
                0.15920807421207428,
                0.1166912317276001,
                0.07425569742918015,
                0.13531149923801422
            ],
            "llhs": [
                -54.33586883544922,
                -71.24242401123047,
                NaN,
                -96.70475769042969,
                -99.50293731689453,
                -103.08232879638672,
                -104.740478515625,
                NaN,
                NaN
            ]
        },
        "2": {
            "uncertainty": [
                0.004413500893861055,
                0.47422918677330017,
                0.4865378439426422,
                0.5728136301040649,
                0.5025249123573303,
                0.4301334023475647,
                0.2888396978378296,
                0.47901028394699097
            ],
            "llhs": [
                -129.74766540527344,
                -159.6645050048828,
                -197.79098510742188,
                -193.0485382080078,
                -202.71165466308594,
                -216.30625915527344,
                -194.4475555419922,
                NaN
            ]
        },
        "3": {
            "uncertainty": [
                0.003119140164926648,
                0.26137953996658325,
                0.42475607991218567,
                0.4807220697402954,
                0.2019716054201126,
                0.13207624852657318,
                0.2069733589887619
            ],
            "llhs": [
                -116.98401641845703,
                -163.90216064453125,
                -148.96176147460938,
                -181.99658203125,
                -187.90406799316406,
                -163.9575958251953,
                -182.38003540039062
            ]
        },
        "4": {
            "uncertainty": [
                0.005033829715102911,
                0.09459538012742996,
                0.2439054399728775,
                0.3116036057472229,
                0.1679695099592209,
                0.2927091121673584
            ],
            "llhs": [
                -104.2529296875,
                -122.84139251708984,
                -134.8707275390625,
                -132.1599884033203,
                -130.79737854003906,
                -128.02560424804688
            ]
        },
        "5": {
            "uncertainty": [
                0.004958033096045256,
                0.09143847972154617,
                0.06140928342938423,
                0.056208398193120956,
                0.12428312748670578
            ],
            "llhs": [
                -115.47434997558594,
                -132.3405303955078,
                -143.45352172851562,
                -134.3350830078125,
                -141.42933654785156
            ]
        },
        "6": {
            "uncertainty": [
                0.003087660064920783,
                0.06767237186431885,
                0.08455795794725418,
                0.17456291615962982
            ],
            "llhs": [
                -105.19595336914062,
                -120.24111938476562,
                -128.36529541015625,
                -139.98825073242188
            ]
        },
        "7": {
            "uncertainty": [
                0.0038943227846175432,
                0.04684942588210106,
                0.07240032404661179
            ],
            "llhs": [
                -88.20052337646484,
                -97.78722381591797,
                -100.3526840209961
            ]
        },
        "8": {
            "uncertainty": [
                0.011730857193470001,
                0.11477044224739075
            ],
            "llhs": [
                -121.27776336669922,
                -128.37579345703125
            ]
        },
        "9": {
            "uncertainty": [
                0.009721209295094013
            ],
            "llhs": [
                -93.55799102783203
            ]
        }
    }
}