{
    "config": {
        "algorithm_name": "VI",
        "num_tasks": 10,
        "epochs": 200,
        "lr": 0.0001,
        "hidden_dim": 500,
        "latent_dim": 50,
        "coreset_size": 0,
        "coreset_heuristic": "random",
        "batch_size": 256,
        "seed": 6,
        "id": 0,
        "save_folder": "10_runs_LP"
    },
    "results": {
        "0": {
            "uncertainty": [
                0.00012921105371788144,
                0.533947229385376,
                1.0605839490890503,
                2.3657379150390625,
                1.163966417312622,
                1.4490747451782227,
                0.8594426512718201,
                0.6778689622879028,
                1.042980432510376,
                1.5861278772354126
            ],
            "llhs": [
                -192.03411865234375,
                -275.4212951660156,
                -309.64398193359375,
                -342.0907287597656,
                -351.06610107421875,
                -285.4566650390625,
                -295.3487548828125,
                -314.5073547363281,
                -298.551513671875,
                -357.295166015625
            ]
        },
        "1": {
            "uncertainty": [
                3.853088401228888e-06,
                0.02186223678290844,
                0.8745136260986328,
                0.1738193780183792,
                0.2577219307422638,
                0.2431865632534027,
                0.3835758566856384,
                0.4424631595611572,
                1.1056183576583862
            ],
            "llhs": [
                -72.7082748413086,
                -108.90176391601562,
                -127.24186706542969,
                -139.10093688964844,
                -103.56774139404297,
                -112.9888916015625,
                -148.63259887695312,
                -129.9158477783203,
                -150.78945922851562
            ]
        },
        "2": {
            "uncertainty": [
                0.001612140447832644,
                1.3332237005233765,
                0.9246829748153687,
                1.2855005264282227,
                0.9207322001457214,
                0.2803647518157959,
                0.6444048881530762,
                1.3778178691864014
            ],
            "llhs": [
                -202.10787963867188,
                -256.72491455078125,
                -293.3413391113281,
                -267.4588317871094,
                -254.97607421875,
                -283.1575927734375,
                -249.97203063964844,
                -320.5394592285156
            ]
        },
        "3": {
            "uncertainty": [
                1.5562374755972996e-05,
                0.965035617351532,
                0.7106617093086243,
                0.8012973666191101,
                0.25670868158340454,
                0.41403499245643616,
                0.8722667694091797
            ],
            "llhs": [
                -185.0013885498047,
                -269.1722106933594,
                -214.92257690429688,
                -250.97975158691406,
                -263.0864562988281,
                -221.51602172851562,
                -284.8880615234375
            ]
        },
        "4": {
            "uncertainty": [
                0.0005507999449037015,
                0.9194288849830627,
                0.8561416864395142,
                0.5122454166412354,
                1.0969058275222778,
                0.9154025316238403
            ],
            "llhs": [
                -172.79058837890625,
                -216.4982147216797,
                -223.40069580078125,
                -200.3667449951172,
                -209.1177978515625,
                -197.24655151367188
            ]
        },
        "5": {
            "uncertainty": [
                0.0004308306670282036,
                0.4827135503292084,
                0.5763929486274719,
                0.7339146137237549,
                1.0173720121383667
            ],
            "llhs": [
                -193.75787353515625,
                -236.1317138671875,
                -244.57310485839844,
                -214.2696533203125,
                -259.89520263671875
            ]
        },
        "6": {
            "uncertainty": [
                0.0001055171960615553,
                0.13197849690914154,
                0.7878288626670837,
                1.5149152278900146
            ],
            "llhs": [
                -182.23101806640625,
                -205.5843963623047,
                -226.5230255126953,
                -245.67953491210938
            ]
        },
        "7": {
            "uncertainty": [
                0.000979248434305191,
                0.5364433526992798,
                0.6172537207603455
            ],
            "llhs": [
                -143.16822814941406,
                -173.82098388671875,
                -169.83856201171875
            ]
        },
        "8": {
            "uncertainty": [
                0.0008395776385441422,
                0.7752872109413147
            ],
            "llhs": [
                -177.97409057617188,
                -209.30148315429688
            ]
        },
        "9": {
            "uncertainty": [
                0.00012143504136474803
            ],
            "llhs": [
                -141.21600341796875
            ]
        }
    }
}