{
    "config": {
        "algorithm_name": "EWC",
        "num_tasks": 10,
        "epochs": 20,
        "lr": 0.001,
        "hidden_dim": 100,
        "lambdas": [
            100,
            100,
            100,
            100,
            100,
            100,
            100,
            100,
            100,
            100
        ],
        "batch_size": 200,
        "single_head": true,
        "seed": 101,
        "id": 1,
        "save_folder": "10_runs_EWC_final"
    },
    "accuracies": [
        0.977899968624115,
        0.9674999713897705,
        0.9600666761398315,
        0.9511749744415283,
        0.9388400316238403,
        0.9276500940322876,
        0.9124000668525696,
        0.7587249875068665,
        0.7603777647018433,
        0.725380003452301
    ],
    "seed": 101
}