{
    "config": {
        "algorithm_name": "EWC",
        "num_tasks": 10,
        "epochs": 20,
        "lr": 0.001,
        "hidden_dim": 100,
        "lambdas": [
            100,
            100,
            100,
            100,
            100,
            100,
            100,
            100,
            100,
            100
        ],
        "batch_size": 200,
        "single_head": true,
        "seed": 105,
        "id": 5,
        "save_folder": "10_runs_EWC_final"
    },
    "accuracies": [
        0.9775999784469604,
        0.9513499736785889,
        0.9316999912261963,
        0.9358500242233276,
        0.9259400367736816,
        0.9054667353630066,
        0.8662429451942444,
        0.7990374565124512,
        0.8053777813911438,
        0.7988799810409546
    ],
    "seed": 105
}