{
    "config": {
        "algorithm_name": "EWC",
        "num_tasks": 10,
        "epochs": 20,
        "lr": 0.001,
        "hidden_dim": 100,
        "lambdas": [
            100,
            100,
            100,
            100,
            100,
            100,
            100,
            100,
            100,
            100
        ],
        "batch_size": 200,
        "single_head": true,
        "seed": 103,
        "id": 3,
        "save_folder": "10_runs_EWC_final"
    },
    "accuracies": [
        0.9754999876022339,
        0.959399938583374,
        0.9368000030517578,
        0.902400016784668,
        0.8703600168228149,
        0.8914999961853027,
        0.8845999836921692,
        0.8722874522209167,
        0.8398332595825195,
        0.8257399797439575
    ],
    "seed": 103
}