{
    "config": {
        "algorithm_name": "EWC",
        "num_tasks": 10,
        "epochs": 20,
        "lr": 0.001,
        "hidden_dim": 100,
        "lambdas": [
            100,
            100,
            100,
            100,
            100,
            100,
            100,
            100,
            100,
            100
        ],
        "batch_size": 200,
        "single_head": true,
        "seed": 107,
        "id": 7,
        "save_folder": "10_runs_EWC_final"
    },
    "accuracies": [
        0.9776999950408936,
        0.9474999904632568,
        0.9097999930381775,
        0.9021250009536743,
        0.9079999923706055,
        0.8839666247367859,
        0.8753429651260376,
        0.8421499133110046,
        0.8308332562446594,
        0.8108200430870056
    ],
    "seed": 107
}