{
    "config": {
        "algorithm_name": "VI",
        "num_tasks": 10,
        "epochs": 100,
        "lr": 0.001,
        "hidden_dim": 100,
        "coreset_size": 0,
        "coreset_heuristic": "random",
        "batch_size": 256,
        "mode": "bernoulli",
        "single_head": true,
        "seed": 103,
        "id": 3,
        "save_folder": "10_runs_vi_final"
    },
    "accuracies": [
        0.9804999828338623,
        0.9731500148773193,
        0.9674000144004822,
        0.961899995803833,
        0.9538599848747253,
        0.9514832496643066,
        0.9454857110977173,
        0.9359250068664551,
        0.9276776909828186,
        0.9162899851799011
    ],
    "seed": 103
}