{
    "config": {
        "algorithm_name": "VI",
        "num_tasks": 10,
        "epochs": 100,
        "lr": 0.001,
        "hidden_dim": 100,
        "coreset_size": 200,
        "coreset_heuristic": "random",
        "batch_size": 256,
        "mode": "bernoulli",
        "single_head": true,
        "seed": 104,
        "id": 9,
        "save_folder": "10_runs_vi_final"
    },
    "accuracies": [
        0.9824000000953674,
        0.9731499552726746,
        0.9695000052452087,
        0.9662500023841858,
        0.962399959564209,
        0.9593666791915894,
        0.952914297580719,
        0.9485250115394592,
        0.9447444081306458,
        0.9378600120544434
    ],
    "seed": 104
}