{
    "config": {
        "algorithm_name": "VI",
        "num_tasks": 10,
        "epochs": 100,
        "lr": 0.001,
        "hidden_dim": 100,
        "coreset_size": 200,
        "coreset_heuristic": "random",
        "batch_size": 256,
        "mode": "bernoulli",
        "single_head": true,
        "coreset_only": true,
        "seed": 100,
        "id": 1,
        "save_folder": "coreset_only"
    },
    "accuracies": [
        0.9185999631881714,
        0.6090999841690063,
        0.5407999753952026,
        0.48445001244544983,
        0.4418000280857086,
        0.430316686630249,
        0.414814293384552,
        0.40459996461868286,
        0.385866641998291,
        0.39475998282432556
    ],
    "seed": 100
}