{
    "config": {
        "algorithm_name": "EWC",
        "num_tasks": 10,
        "epochs": 20,
        "lr": 0.001,
        "hidden_dim": 100,
        "lambdas": [
            100,
            100,
            100,
            100,
            100,
            100,
            100,
            100,
            100,
            100
        ],
        "batch_size": 200,
        "single_head": true,
        "seed": 102,
        "id": 2,
        "save_folder": "10_runs_EWC_final2"
    },
    "accuracies": [
        0.9772999882698059,
        0.9433499574661255,
        0.9313000440597534,
        0.7863999605178833,
        0.7648799419403076,
        0.8005666732788086,
        0.7513857483863831,
        0.6899124979972839,
        0.634411096572876,
        0.5842199325561523
    ],
    "seed": 102
}