{
    "config": {
        "algorithm_name": "EWC",
        "num_tasks": 10,
        "epochs": 20,
        "lr": 0.001,
        "hidden_dim": 100,
        "lambdas": [
            100,
            100,
            100,
            100,
            100,
            100,
            100,
            100,
            100,
            100
        ],
        "batch_size": 200,
        "single_head": true,
        "seed": 108,
        "id": 8,
        "save_folder": "10_runs_EWC_final2"
    },
    "accuracies": [
        0.9768999814987183,
        0.9625499844551086,
        0.9253000020980835,
        0.8133499622344971,
        0.8106800317764282,
        0.7711166739463806,
        0.7016143202781677,
        0.669312596321106,
        0.6057999730110168,
        0.5013700127601624
    ],
    "seed": 108
}