{
    "config": {
        "algorithm_name": "EWC",
        "num_tasks": 10,
        "epochs": 20,
        "lr": 0.001,
        "hidden_dim": 100,
        "lambdas": [
            100,
            100,
            100,
            100,
            100,
            100,
            100,
            100,
            100,
            100
        ],
        "batch_size": 200,
        "single_head": true,
        "seed": 105,
        "id": 5,
        "save_folder": "10_runs_EWC_final2"
    },
    "accuracies": [
        0.9775999784469604,
        0.9675999879837036,
        0.9539333581924438,
        0.888499915599823,
        0.8791199922561646,
        0.8692833781242371,
        0.8054428696632385,
        0.430899977684021,
        0.4873444736003876,
        0.4584200382232666
    ],
    "seed": 105
}