{
    "config": {
        "algorithm_name": "EWC",
        "num_tasks": 10,
        "epochs": 20,
        "lr": 0.001,
        "hidden_dim": 100,
        "lambdas": [
            100,
            100,
            100,
            100,
            100,
            100,
            100,
            100,
            100,
            100
        ],
        "batch_size": 200,
        "single_head": true,
        "seed": 107,
        "id": 7,
        "save_folder": "10_runs_EWC_final2"
    },
    "accuracies": [
        0.9776999950408936,
        0.9545999765396118,
        0.930233359336853,
        0.9061750173568726,
        0.7871399521827698,
        0.748966634273529,
        0.7266857028007507,
        0.6944500207901001,
        0.5758999586105347,
        0.5309200286865234
    ],
    "seed": 107
}