{
    "config": {
        "algorithm_name": "EWC",
        "num_tasks": 10,
        "epochs": 20,
        "lr": 0.001,
        "hidden_dim": 100,
        "lambdas": [
            100,
            100,
            100,
            100,
            100,
            100,
            100,
            100,
            100,
            100
        ],
        "batch_size": 200,
        "single_head": true,
        "seed": 103,
        "id": 3,
        "save_folder": "10_runs_EWC_final2"
    },
    "accuracies": [
        0.9754999876022339,
        0.9637500047683716,
        0.9567000269889832,
        0.9100499749183655,
        0.8711199760437012,
        0.8475666046142578,
        0.811328649520874,
        0.33476248383522034,
        0.32606664299964905,
        0.3888300061225891
    ],
    "seed": 103
}