{
    "config": {
        "algorithm_name": "EWC",
        "num_tasks": 10,
        "epochs": 20,
        "lr": 0.001,
        "hidden_dim": 100,
        "lambdas": [
            100,
            100,
            100,
            100,
            100,
            100,
            100,
            100,
            100,
            100
        ],
        "batch_size": 200,
        "single_head": true,
        "seed": 100,
        "id": 0,
        "save_folder": "10_runs_EWC_final2"
    },
    "accuracies": [
        0.9756999611854553,
        0.9572999477386475,
        0.9521999359130859,
        0.9455249905586243,
        0.9303199648857117,
        0.8386166095733643,
        0.803271472454071,
        0.7730499505996704,
        0.7160666584968567,
        0.6662100553512573
    ],
    "seed": 100
}