{
    "config": {
        "algorithm_name": "EWC",
        "num_tasks": 10,
        "epochs": 20,
        "lr": 0.001,
        "hidden_dim": 100,
        "lambdas": [
            100,
            100,
            100,
            100,
            100,
            100,
            100,
            100,
            100,
            100
        ],
        "batch_size": 200,
        "single_head": true,
        "seed": 109,
        "id": 9,
        "save_folder": "10_runs_EWC_final2"
    },
    "accuracies": [
        0.9770999550819397,
        0.9693999886512756,
        0.9598333239555359,
        0.9468499422073364,
        0.9313399195671082,
        0.8933666944503784,
        0.8477714657783508,
        0.7840625047683716,
        0.7196333408355713,
        0.6658299565315247
    ],
    "seed": 109
}