{
    "config": {
        "algorithm_name": "EWC",
        "num_tasks": 10,
        "epochs": 20,
        "lr": 0.001,
        "hidden_dim": 100,
        "lambdas": [
            100,
            100,
            100,
            100,
            100,
            100,
            100,
            100,
            100,
            100
        ],
        "batch_size": 200,
        "single_head": true,
        "seed": 101,
        "id": 1,
        "save_folder": "10_runs_EWC_final2"
    },
    "accuracies": [
        0.977899968624115,
        0.9706499576568604,
        0.9611666202545166,
        0.9454500079154968,
        0.9159199595451355,
        0.8734166026115417,
        0.8296857476234436,
        0.7677749395370483,
        0.7173112034797668,
        0.5460000038146973
    ],
    "seed": 101
}