{
    "config": {
        "algorithm_name": "EWC",
        "num_tasks": 10,
        "epochs": 20,
        "lr": 0.001,
        "hidden_dim": 100,
        "lambdas": [
            100,
            100,
            100,
            100,
            100,
            100,
            100,
            100,
            100,
            100
        ],
        "batch_size": 200,
        "single_head": true,
        "seed": 104,
        "id": 4,
        "save_folder": "10_runs_EWC_final2"
    },
    "accuracies": [
        0.97489994764328,
        0.968500018119812,
        0.9623000025749207,
        0.9520500302314758,
        0.9164600372314453,
        0.8811999559402466,
        0.8372429013252258,
        0.7858249545097351,
        0.7386888265609741,
        0.68013995885849
    ],
    "seed": 104
}