{
    "config": {
        "algorithm_name": "EWC",
        "num_tasks": 10,
        "epochs": 20,
        "lr": 0.001,
        "hidden_dim": 100,
        "lambdas": [
            100,
            100,
            100,
            100,
            100,
            100,
            100,
            100,
            100,
            100
        ],
        "batch_size": 200,
        "single_head": true,
        "seed": 106,
        "id": 6,
        "save_folder": "10_runs_EWC_final2"
    },
    "accuracies": [
        0.9767999649047852,
        0.9518499374389648,
        0.9421999454498291,
        0.9243499636650085,
        0.905479907989502,
        0.8893333673477173,
        0.8284714221954346,
        0.7571624517440796,
        0.7102999091148376,
        0.6463399529457092
    ],
    "seed": 106
}