{
    "config": {
        "algorithm_name": "LP",
        "num_tasks": 10,
        "epochs": 20,
        "lr": 0.001,
        "hidden_dim": 100,
        "lambd": 0.1,
        "batch_size": 200,
        "single_head": true,
        "seed": 101,
        "id": 1,
        "save_folder": "10_runs_LP_final"
    },
    "accuracies": [
        0.9729999899864197,
        0.9725499749183655,
        0.9606666564941406,
        0.9511250257492065,
        0.9348199963569641,
        0.9299334287643433,
        0.9175571203231812,
        0.9037500023841858,
        0.8896889090538025,
        0.8812999725341797
    ],
    "seed": 101
}