{
    "config": {
        "algorithm_name": "LP",
        "num_tasks": 10,
        "epochs": 20,
        "lr": 0.001,
        "hidden_dim": 100,
        "lambd": 0.1,
        "batch_size": 200,
        "single_head": true,
        "seed": 101,
        "id": 1,
        "save_folder": "10_runs_LP_final"
    },
    "accuracies": [
        0.8678999543190002,
        0.8705999851226807,
        0.8733667135238647,
        0.8628749847412109,
        0.8503400087356567,
        0.8154999613761902,
        0.7969428300857544,
        0.7567124366760254,
        0.7973999381065369,
        0.7526699304580688
    ],
    "seed": 101
}