{
    "config": {
        "algorithm_name": "LP",
        "num_tasks": 10,
        "epochs": 20,
        "lr": 0.001,
        "hidden_dim": 100,
        "lambd": 0.1,
        "batch_size": 200,
        "single_head": true,
        "seed": 102,
        "id": 2,
        "save_folder": "10_runs_LP_final"
    },
    "accuracies": [
        0.9770999550819397,
        0.9633499383926392,
        0.959566593170166,
        0.9498749375343323,
        0.9403200149536133,
        0.9166166186332703,
        0.9102285504341125,
        0.895812451839447,
        0.891200065612793,
        0.8796300292015076
    ],
    "seed": 102
}