{
    "config": {
        "algorithm_name": "LP",
        "num_tasks": 10,
        "epochs": 20,
        "lr": 0.001,
        "hidden_dim": 100,
        "lambd": 0.1,
        "batch_size": 200,
        "single_head": true,
        "seed": 104,
        "id": 4,
        "save_folder": "10_runs_LP_final"
    },
    "accuracies": [
        0.9783999919891357,
        0.9703499674797058,
        0.962233304977417,
        0.952299952507019,
        0.9151600003242493,
        0.9125833511352539,
        0.8935999870300293,
        0.8982875347137451,
        0.8836444020271301,
        0.868649959564209
    ],
    "seed": 104
}