{
    "config": {
        "algorithm_name": "LP",
        "num_tasks": 10,
        "epochs": 20,
        "lr": 0.001,
        "hidden_dim": 100,
        "lambd": 0.1,
        "batch_size": 200,
        "single_head": true,
        "seed": 104,
        "id": 4,
        "save_folder": "10_runs_LP_final"
    },
    "accuracies": [
        0.8781999945640564,
        0.8680499792098999,
        0.8306333422660828,
        0.8204250335693359,
        0.8034400343894958,
        0.7788333296775818,
        0.7675999999046326,
        0.7708874344825745,
        0.7484555244445801,
        0.7309499979019165
    ],
    "seed": 104
}