{
    "config": {
        "algorithm_name": "LP",
        "num_tasks": 10,
        "epochs": 20,
        "lr": 0.001,
        "hidden_dim": 100,
        "lambd": 0.1,
        "batch_size": 200,
        "single_head": true,
        "seed": 106,
        "id": 6,
        "save_folder": "10_runs_LP_final"
    },
    "accuracies": [
        0.8761999607086182,
        0.8744999766349792,
        0.868933379650116,
        0.8519749641418457,
        0.8288799524307251,
        0.8030166625976562,
        0.779828667640686,
        0.7681875228881836,
        0.754788875579834,
        0.7497800588607788
    ],
    "seed": 106
}