{
    "config": {
        "algorithm_name": "LP",
        "num_tasks": 10,
        "epochs": 20,
        "lr": 0.001,
        "hidden_dim": 100,
        "lambd": 0.1,
        "batch_size": 200,
        "single_head": true,
        "seed": 107,
        "id": 7,
        "save_folder": "10_runs_LP_final"
    },
    "accuracies": [
        0.8729999661445618,
        0.8677499890327454,
        0.8684999942779541,
        0.8511250019073486,
        0.8396399617195129,
        0.8054832816123962,
        0.8160713911056519,
        0.7804125547409058,
        0.7842443585395813,
        0.7454599738121033
    ],
    "seed": 107
}