{
    "config": {
        "algorithm_name": "EWC",
        "num_tasks": 10,
        "epochs": 100,
        "lr": 0.001,
        "hidden_dim": 100,
        "lambdas": [
            100,
            100,
            100,
            100,
            100,
            100,
            100,
            100,
            100,
            100
        ],
        "batch_size": 256,
        "single_head": true
    },
    "accuracies": [
        0.9785999655723572,
        0.8501999974250793,
        0.7055333852767944,
        0.7289249300956726,
        0.6439000368118286,
        0.6344000101089478,
        0.6037999987602234,
        0.5808749794960022,
        0.5526666641235352,
        0.5260500311851501
    ]
}
no emphazie on initial parameters