{
    "config": {
        "algorithm_name": "EWC",
        "num_tasks": 10,
        "epochs": 100,
        "lr": 0.001,
        "hidden_dim": 100,
        "lambdas": [
            10,
            10,
            10,
            10,
            10,
            10,
            10,
            10,
            10,
            10
        ],
        "batch_size": 256,
        "single_head": true
    },
    "accuracies": [
        0.9785999655723572,
        0.8466500043869019,
        0.6115666627883911,
        0.5195499658584595,
        0.4450800120830536,
        0.368966668844223,
        0.3889571726322174,
        0.3642500042915344,
        0.3733777403831482,
        0.3534599840641022
    ]
}
no emphazie on initial parameters