{
    "config": {
        "algorithm_name": "EWC",
        "num_tasks": 10,
        "epochs": 10,
        "lr": 0.001,
        "hidden_dim": 100,
        "lambdas": [
            10000,
            10000,
            10000,
            10000,
            10000,
            10000,
            10000,
            10000,
            10000,
            10000
        ],
        "batch_size": 256,
        "single_head": true
    },
    "accuracies": [
        0.9768999814987183,
        0.9517999887466431,
        0.8510665893554688,
        0.8826749324798584,
        0.8742399215698242,
        0.8181333541870117,
        0.76762855052948,
        0.7032000422477722,
        0.6472444534301758,
        0.5935499668121338
    ]
}