{
    "config": {
        "algorithm_name": "LP",
        "num_tasks": 10,
        "epochs": 100,
        "lr": 0.001,
        "hidden_dim": 100,
        "lambd": 10,
        "batch_size": 256,
        "single_head": true
    },
    "accuracies": [
        0.9785999655723572,
        0.8378499746322632,
        0.6870666742324829,
        0.5248749852180481,
        0.4885599613189697,
        0.4263499975204468,
        0.38842856884002686,
        0.37671250104904175,
        0.3375222086906433,
        0.35648998618125916
    ]
}
no emphaize on the initial parameters