{
    "config": {
        "algorithm_name": "LP",
        "num_tasks": 10,
        "epochs": 100,
        "lr": 0.001,
        "hidden_dim": 100,
        "lambd": 100,
        "batch_size": 256,
        "single_head": true
    },
    "accuracies": [
        0.9785999655723572,
        0.8465499877929688,
        0.7314000129699707,
        0.6418499946594238,
        0.6151800155639648,
        0.6109000444412231,
        0.5802285671234131,
        0.5355499982833862,
        0.5107555389404297,
        0.4804900288581848
    ]
}
no emphazie on initial parameters