{
    "config": {
        "algorithm_name": "LP",
        "num_tasks": 10,
        "epochs": 10,
        "lr": 0.001,
        "hidden_dim": 100,
        "lambd": 10000,
        "batch_size": 256,
        "single_head": true
    },
    "accuracies": [
        0.9768999814987183,
        0.9515500068664551,
        0.831000030040741,
        0.868149995803833,
        0.8594200015068054,
        0.8113999366760254,
        0.7616857290267944,
        0.697100043296814,
        0.6364110708236694,
        0.5879000425338745
    ]
}