{
    "config": {
        "algorithm_name": "SI",
        "num_tasks": 10,
        "epochs": 100,
        "lr": 0.001,
        "hidden_dim": 100,
        "c": 0.01,
        "damping_param": 0.001,
        "batch_size": 256,
        "single_head": true
    },
    "accuracies": [
        0.9785999655723572,
        0.9551999568939209,
        0.9296666383743286,
        0.8496749401092529,
        0.8323200345039368,
        0.7762999534606934,
        0.7784143090248108,
        0.747700035572052,
        0.6971222758293152,
        0.6808499693870544
    ]
}