{
    "config": {
        "algorithm_name": "SI",
        "num_tasks": 10,
        "epochs": 100,
        "lr": 0.001,
        "hidden_dim": 100,
        "c": 0.1,
        "damping_param": 0.001,
        "batch_size": 256,
        "single_head": true
    },
    "accuracies": [
        0.9785999655723572,
        0.9519000053405762,
        0.9385666847229004,
        0.9124499559402466,
        0.8599399924278259,
        0.7960166931152344,
        0.7358571887016296,
        0.6639625430107117,
        0.6141555905342102,
        0.561989963054657
    ]
}
Way to much emphasize on the initial parameters