{
    "config": {
        "algorithm_name": "SI",
        "num_tasks": 10,
        "epochs": 10,
        "lr": 0.001,
        "hidden_dim": 100,
        "c": 10,
        "damping_param": 0.001,
        "batch_size": 256,
        "single_head": true
    },
    "accuracies": [
        0.9768999814987183,
        0.9602999687194824,
        0.8438000082969666,
        0.7695749402046204,
        0.6805599331855774,
        0.5889666676521301,
        0.5183142423629761,
        0.46681252121925354,
        0.430400013923645,
        0.3935799300670624
    ]
}