{
    "config": {
        "algorithm_name": "VI",
        "num_tasks": 10,
        "epochs": 100,
        "lr": 0.001,
        "hidden_dim": 100,
        "coreset_size": 0,
        "coreset_heuristic": "random",
        "batch_size": 256,
        "mode": "bernoulli",
        "single_head": true
    },
    "accuracies": [
        0.9828999638557434,
        0.9666999578475952,
        0.9562999606132507,
        0.9458500146865845,
        0.9259199500083923,
        0.9038000106811523,
        0.8879714608192444,
        0.8722125291824341,
        0.851711094379425,
        0.8459799885749817
    ]
}