{
    "config": {
        "algorithm_name": "VI",
        "num_tasks": 10,
        "epochs": 100,
        "lr": 0.001,
        "hidden_dim": 100,
        "coreset_size": 1000,
        "coreset_heuristic": "random",
        "batch_size": 256,
        "mode": "bernoulli",
        "single_head": true
    },
    "accuracies": [
        0.9818999767303467,
        0.9704499840736389,
        0.9629999995231628,
        0.9590749740600586,
        0.9566799998283386,
        0.9528665542602539,
        0.9489858150482178,
        0.9454124569892883,
        0.9419110417366028,
        0.9373099207878113
    ]
}