{
    "config": {
        "algorithm_name": "VI",
        "num_tasks": 10,
        "epochs": 100,
        "lr": 0.001,
        "hidden_dim": 100,
        "coreset_size": 5000,
        "coreset_heuristic": "random",
        "batch_size": 256,
        "mode": "bernoulli",
        "single_head": true
    },
    "accuracies": [
        0.9817000031471252,
        0.9699499607086182,
        0.966533362865448,
        0.9649499654769897,
        0.9615599513053894,
        0.9600666761398315,
        0.9568428993225098,
        0.9533249139785767,
        0.9519999623298645,
        0.9495899081230164
    ]
}