{
    "config": {
        "algorithm_name": "SI",
        "num_tasks": 10,
        "epochs": 20,
        "lr": 0.001,
        "hidden_dim": 100,
        "c": 0.5,
        "damping_param": 0.1,
        "batch_size": 256,
        "single_head": true,
        "seed": 100,
        "id": 0,
        "save_folder": "10_runs_SI_final2"
    },
    "accuracies": [
        0.9770999550819397,
        0.9520999789237976,
        0.9148666858673096,
        0.8381249904632568,
        0.7424799799919128,
        0.6455166339874268,
        0.5703571438789368,
        0.51214998960495,
        0.46778884530067444,
        0.43431994318962097
    ],
    "seed": 100
}