{
    "config": {
        "algorithm_name": "SI",
        "num_tasks": 10,
        "epochs": 20,
        "lr": 0.001,
        "hidden_dim": 100,
        "c": 0.5,
        "damping_param": 0.1,
        "batch_size": 256,
        "single_head": true,
        "seed": 101,
        "id": 1,
        "save_folder": "10_runs_SI_final2"
    },
    "accuracies": [
        0.9747999906539917,
        0.9586499929428101,
        0.9121000170707703,
        0.805649995803833,
        0.6470800042152405,
        0.5446666479110718,
        0.4861571788787842,
        0.4412999749183655,
        0.4028444290161133,
        0.37334999442100525
    ],
    "seed": 101
}