{
    "config": {
        "algorithm_name": "SI",
        "num_tasks": 10,
        "epochs": 20,
        "lr": 0.001,
        "hidden_dim": 100,
        "c": 0.5,
        "damping_param": 0.1,
        "batch_size": 256,
        "single_head": true,
        "seed": 102,
        "id": 2,
        "save_folder": "10_runs_SI_final2"
    },
    "accuracies": [
        0.9771999716758728,
        0.9309999942779541,
        0.8383333086967468,
        0.7853250503540039,
        0.7031199932098389,
        0.6155000329017639,
        0.5509142875671387,
        0.4969874918460846,
        0.45858892798423767,
        0.4255799353122711
    ],
    "seed": 102
}