{
    "config": {
        "algorithm_name": "SI",
        "num_tasks": 10,
        "epochs": 20,
        "lr": 0.001,
        "hidden_dim": 100,
        "c": 0.5,
        "damping_param": 0.1,
        "batch_size": 256,
        "single_head": true,
        "seed": 103,
        "id": 3,
        "save_folder": "10_runs_SI_final2"
    },
    "accuracies": [
        0.9753999710083008,
        0.9540499448776245,
        0.8737666606903076,
        0.8078500032424927,
        0.7106599807739258,
        0.6382334232330322,
        0.5727285742759705,
        0.5199124813079834,
        0.47674450278282166,
        0.4437599778175354
    ],
    "seed": 103
}