{
    "config": {
        "algorithm_name": "SI",
        "num_tasks": 10,
        "epochs": 20,
        "lr": 0.001,
        "hidden_dim": 100,
        "c": 0.5,
        "damping_param": 0.1,
        "batch_size": 256,
        "single_head": true,
        "seed": 104,
        "id": 4,
        "save_folder": "10_runs_SI_final2"
    },
    "accuracies": [
        0.9763000011444092,
        0.9565500020980835,
        0.8333999514579773,
        0.7706999778747559,
        0.6552000045776367,
        0.5868667364120483,
        0.5253714323043823,
        0.47286248207092285,
        0.4311000108718872,
        0.4039200246334076
    ],
    "seed": 104
}