{
    "config": {
        "algorithm_name": "SI",
        "num_tasks": 10,
        "epochs": 20,
        "lr": 0.001,
        "hidden_dim": 100,
        "c": 0.5,
        "damping_param": 0.1,
        "batch_size": 256,
        "single_head": true,
        "seed": 105,
        "id": 5,
        "save_folder": "10_runs_SI_final2"
    },
    "accuracies": [
        0.976699948310852,
        0.9337999820709229,
        0.8977665901184082,
        0.6908999681472778,
        0.6179800033569336,
        0.5755166411399841,
        0.5297000408172607,
        0.4787749946117401,
        0.4380221962928772,
        0.4034799635410309
    ],
    "seed": 105
}