{
    "config": {
        "algorithm_name": "SI",
        "num_tasks": 10,
        "epochs": 20,
        "lr": 0.001,
        "hidden_dim": 100,
        "c": 0.5,
        "damping_param": 0.1,
        "batch_size": 256,
        "single_head": true,
        "seed": 106,
        "id": 6,
        "save_folder": "10_runs_SI_final2"
    },
    "accuracies": [
        0.9771999716758728,
        0.9594999551773071,
        0.8858999609947205,
        0.7840499877929688,
        0.7018000483512878,
        0.6214166879653931,
        0.548714280128479,
        0.490449994802475,
        0.4455777704715729,
        0.4117100238800049
    ],
    "seed": 106
}