{
    "config": {
        "algorithm_name": "SI",
        "num_tasks": 10,
        "epochs": 20,
        "lr": 0.001,
        "hidden_dim": 100,
        "c": 0.5,
        "damping_param": 0.1,
        "batch_size": 256,
        "single_head": true,
        "seed": 107,
        "id": 7,
        "save_folder": "10_runs_SI_final2"
    },
    "accuracies": [
        0.9772999882698059,
        0.960099995136261,
        0.8563333749771118,
        0.7002249956130981,
        0.6362000107765198,
        0.5597500205039978,
        0.5094857811927795,
        0.4569125473499298,
        0.4222777783870697,
        0.3927000164985657
    ],
    "seed": 107
}