{
    "config": {
        "algorithm_name": "SI",
        "num_tasks": 10,
        "epochs": 20,
        "lr": 0.001,
        "hidden_dim": 100,
        "c": 0.5,
        "damping_param": 0.1,
        "batch_size": 256,
        "single_head": true,
        "seed": 108,
        "id": 8,
        "save_folder": "10_runs_SI_final2"
    },
    "accuracies": [
        0.977400004863739,
        0.9541499614715576,
        0.8470333814620972,
        0.696399986743927,
        0.655460000038147,
        0.5680833458900452,
        0.5145429372787476,
        0.46603745222091675,
        0.42703333497047424,
        0.403329998254776
    ],
    "seed": 108
}