{
    "config": {
        "algorithm_name": "SI",
        "num_tasks": 10,
        "epochs": 20,
        "lr": 0.001,
        "hidden_dim": 100,
        "c": 0.5,
        "damping_param": 0.1,
        "batch_size": 256,
        "single_head": true,
        "seed": 109,
        "id": 9,
        "save_folder": "10_runs_SI_final2"
    },
    "accuracies": [
        0.9776999950408936,
        0.9618499279022217,
        0.919866681098938,
        0.8342499732971191,
        0.7499200105667114,
        0.6574333310127258,
        0.5770000219345093,
        0.5166374444961548,
        0.4707777798175812,
        0.4353099465370178
    ],
    "seed": 109
}