{
    "config": {
        "algorithm_name": "VI",
        "num_tasks": 10,
        "epochs": 200,
        "lr": 0.0001,
        "hidden_dim": 500,
        "latent_dim": 50,
        "coreset_size": 0,
        "coreset_heuristic": "random",
        "batch_size": 256,
        "seed": 100,
        "id": 0,
        "save_folder": "results/generative/10_runs_gen_vi_final"
    },
    "results": {
        "0": {
            "uncertainty": [
                0.0005429155426099896,
                0.37154072523117065,
                0.6682277321815491,
                1.4000476598739624,
                0.7817545533180237,
                1.158105731010437,
                0.7856682538986206,
                0.3823211193084717,
                0.7281376719474792,
                0.9238767623901367
            ],
            "llhs": [
                -148.59959411621094,
                -219.25990295410156,
                -246.26878356933594,
                -260.718994140625,
                -268.2909851074219,
                -254.87940979003906,
                -252.57752990722656,
                -257.7574768066406,
                -266.1509094238281,
                -286.3878173828125
            ]
        },
        "1": {
            "uncertainty": [
                0.0002311693096999079,
                0.05296122282743454,
                0.06601535528898239,
                0.1050223633646965,
                0.09031765162944794,
                0.19057157635688782,
                0.07082554697990417,
                0.043378379195928574,
                0.06320252269506454
            ],
            "llhs": [
                -57.426666259765625,
                -79.03382873535156,
                -88.35719299316406,
                -98.58116912841797,
                -93.12454223632812,
                -106.46808624267578,
                -98.88029479980469,
                -83.59235382080078,
                -94.82386016845703
            ]
        },
        "2": {
            "uncertainty": [
                0.0022609950974583626,
                0.5595338940620422,
                0.4758857190608978,
                0.6195005774497986,
                0.5517875552177429,
                0.4195549786090851,
                0.24510587751865387,
                0.512316882610321
            ],
            "llhs": [
                -135.10934448242188,
                -166.58087158203125,
                -204.94740295410156,
                -195.109619140625,
                -207.6834716796875,
                -211.74256896972656,
                NaN,
                NaN
            ]
        },
        "3": {
            "uncertainty": [
                0.003254483686760068,
                0.4171368181705475,
                0.4806375801563263,
                0.5466904044151306,
                0.17364901304244995,
                0.1446029096841812,
                0.23394343256950378
            ],
            "llhs": [
                -120.34261322021484,
                -179.9375457763672,
                -151.6412353515625,
                -185.87860107421875,
                -189.02056884765625,
                -168.0956268310547,
                -183.15402221679688
            ]
        },
        "4": {
            "uncertainty": [
                0.0052276188507676125,
                0.19183193147182465,
                0.3962133824825287,
                0.3741520047187805,
                0.2087586373090744,
                0.3279780149459839
            ],
            "llhs": [
                -105.37982177734375,
                -133.23233032226562,
                -148.31382751464844,
                -137.2554473876953,
                -139.70175170898438,
                -130.388427734375
            ]
        },
        "5": {
            "uncertainty": [
                0.0022497368045151234,
                0.15113882720470428,
                0.11635100096464157,
                0.15841908752918243,
                0.21524028480052948
            ],
            "llhs": [
                -117.62722778320312,
                -142.2853546142578,
                -154.202392578125,
                -142.24815368652344,
                -147.44700622558594
            ]
        },
        "6": {
            "uncertainty": [
                0.001441430882550776,
                0.17533983290195465,
                0.16113397479057312,
                0.3333820700645447
            ],
            "llhs": [
                -106.78598022460938,
                -137.16757202148438,
                -143.44606018066406,
                -158.26808166503906
            ]
        },
        "7": {
            "uncertainty": [
                0.005550473928451538,
                0.0697021484375,
                0.09238498657941818
            ],
            "llhs": [
                -89.12396240234375,
                -104.89878845214844,
                -103.44511413574219
            ]
        },
        "8": {
            "uncertainty": [
                0.014210392720997334,
                0.1900695264339447
            ],
            "llhs": [
                -122.38648986816406,
                -134.24171447753906
            ]
        },
        "9": {
            "uncertainty": [
                0.009267582558095455
            ],
            "llhs": [
                -93.84800720214844
            ]
        }
    }
}