{
    "config": {
        "algorithm_name": "VI",
        "num_tasks": 10,
        "epochs": 200,
        "lr": 0.0001,
        "hidden_dim": 500,
        "latent_dim": 50,
        "coreset_size": 0,
        "coreset_heuristic": "random",
        "batch_size": 256,
        "seed": 101,
        "id": 1,
        "save_folder": "results/generative/10_runs_gen_vi_final"
    },
    "results": {
        "0": {
            "uncertainty": [
                0.0005575924296863377,
                0.369197279214859,
                0.6153332591056824,
                1.2212125062942505,
                0.6302080750465393,
                0.9127271175384521,
                0.6575857996940613,
                0.28362786769866943,
                0.5569382905960083,
                0.7069580554962158
            ],
            "llhs": [
                -148.06689453125,
                -210.8031768798828,
                -238.01731872558594,
                -258.24542236328125,
                -261.7081298828125,
                -249.90090942382812,
                -246.7033233642578,
                -256.9145202636719,
                -263.5090637207031,
                -285.12249755859375
            ]
        },
        "1": {
            "uncertainty": [
                0.0002606363850645721,
                0.050364959985017776,
                0.0683012455701828,
                0.12248244136571884,
                0.09139490872621536,
                0.16151869297027588,
                0.07328668236732483,
                0.03670182824134827,
                0.07824250310659409
            ],
            "llhs": [
                -57.285743713378906,
                -76.3354263305664,
                -87.87187194824219,
                -100.38842010498047,
                -94.46381378173828,
                -109.60855102539062,
                -100.74571228027344,
                -83.82762145996094,
                -97.21681213378906
            ]
        },
        "2": {
            "uncertainty": [
                0.0034389563370496035,
                0.5769522190093994,
                0.44596853852272034,
                0.5228310227394104,
                0.49764108657836914,
                0.37773633003234863,
                0.21175146102905273,
                0.438006728887558
            ],
            "llhs": [
                -134.6586456298828,
                -167.05860900878906,
                -211.0919952392578,
                -198.21286010742188,
                -213.91775512695312,
                NaN,
                NaN,
                NaN
            ]
        },
        "3": {
            "uncertainty": [
                0.001940084039233625,
                0.4058510363101959,
                0.47462400794029236,
                0.6014860272407532,
                0.1866150051355362,
                0.17181292176246643,
                0.23091241717338562
            ],
            "llhs": [
                -119.75190734863281,
                -179.59799194335938,
                -155.69723510742188,
                -192.82296752929688,
                -195.728759765625,
                -170.10781860351562,
                -187.40914916992188
            ]
        },
        "4": {
            "uncertainty": [
                0.005679465364664793,
                0.20284947752952576,
                0.4574132561683655,
                0.3868938982486725,
                0.2685513198375702,
                0.31772541999816895
            ],
            "llhs": [
                -105.4578857421875,
                -134.78639221191406,
                -151.7738037109375,
                -144.13339233398438,
                -145.45123291015625,
                -131.82981872558594
            ]
        },
        "5": {
            "uncertainty": [
                0.0034119158517569304,
                0.14216327667236328,
                0.11347250640392303,
                0.16025006771087646,
                0.2199479192495346
            ],
            "llhs": [
                -117.37081909179688,
                -140.49839782714844,
                -155.09283447265625,
                -141.62942504882812,
                -146.90736389160156
            ]
        },
        "6": {
            "uncertainty": [
                0.0021766237914562225,
                0.16187052428722382,
                0.15687650442123413,
                0.3117997348308563
            ],
            "llhs": [
                -106.4817886352539,
                -130.57603454589844,
                -135.56948852539062,
                -148.74380493164062
            ]
        },
        "7": {
            "uncertainty": [
                0.005300041753798723,
                0.09111708402633667,
                0.11821921169757843
            ],
            "llhs": [
                -88.81379699707031,
                -105.18108367919922,
                -104.1226577758789
            ]
        },
        "8": {
            "uncertainty": [
                0.01238801795989275,
                0.20604199171066284
            ],
            "llhs": [
                -122.49198913574219,
                -134.42897033691406
            ]
        },
        "9": {
            "uncertainty": [
                0.0063577741384506226
            ],
            "llhs": [
                -93.74775695800781
            ]
        }
    }
}