{
    "config": {
        "algorithm_name": "VI",
        "num_tasks": 10,
        "epochs": 200,
        "lr": 0.0001,
        "hidden_dim": 500,
        "latent_dim": 50,
        "coreset_size": 0,
        "coreset_heuristic": "random",
        "batch_size": 256,
        "seed": 104,
        "id": 4,
        "save_folder": "results/generative/10_runs_gen_vi_final"
    },
    "results": {
        "0": {
            "uncertainty": [
                0.0006849776254966855,
                0.3882860243320465,
                0.6818930506706238,
                1.23811674118042,
                0.6343281865119934,
                0.9526113867759705,
                0.6342604160308838,
                0.40013909339904785,
                0.6719492077827454,
                0.7015975713729858
            ],
            "llhs": [
                -148.62342834472656,
                -215.74986267089844,
                -253.06695556640625,
                -270.0233154296875,
                -272.6628112792969,
                -260.54486083984375,
                -253.2579803466797,
                -271.82763671875,
                -280.5387878417969,
                -297.69775390625
            ]
        },
        "1": {
            "uncertainty": [
                0.00040619182982482016,
                0.06450777500867844,
                0.07440827786922455,
                0.14225932955741882,
                0.08367129415273666,
                0.2138872742652893,
                0.04831083118915558,
                0.054145634174346924,
                0.07873737066984177
            ],
            "llhs": [
                -57.46653366088867,
                -78.2935791015625,
                -89.86349487304688,
                -96.96479797363281,
                -93.48033142089844,
                -107.68460845947266,
                -91.77429962158203,
                -82.54531860351562,
                -91.33302307128906
            ]
        },
        "2": {
            "uncertainty": [
                0.0031465948559343815,
                0.5412840247154236,
                0.5113620162010193,
                0.575255274772644,
                0.5780813097953796,
                0.36868980526924133,
                0.27429890632629395,
                0.5039657354354858
            ],
            "llhs": [
                -135.52197265625,
                -169.15248107910156,
                -210.52984619140625,
                -199.9096221923828,
                -213.64718627929688,
                -219.58189392089844,
                -197.55496215820312,
                NaN
            ]
        },
        "3": {
            "uncertainty": [
                0.0015385315055027604,
                0.3819880783557892,
                0.4149249494075775,
                0.4983478784561157,
                0.15842309594154358,
                0.1365448236465454,
                0.17565429210662842
            ],
            "llhs": [
                -120.97750854492188,
                -176.0835418701172,
                -149.8096923828125,
                -182.82203674316406,
                -186.51718139648438,
                -161.26141357421875,
                -174.30751037597656
            ]
        },
        "4": {
            "uncertainty": [
                0.004338929429650307,
                0.15024909377098083,
                0.41680312156677246,
                0.409808874130249,
                0.19797168672084808,
                0.37894636392593384
            ],
            "llhs": [
                -105.65328979492188,
                -135.00416564941406,
                -154.61489868164062,
                -145.57264709472656,
                -145.5262908935547,
                -135.61099243164062
            ]
        },
        "5": {
            "uncertainty": [
                0.0038953868206590414,
                0.13652253150939941,
                0.12911050021648407,
                0.14613059163093567,
                0.2025160789489746
            ],
            "llhs": [
                -117.555908203125,
                -141.35379028320312,
                -157.086669921875,
                -139.5501251220703,
                -145.34751892089844
            ]
        },
        "6": {
            "uncertainty": [
                0.003062003292143345,
                0.15818126499652863,
                0.16501618921756744,
                0.3099070191383362
            ],
            "llhs": [
                -107.14432525634766,
                -133.69300842285156,
                -138.59884643554688,
                -151.38352966308594
            ]
        },
        "7": {
            "uncertainty": [
                0.0069280508905649185,
                0.11482380330562592,
                0.16633808612823486
            ],
            "llhs": [
                -89.01216888427734,
                -105.21722412109375,
                -105.41163635253906
            ]
        },
        "8": {
            "uncertainty": [
                0.009807145223021507,
                0.14317159354686737
            ],
            "llhs": [
                -122.6678237915039,
                -133.5941925048828
            ]
        },
        "9": {
            "uncertainty": [
                0.009627001360058784
            ],
            "llhs": [
                -93.68376159667969
            ]
        }
    }
}