{
    "config": {
        "algorithm_name": "VI",
        "num_tasks": 10,
        "epochs": 200,
        "lr": 0.0001,
        "hidden_dim": 500,
        "latent_dim": 50,
        "coreset_size": 0,
        "coreset_heuristic": "random",
        "batch_size": 256,
        "seed": 109,
        "id": 9,
        "save_folder": "results/generative/10_runs_gen_vi_final"
    },
    "results": {
        "0": {
            "uncertainty": [
                0.0003000025753863156,
                0.4073213040828705,
                0.6831740140914917,
                1.298056960105896,
                0.7160194516181946,
                0.8443476557731628,
                0.5987909436225891,
                0.30851030349731445,
                0.5538780093193054,
                0.5969969630241394
            ],
            "llhs": [
                -147.6346435546875,
                -220.75668334960938,
                -249.5764617919922,
                -260.5796203613281,
                -268.9408874511719,
                -250.1784210205078,
                -247.02420043945312,
                -260.0648498535156,
                -265.4613952636719,
                -278.0604248046875
            ]
        },
        "1": {
            "uncertainty": [
                0.0003286134160589427,
                0.060649413615465164,
                0.13797619938850403,
                0.14297735691070557,
                0.1458062380552292,
                0.1886558085680008,
                0.08806447684764862,
                0.0738741084933281,
                0.11271937936544418
            ],
            "llhs": [
                -57.35504913330078,
                -78.00653076171875,
                -91.49887084960938,
                -101.2225570678711,
                -97.69461822509766,
                -106.70741271972656,
                -101.42964172363281,
                NaN,
                NaN
            ]
        },
        "2": {
            "uncertainty": [
                0.002011420438066125,
                0.537030816078186,
                0.5075697302818298,
                0.5132123231887817,
                0.48182108998298645,
                0.40333807468414307,
                0.2394390106201172,
                0.4581153690814972
            ],
            "llhs": [
                -134.40699768066406,
                -168.4947509765625,
                -207.09909057617188,
                -196.120849609375,
                -207.6741180419922,
                -217.79995727539062,
                NaN,
                NaN
            ]
        },
        "3": {
            "uncertainty": [
                0.0015799672110006213,
                0.36769697070121765,
                0.3540814220905304,
                0.45516425371170044,
                0.14884532988071442,
                0.12414725124835968,
                0.19692149758338928
            ],
            "llhs": [
                -120.17546844482422,
                -175.69207763671875,
                -148.61819458007812,
                -176.89964294433594,
                -183.90728759765625,
                -164.53213500976562,
                -180.06167602539062
            ]
        },
        "4": {
            "uncertainty": [
                0.004493310581892729,
                0.16524159908294678,
                0.3821481764316559,
                0.38736552000045776,
                0.2121591717004776,
                0.3387736678123474
            ],
            "llhs": [
                -105.60164642333984,
                -133.8764190673828,
                -147.4954071044922,
                -139.546142578125,
                -144.16770935058594,
                -134.54550170898438
            ]
        },
        "5": {
            "uncertainty": [
                0.004038375336676836,
                0.1279357671737671,
                0.10694591701030731,
                0.13622671365737915,
                0.18830393254756927
            ],
            "llhs": [
                -117.34940338134766,
                -138.00765991210938,
                -153.4140167236328,
                -139.9749755859375,
                -144.54518127441406
            ]
        },
        "6": {
            "uncertainty": [
                0.0029074938502162695,
                0.20737670361995697,
                0.1900058090686798,
                0.3577727675437927
            ],
            "llhs": [
                -106.31788635253906,
                -133.84527587890625,
                -140.38487243652344,
                -154.48886108398438
            ]
        },
        "7": {
            "uncertainty": [
                0.007180152926594019,
                0.08248121291399002,
                0.08074760437011719
            ],
            "llhs": [
                -88.8709487915039,
                -104.46479034423828,
                -101.94574737548828
            ]
        },
        "8": {
            "uncertainty": [
                0.009697495959699154,
                0.1661972999572754
            ],
            "llhs": [
                -122.35295867919922,
                -133.24362182617188
            ]
        },
        "9": {
            "uncertainty": [
                0.015791235491633415
            ],
            "llhs": [
                -94.16925811767578
            ]
        }
    }
}