{
    "config": {
        "algorithm_name": "EWC",
        "num_tasks": 10,
        "epochs": 10,
        "lr": 0.001,
        "hidden_dim": 100,
        "lambdas": [
            1,
            1,
            1,
            1,
            1,
            1,
            1,
            1,
            1,
            1
        ],
        "batch_size": 256
    },
    "accuracies": [
        0.9740999937057495,
        0.9631499648094177,
        0.9574000239372253,
        0.950124979019165,
        0.9220199584960938,
        0.9128834009170532,
        0.9019428491592407,
        0.8949249386787415,
        0.86080002784729,
        0.849859893321991
    ]
}