{
    "config": {
        "algorithm_name": "EWC",
        "num_tasks": 10,
        "epochs": 10,
        "lr": 0.001,
        "hidden_dim": 100,
        "lambdas": [
            100,
            100,
            100,
            100,
            100,
            100,
            100,
            100,
            100,
            100
        ],
        "batch_size": 256
    },
    "accuracies": [
        0.9738999605178833,
        0.9705499410629272,
        0.965666651725769,
        0.9586999416351318,
        0.9526800513267517,
        0.946933388710022,
        0.9414571523666382,
        0.9362748861312866,
        0.9299888610839844,
        0.9241399168968201
    ]
}