{
    "config": {
        "algorithm_name": "EWC",
        "num_tasks": 10,
        "epochs": 10,
        "lr": 0.001,
        "hidden_dim": 100,
        "lambdas": [
            10,
            10,
            10,
            10,
            10,
            10,
            10,
            10,
            10,
            10
        ],
        "batch_size": 256
    },
    "accuracies": [
        0.9713999629020691,
        0.9700499773025513,
        0.9671000242233276,
        0.9638999700546265,
        0.9580399394035339,
        0.9528999328613281,
        0.9472857117652893,
        0.9429374933242798,
        0.9353333711624146,
        0.9301600456237793
    ]
}