{
    "config": {
        "algorithm_name": "LP",
        "num_tasks": 10,
        "epochs": 10,
        "lr": 0.001,
        "hidden_dim": 100,
        "lambd": 1,
        "batch_size": 256
    },
    "accuracies": [
        0.9723999500274658,
        0.961650013923645,
        0.9526333212852478,
        0.9484249949455261,
        0.9387800097465515,
        0.9182834029197693,
        0.9117571711540222,
        0.9139875769615173,
        0.8971778154373169,
        0.8853300213813782
    ]
}