{
    "config": {
        "algorithm_name": "LP",
        "num_tasks": 10,
        "epochs": 10,
        "lr": 0.001,
        "hidden_dim": 100,
        "lambd": 10,
        "batch_size": 256
    },
    "accuracies": [
        0.9729999899864197,
        0.9690999984741211,
        0.9678666591644287,
        0.9650750160217285,
        0.9616799354553223,
        0.9585332870483398,
        0.9543571472167969,
        0.9513874650001526,
        0.9485889077186584,
        0.9441399574279785
    ]
}