{
    "config": {
        "algorithm_name": "LP",
        "num_tasks": 10,
        "epochs": 10,
        "lr": 0.001,
        "hidden_dim": 100,
        "lambd": 100,
        "batch_size": 256
    },
    "accuracies": [
        0.973800003528595,
        0.9669999480247498,
        0.962066650390625,
        0.9572999477386475,
        0.9517199397087097,
        0.9448167085647583,
        0.9390857815742493,
        0.9337999820709229,
        0.928422212600708,
        0.9232999682426453
    ]
}