{
    "config": {
        "algorithm_name": "LP",
        "num_tasks": 10,
        "epochs": 10,
        "lr": 0.001,
        "hidden_dim": 100,
        "lambd": 0.1,
        "batch_size": 256
    },
    "accuracies": [
        0.9727999567985535,
        0.9579499959945679,
        0.9388666152954102,
        0.9315999746322632,
        0.9156399965286255,
        0.873283326625824,
        0.8428285717964172,
        0.8130374550819397,
        0.7649222016334534,
        0.7647899985313416
    ]
}