{
    "config": {
        "algorithm_name": "VI",
        "num_tasks": 10,
        "epochs": 10,
        "lr": 0.001,
        "hidden_dim": 100,
        "coreset_size": 0,
        "coreset_heuristic": "random",
        "batch_size": 256
    },
    "accuracies": [
        0.9722999930381775,
        0.9442999362945557,
        0.9293000102043152,
        0.9187749624252319,
        0.9083199501037598,
        0.8901833295822144,
        0.8868429064750671,
        0.8725249767303467,
        0.8722999691963196,
        0.869379997253418
    ]
}