{
    "config": {
        "algorithm_name": "VI",
        "num_tasks": 10,
        "epochs": 10,
        "lr": 0.001,
        "hidden_dim": 100,
        "coreset_size": 200,
        "coreset_heuristic": "random",
        "batch_size": 256
    },
    "accuracies": [
        0.9657999873161316,
        0.9432499408721924,
        0.933899998664856,
        0.9260750412940979,
        0.920259952545166,
        0.9205166697502136,
        0.9146000146865845,
        0.9111500382423401,
        0.9090555310249329,
        0.9074999094009399
    ]
}