{
    "config": {
        "algorithm_name": "VI",
        "num_tasks": 10,
        "epochs": 10,
        "lr": 0.001,
        "hidden_dim": 100,
        "coreset_size": 1000,
        "coreset_heuristic": "random",
        "batch_size": 256
    },
    "accuracies": [
        0.968999981880188,
        0.9461499452590942,
        0.9374666213989258,
        0.9322500228881836,
        0.9281399846076965,
        0.9266499876976013,
        0.9228856563568115,
        0.921299934387207,
        0.9187887907028198,
        0.9183799624443054
    ]
}