{
    "config": {
        "algorithm_name": "VI",
        "num_tasks": 10,
        "epochs": 3,
        "lr": 0.001,
        "hidden_dim": 500,
        "latent_dim": 50,
        "coreset_size": 0,
        "coreset_heuristic": "random",
        "batch_size": 256
    },
    "results": {
        "0": {
            "uncertainty": [
                0.001289714826270938,
                0.8109744787216187,
                0.9099350571632385,
                1.6961417198181152,
                0.7571713328361511,
                1.0125370025634766,
                0.8181371688842773,
                0.754163384437561,
                0.8344451189041138,
                0.9991739988327026
            ],
            "llhs": [
                -174.5818634033203,
                -360.437255859375,
                -292.6698303222656,
                -277.4732666015625,
                -302.94024658203125,
                -257.10858154296875,
                -280.68475341796875,
                -319.4010925292969,
                -293.57830810546875,
                -328.78985595703125
            ]
        },
        "1": {
            "uncertainty": [
                0.0017072026384994388,
                0.5613780617713928,
                1.0481209754943848,
                0.7519714832305908,
                0.7852622866630554,
                1.2876112461090088,
                0.502860963344574,
                0.6493299603462219,
                0.8957189321517944
            ],
            "llhs": [
                -70.06220245361328,
                -113.34021759033203,
                -126.86368560791016,
                -134.2677459716797,
                -117.17146301269531,
                -126.7684097290039,
                -130.80218505859375,
                -103.31892395019531,
                -123.1650390625
            ]
        },
        "2": {
            "uncertainty": [
                0.003405968425795436,
                1.0367764234542847,
                0.6208630204200745,
                0.8161602020263672,
                0.7253952026367188,
                0.5028653144836426,
                0.4232483208179474,
                0.8302944898605347
            ],
            "llhs": [
                -176.66836547851562,
                -213.1900177001953,
                -235.60218811035156,
                -232.55526733398438,
                -218.3068084716797,
                -251.2246856689453,
                -221.59957885742188,
                -247.79664611816406
            ]
        },
        "3": {
            "uncertainty": [
                0.00014160397404339164,
                0.5522642731666565,
                0.43535593152046204,
                0.7457516193389893,
                0.3318505883216858,
                0.18593892455101013,
                0.3379346430301666
            ],
            "llhs": [
                -149.08203125,
                -209.9180145263672,
                -176.2885284423828,
                -214.66116333007812,
                -215.8531951904297,
                -181.71192932128906,
                -210.02125549316406
            ]
        },
        "4": {
            "uncertainty": [
                0.003682391718029976,
                0.40540942549705505,
                0.8035910725593567,
                0.7113648056983948,
                0.6718355417251587,
                0.6122310757637024
            ],
            "llhs": [
                -137.18246459960938,
                -167.7753143310547,
                -173.87045288085938,
                -171.4471435546875,
                -168.3966522216797,
                -150.12249755859375
            ]
        },
        "5": {
            "uncertainty": [
                0.008884038776159286,
                0.41373410820961,
                0.5703002214431763,
                0.43730175495147705,
                0.7947040796279907
            ],
            "llhs": [
                -152.33396911621094,
                -188.42007446289062,
                -196.42942810058594,
                -173.1866455078125,
                -185.3676300048828
            ]
        },
        "6": {
            "uncertainty": [
                0.0010305233299732208,
                0.9929946064949036,
                0.5378032326698303,
                1.123462438583374
            ],
            "llhs": [
                -138.3988800048828,
                -200.53297424316406,
                -187.49380493164062,
                -201.4636688232422
            ]
        },
        "7": {
            "uncertainty": [
                0.005301957484334707,
                0.5575841665267944,
                0.3616197109222412
            ],
            "llhs": [
                -118.57981872558594,
                -148.22958374023438,
                -134.26507568359375
            ]
        },
        "8": {
            "uncertainty": [
                0.007093910593539476,
                0.5671015381813049
            ],
            "llhs": [
                -157.02853393554688,
                -181.86451721191406
            ]
        },
        "9": {
            "uncertainty": [
                0.004932021722197533
            ],
            "llhs": [
                -119.98200988769531
            ]
        }
    }
}