{
    "config": {
        "algorithm_name": "EWC",
        "num_tasks": 10,
        "epochs": 200,
        "lr": 0.0001,
        "hidden_dim": 100,
        "lambdas": [
            10,
            10,
            10,
            10,
            10,
            10,
            10,
            10,
            10,
            10
        ],
        "batch_size": 200,
        "latent_dim": 50,
        "seed": 105,
        "id": 6,
        "save_folder": "10_runs_gen_final"
    },
    "results": {
        "0": {
            "uncertainty": [
                0.004765172488987446,
                0.7582337260246277,
                0.8055192828178406,
                0.931168258190155,
                0.7127337455749512,
                0.7460987567901611,
                0.7010666131973267,
                0.6861885190010071,
                0.7418979406356812,
                0.735711395740509
            ],
            "llhs": [
                -132.21998596191406,
                -389.0635681152344,
                -413.8787536621094,
                -416.7048645019531,
                -416.1554260253906,
                -406.4066162109375,
                -344.11669921875,
                -345.1097106933594,
                -343.87939453125,
                -342.6942443847656
            ]
        },
        "1": {
            "uncertainty": [
                0.0002139620337402448,
                0.0014435923658311367,
                0.0014386571710929275,
                0.0007183454581536353,
                0.0008239677990786731,
                0.09918830543756485,
                0.026508091017603874,
                0.03780664503574371,
                0.05889907106757164
            ],
            "llhs": [
                -56.511474609375,
                -72.6020736694336,
                -77.28627014160156,
                -94.91630554199219,
                -82.7563705444336,
                -91.61327362060547,
                -89.87346649169922,
                -86.1607437133789,
                -89.33885192871094
            ]
        },
        "2": {
            "uncertainty": [
                0.007997345179319382,
                0.2905285954475403,
                0.16093389689922333,
                0.14385899901390076,
                0.4771963953971863,
                0.34638532996177673,
                0.356427401304245,
                0.4126112461090088
            ],
            "llhs": [
                -159.11732482910156,
                -181.12811279296875,
                -191.5308380126953,
                -183.1045684814453,
                -213.40884399414062,
                -213.65341186523438,
                -208.2027587890625,
                -213.0172576904297
            ]
        },
        "3": {
            "uncertainty": [
                0.0012301038950681686,
                0.08149845153093338,
                0.08601412922143936,
                0.693297803401947,
                0.3488779664039612,
                0.6121286749839783,
                0.44788849353790283
            ],
            "llhs": [
                -145.50779724121094,
                -184.59283447265625,
                -166.5807342529297,
                -219.71591186523438,
                -213.02394104003906,
                -209.52301025390625,
                -215.29501342773438
            ]
        },
        "4": {
            "uncertainty": [
                0.012844891287386417,
                0.07369282841682434,
                0.7316437363624573,
                0.3252618610858917,
                0.37388312816619873,
                0.2797301113605499
            ],
            "llhs": [
                -142.63186645507812,
                -165.5659637451172,
                -208.43519592285156,
                -193.0248565673828,
                -194.18240356445312,
                -188.8871307373047
            ]
        },
        "5": {
            "uncertainty": [
                0.029581444337964058,
                0.309327095746994,
                0.2813106179237366,
                0.3139568865299225,
                0.3186472952365875
            ],
            "llhs": [
                -152.27349853515625,
                -205.74684143066406,
                -200.6311798095703,
                -190.72445678710938,
                -196.6526641845703
            ]
        },
        "6": {
            "uncertainty": [
                0.004286034032702446,
                0.014415635727345943,
                0.0074919043108820915,
                0.00881072599440813
            ],
            "llhs": [
                -133.5097198486328,
                -146.3087615966797,
                -141.48886108398438,
                -143.56895446777344
            ]
        },
        "7": {
            "uncertainty": [
                0.059508200734853745,
                0.30485397577285767,
                0.16154339909553528
            ],
            "llhs": [
                -121.36431121826172,
                -155.59420776367188,
                -145.83241271972656
            ]
        },
        "8": {
            "uncertainty": [
                0.023672860115766525,
                0.1461801379919052
            ],
            "llhs": [
                -156.26651000976562,
                -170.34530639648438
            ]
        },
        "9": {
            "uncertainty": [
                0.06495111435651779
            ],
            "llhs": [
                -129.66354370117188
            ]
        }
    }
}