{
    "config": {
        "algorithm_name": "EWC",
        "num_tasks": 10,
        "epochs": 200,
        "lr": 0.0001,
        "hidden_dim": 100,
        "lambdas": [
            10,
            10,
            10,
            10,
            10,
            10,
            10,
            10,
            10,
            10
        ],
        "batch_size": 200,
        "latent_dim": 50,
        "seed": 100,
        "id": 1,
        "save_folder": "10_runs_ewc_gen_final"
    },
    "results": {
        "0": {
            "uncertainty": [
                0.0029499689117074013,
                0.6186219453811646,
                0.6271462440490723,
                0.6869217753410339,
                0.4942575693130493,
                0.5673889517784119,
                0.5734392404556274,
                0.5200581550598145,
                0.5492814183235168,
                0.5556628108024597
            ],
            "llhs": [
                -131.05206298828125,
                -428.1036682128906,
                -395.54290771484375,
                -393.111083984375,
                -383.4628601074219,
                -377.5818176269531,
                -374.3495178222656,
                -393.47467041015625,
                -386.8496398925781,
                -387.5976867675781
            ]
        },
        "1": {
            "uncertainty": [
                0.00018198291945736855,
                0.0016183084808290005,
                0.0017549445619806647,
                0.0016333919484168291,
                0.0011354589369148016,
                0.0009505745256319642,
                0.0018550031818449497,
                0.0017845220863819122,
                0.001405729679390788
            ],
            "llhs": [
                -55.300357818603516,
                -70.02461242675781,
                -70.1209716796875,
                -83.4033203125,
                -75.26476287841797,
                -85.18046569824219,
                -101.69697570800781,
                -97.45266723632812,
                -100.08457946777344
            ]
        },
        "2": {
            "uncertainty": [
                0.006943996995687485,
                0.15595640242099762,
                0.07187371701002121,
                0.08073031157255173,
                0.04386274889111519,
                0.06319262832403183,
                0.04711567237973213,
                0.06033778563141823
            ],
            "llhs": [
                -156.91311645507812,
                -175.2930450439453,
                -182.89344787597656,
                -177.32896423339844,
                -182.04087829589844,
                -194.0865936279297,
                -186.572509765625,
                -189.8505859375
            ]
        },
        "3": {
            "uncertainty": [
                0.0011678501032292843,
                0.06812675297260284,
                0.0952455997467041,
                0.10713447630405426,
                0.03794500604271889,
                0.07239980250597,
                0.05584295839071274
            ],
            "llhs": [
                -142.66603088378906,
                -178.628173828125,
                -162.6436004638672,
                -172.696533203125,
                -183.52711486816406,
                -176.9246826171875,
                -182.60137939453125
            ]
        },
        "4": {
            "uncertainty": [
                0.009749237447977066,
                0.06818937510251999,
                0.241125226020813,
                0.15515992045402527,
                0.1120377629995346,
                0.07677952945232391
            ],
            "llhs": [
                -139.9719696044922,
                -161.98765563964844,
                -175.05601501464844,
                -170.65792846679688,
                -166.89744567871094,
                -159.7158203125
            ]
        },
        "5": {
            "uncertainty": [
                0.022848837077617645,
                0.10023532807826996,
                0.12709049880504608,
                0.11274312436580658,
                0.12707103788852692
            ],
            "llhs": [
                -151.52218627929688,
                -168.24935913085938,
                -180.41665649414062,
                -168.34886169433594,
                -172.61170959472656
            ]
        },
        "6": {
            "uncertainty": [
                0.011887313798069954,
                0.08850691467523575,
                0.05197833478450775,
                0.06155315414071083
            ],
            "llhs": [
                -134.61526489257812,
                -172.45843505859375,
                -158.53550720214844,
                -163.36061096191406
            ]
        },
        "7": {
            "uncertainty": [
                0.06553211808204651,
                0.23548853397369385,
                0.17627449333667755
            ],
            "llhs": [
                -119.5932846069336,
                -152.46424865722656,
                -141.6973114013672
            ]
        },
        "8": {
            "uncertainty": [
                0.04117758199572563,
                0.16949716210365295
            ],
            "llhs": [
                -156.43197631835938,
                -168.79388427734375
            ]
        },
        "9": {
            "uncertainty": [
                0.08665353059768677
            ],
            "llhs": [
                -128.57740783691406
            ]
        }
    }
}