{
    "config": {
        "algorithm_name": "EWC",
        "num_tasks": 10,
        "epochs": 200,
        "lr": 0.0001,
        "hidden_dim": 100,
        "lambdas": [
            10,
            10,
            10,
            10,
            10,
            10,
            10,
            10,
            10,
            10
        ],
        "batch_size": 200,
        "latent_dim": 50,
        "seed": 108,
        "id": 9,
        "save_folder": "10_runs_ewc_gen_final"
    },
    "results": {
        "0": {
            "uncertainty": [
                0.0012565647484734654,
                0.8377048373222351,
                1.0585731267929077,
                1.0832735300064087,
                0.8353720307350159,
                0.8953465223312378,
                0.928305447101593,
                0.8418910503387451,
                0.8769105076789856,
                0.864437460899353
            ],
            "llhs": [
                -129.3356475830078,
                -381.8454284667969,
                -371.7923278808594,
                -372.7607727050781,
                -357.18841552734375,
                -343.31671142578125,
                -341.0876159667969,
                -355.1401062011719,
                -348.1702575683594,
                -353.03643798828125
            ]
        },
        "1": {
            "uncertainty": [
                0.00020786846289411187,
                0.0031979321502149105,
                0.0019270924385637045,
                0.002708229934796691,
                0.0028591190930455923,
                0.0033126717898994684,
                0.0028267353773117065,
                0.003080562921240926,
                0.0030924652237445116
            ],
            "llhs": [
                -55.95538330078125,
                -68.12538146972656,
                -70.55389404296875,
                -85.8506851196289,
                -74.63179779052734,
                -80.71536254882812,
                -93.93157958984375,
                -88.2767333984375,
                -93.41154479980469
            ]
        },
        "2": {
            "uncertainty": [
                0.008978889323771,
                0.07554224133491516,
                0.02712053619325161,
                0.02642074227333069,
                0.017782531678676605,
                0.022400453686714172,
                0.018518837168812752,
                0.020716244354844093
            ],
            "llhs": [
                -153.0271453857422,
                -164.37655639648438,
                -173.9147186279297,
                -165.0673065185547,
                -173.06857299804688,
                -179.90602111816406,
                -175.1984100341797,
                -178.8408203125
            ]
        },
        "3": {
            "uncertainty": [
                0.0010400115279480815,
                0.09505905956029892,
                0.1121356412768364,
                0.12471605092287064,
                0.04743286967277527,
                0.08836913853883743,
                0.07085354626178741
            ],
            "llhs": [
                -142.54185485839844,
                -187.4134063720703,
                -166.4156951904297,
                -178.45347595214844,
                -190.6878204345703,
                -181.84197998046875,
                -191.96678161621094
            ]
        },
        "4": {
            "uncertainty": [
                0.011091917753219604,
                0.1674414873123169,
                0.22107751667499542,
                0.22629499435424805,
                0.14719943702220917,
                0.12701836228370667
            ],
            "llhs": [
                -138.82388305664062,
                -162.8687286376953,
                -174.63519287109375,
                -162.4872589111328,
                -165.37869262695312,
                -155.0132598876953
            ]
        },
        "5": {
            "uncertainty": [
                0.01879238523542881,
                0.0790199264883995,
                0.15191276371479034,
                0.088063083589077,
                0.15821322798728943
            ],
            "llhs": [
                -149.5125732421875,
                -164.7720489501953,
                -177.20199584960938,
                -163.80787658691406,
                -171.4230194091797
            ]
        },
        "6": {
            "uncertainty": [
                0.008105229586362839,
                0.09854117780923843,
                0.04530968517065048,
                0.04906824231147766
            ],
            "llhs": [
                -135.2242431640625,
                -170.2576141357422,
                -155.88720703125,
                -163.60089111328125
            ]
        },
        "7": {
            "uncertainty": [
                0.062095120549201965,
                0.29590076208114624,
                0.14817143976688385
            ],
            "llhs": [
                -117.4837646484375,
                -155.9824981689453,
                -138.73719787597656
            ]
        },
        "8": {
            "uncertainty": [
                0.03096282109618187,
                0.24765433371067047
            ],
            "llhs": [
                -155.23370361328125,
                -170.80078125
            ]
        },
        "9": {
            "uncertainty": [
                0.05159010738134384
            ],
            "llhs": [
                -125.31793212890625
            ]
        }
    }
}