{
    "config": {
        "algorithm_name": "EWC",
        "num_tasks": 10,
        "epochs": 20,
        "lr": 0.001,
        "hidden_dim": 100,
        "lambdas": [
            100,
            100,
            100,
            100,
            100,
            100,
            100,
            100,
            100,
            100
        ],
        "batch_size": 200,
        "single_head": true,
        "seed": 109,
        "id": 9,
        "save_folder": "10_runs_EWC_final"
    },
    "accuracies": [
        0.9770999550819397,
        0.9574499726295471,
        0.9504666328430176,
        0.942674994468689,
        0.9405400156974792,
        0.9286832809448242,
        0.9122570753097534,
        0.8977874517440796,
        0.8785110712051392,
        0.8616200685501099
    ],
    "seed": 109
}