{
    "config": {
        "algorithm_name": "EWC",
        "num_tasks": 10,
        "epochs": 20,
        "lr": 0.001,
        "hidden_dim": 100,
        "lambdas": [
            100,
            100,
            100,
            100,
            100,
            100,
            100,
            100,
            100,
            100
        ],
        "batch_size": 200,
        "single_head": true,
        "seed": 108,
        "id": 8,
        "save_folder": "10_runs_EWC_final"
    },
    "accuracies": [
        0.9768999814987183,
        0.9375999569892883,
        0.9193000197410583,
        0.8980499505996704,
        0.907819926738739,
        0.9051833152770996,
        0.8852572441101074,
        0.8523749113082886,
        0.8221110701560974,
        0.8073199391365051
    ],
    "seed": 108
}