{
    "config": {
        "algorithm_name": "EWC",
        "num_tasks": 10,
        "epochs": 20,
        "lr": 0.001,
        "hidden_dim": 100,
        "lambdas": [
            100,
            100,
            100,
            100,
            100,
            100,
            100,
            100,
            100,
            100
        ],
        "batch_size": 200,
        "single_head": true,
        "seed": 104,
        "id": 4,
        "save_folder": "10_runs_EWC_final"
    },
    "accuracies": [
        0.97489994764328,
        0.9625499844551086,
        0.9161333441734314,
        0.9046499729156494,
        0.8894999623298645,
        0.8874000310897827,
        0.8895571827888489,
        0.8610749244689941,
        0.8563555479049683,
        0.833620011806488
    ],
    "seed": 104
}