{
    "config": {
        "algorithm_name": "SI",
        "num_tasks": 10,
        "epochs": 20,
        "lr": 0.001,
        "hidden_dim": 100,
        "c": 0.5,
        "damping_param": 0.1,
        "batch_size": 256,
        "single_head": true,
        "seed": 100,
        "id": 0,
        "save_folder": "10_runs_SI"
    },
    "accuracies": [
        0.9770999550819397,
        0.9690999984741211,
        0.9577000141143799,
        0.9523500204086304,
        0.943340003490448,
        0.926216721534729,
        0.8163000345230103,
        0.7933499813079834,
        0.7728888988494873,
        0.7860000133514404
    ],
    "seed": 100
}