{
    "config": {
        "algorithm_name": "SI",
        "num_tasks": 10,
        "epochs": 20,
        "lr": 0.001,
        "hidden_dim": 100,
        "c": 0.5,
        "damping_param": 0.1,
        "batch_size": 256,
        "single_head": true,
        "seed": 105,
        "id": 5,
        "save_folder": "10_runs_SI"
    },
    "accuracies": [
        0.976699948310852,
        0.9476000070571899,
        0.915566623210907,
        0.9030749797821045,
        0.8960599899291992,
        0.8732999563217163,
        0.8325286507606506,
        0.8136374950408936,
        0.8020666241645813,
        0.8140400052070618
    ],
    "seed": 105
}