{
    "config": {
        "algorithm_name": "SI",
        "num_tasks": 10,
        "epochs": 20,
        "lr": 0.001,
        "hidden_dim": 100,
        "c": 0.5,
        "damping_param": 0.1,
        "batch_size": 256,
        "single_head": true,
        "seed": 107,
        "id": 7,
        "save_folder": "10_runs_SI"
    },
    "accuracies": [
        0.9772999882698059,
        0.9691499471664429,
        0.9493333101272583,
        0.9175249934196472,
        0.904240071773529,
        0.8864333033561707,
        0.8759429454803467,
        0.8689000010490417,
        0.8505443930625916,
        0.843000054359436
    ],
    "seed": 107
}