{
    "config": {
        "algorithm_name": "LP",
        "num_tasks": 10,
        "epochs": 20,
        "lr": 0.001,
        "hidden_dim": 100,
        "lambd": 0.1,
        "batch_size": 200,
        "single_head": true,
        "seed": 109,
        "id": 9,
        "save_folder": "10_runs_LP_final"
    },
    "accuracies": [
        0.8822999596595764,
        0.8587499856948853,
        0.8675000071525574,
        0.8235499858856201,
        0.8214200139045715,
        0.8082165718078613,
        0.7800142765045166,
        0.7767999768257141,
        0.7573332786560059,
        0.7123499512672424
    ],
    "seed": 109
}