{
    "config": {
        "algorithm_name": "EWC",
        "num_tasks": 10,
        "epochs": 20,
        "lr": 0.001,
        "hidden_dim": 100,
        "lambdas": [
            100,
            100,
            100,
            100,
            100,
            100,
            100,
            100,
            100,
            100
        ],
        "batch_size": 200,
        "single_head": true,
        "seed": 100,
        "id": 0,
        "save_folder": "10_runs_EWC_final"
    },
    "accuracies": [
        0.9756999611854553,
        0.9401499629020691,
        0.9179999828338623,
        0.9334249496459961,
        0.9215599298477173,
        0.9084500670433044,
        0.8995428681373596,
        0.8908125162124634,
        0.8632000088691711,
        0.846780002117157
    ],
    "seed": 100
}