{
    "config": {
        "algorithm_name": "EWC",
        "num_tasks": 10,
        "epochs": 20,
        "lr": 0.001,
        "hidden_dim": 100,
        "lambdas": [
            100,
            100,
            100,
            100,
            100,
            100,
            100,
            100,
            100,
            100
        ],
        "batch_size": 200,
        "single_head": true,
        "seed": 106,
        "id": 6,
        "save_folder": "10_runs_EWC_final"
    },
    "accuracies": [
        0.9767999649047852,
        0.9325499534606934,
        0.9351667165756226,
        0.9259249567985535,
        0.9083999991416931,
        0.8964999914169312,
        0.8769571185112,
        0.8704000115394592,
        0.8528444766998291,
        0.8327299952507019
    ],
    "seed": 106
}