{
    "config": {
        "algorithm_name": "EWC",
        "num_tasks": 10,
        "epochs": 20,
        "lr": 0.001,
        "hidden_dim": 100,
        "lambdas": [
            100,
            100,
            100,
            100,
            100,
            100,
            100,
            100,
            100,
            100
        ],
        "batch_size": 200,
        "single_head": true,
        "seed": 102,
        "id": 2,
        "save_folder": "10_runs_EWC_final"
    },
    "accuracies": [
        0.9772999882698059,
        0.9495499730110168,
        0.8977000117301941,
        0.841949999332428,
        0.8532800078392029,
        0.8726000189781189,
        0.8498714566230774,
        0.8414499759674072,
        0.8467111587524414,
        0.8154899477958679
    ],
    "seed": 102
}