{
    "config": {
        "algorithm_name": "SI",
        "num_tasks": 10,
        "epochs": 400,
        "lr": 0.0001,
        "hidden_dim": 500,
        "latent_dim": 50,
        "c": 1,
        "damping_param": 0.1,
        "batch_size": 256,
        "seed": 100,
        "id": 1,
        "save_folder": "10_runs_si_final"
    },
    "results": {
        "0": {
            "uncertainty": [
                0.0008078322280198336,
                1.094640851020813,
                1.0637366771697998,
                1.74172842502594,
                0.9445003867149353,
                1.3706384897232056,
                1.1203821897506714,
                1.152438998222351,
                1.163799524307251,
                1.328544020652771
            ],
            "llhs": [
                NaN,
                NaN,
                NaN,
                NaN,
                NaN,
                NaN,
                NaN,
                NaN,
                NaN,
                NaN
            ]
        },
        "1": {
            "uncertainty": [
                0.0024227993562817574,
                0.1051294133067131,
                0.157293900847435,
                0.18304835259914398,
                0.1262764185667038,
                0.14887858927249908,
                0.10689430683851242,
                0.09304144978523254,
                0.12479844689369202
            ],
            "llhs": [
                NaN,
                NaN,
                NaN,
                NaN,
                NaN,
                NaN,
                NaN,
                NaN,
                NaN
            ]
        },
        "2": {
            "uncertainty": [
                0.004380649421364069,
                0.34332695603370667,
                0.28279781341552734,
                0.30706924200057983,
                0.18190577626228333,
                0.3219682574272156,
                0.16993820667266846,
                0.2726999819278717
            ],
            "llhs": [
                -103.55480194091797,
                -169.88433837890625,
                -209.46836853027344,
                -209.00244140625,
                -193.52069091796875,
                -225.72052001953125,
                NaN,
                -222.204345703125
            ]
        },
        "3": {
            "uncertainty": [
                0.003948434256017208,
                0.23483823239803314,
                0.32779836654663086,
                0.4480149447917938,
                0.09497587382793427,
                0.1237371563911438,
                0.15767398476600647
            ],
            "llhs": [
                -98.95735931396484,
                -175.66197204589844,
                -143.5089874267578,
                -182.88111877441406,
                -174.2880096435547,
                -146.48916625976562,
                -172.006103515625
            ]
        },
        "4": {
            "uncertainty": [
                0.007830086164176464,
                0.09070944786071777,
                0.13438470661640167,
                0.3039717674255371,
                0.18918214738368988,
                0.19142238795757294
            ],
            "llhs": [
                -88.66242218017578,
                -136.90615844726562,
                -140.8362274169922,
                -138.20233154296875,
                -149.95286560058594,
                -128.0384521484375
            ]
        },
        "5": {
            "uncertainty": [
                0.004102435428649187,
                0.026537902653217316,
                0.07333580404520035,
                0.05313139408826828,
                0.11237167567014694
            ],
            "llhs": [
                -99.47026824951172,
                -127.32190704345703,
                -140.58352661132812,
                -127.18798065185547,
                -135.84918212890625
            ]
        },
        "6": {
            "uncertainty": [
                0.0021478766575455666,
                0.13573265075683594,
                0.08649123460054398,
                0.13036659359931946
            ],
            "llhs": [
                -91.5444564819336,
                -118.97860717773438,
                -134.8531494140625,
                -140.22085571289062
            ]
        },
        "7": {
            "uncertainty": [
                0.004303621128201485,
                0.02294733002781868,
                0.02470751851797104
            ],
            "llhs": [
                -77.5129165649414,
                -96.12311553955078,
                -90.31096649169922
            ]
        },
        "8": {
            "uncertainty": [
                0.0069715543650090694,
                0.05073560029268265
            ],
            "llhs": [
                -107.47825622558594,
                -123.67109680175781
            ]
        },
        "9": {
            "uncertainty": [
                0.009095916524529457
            ],
            "llhs": [
                -84.90177154541016
            ]
        }
    }
}