{
    "config": {
        "algorithm_name": "SI",
        "num_tasks": 10,
        "epochs": 400,
        "lr": 0.0001,
        "hidden_dim": 500,
        "latent_dim": 50,
        "c": 1,
        "damping_param": 0.1,
        "batch_size": 256,
        "seed": 101,
        "id": 2,
        "save_folder": "10_runs_si_final"
    },
    "results": {
        "0": {
            "uncertainty": [
                0.0006971759721636772,
                1.043220043182373,
                1.1228147745132446,
                1.643446445465088,
                0.925381600856781,
                1.3831583261489868,
                0.92890465259552,
                0.9917016625404358,
                1.2484931945800781,
                1.1866861581802368
            ],
            "llhs": [
                NaN,
                NaN,
                NaN,
                NaN,
                NaN,
                NaN,
                NaN,
                NaN,
                NaN,
                NaN
            ]
        },
        "1": {
            "uncertainty": [
                0.0012100227177143097,
                0.06733375042676926,
                0.12221769988536835,
                0.2099873423576355,
                0.1482592225074768,
                0.16663219034671783,
                0.12066128849983215,
                0.09137621521949768,
                0.10095234960317612
            ],
            "llhs": [
                -45.154842376708984,
                -91.40858459472656,
                NaN,
                -119.61660766601562,
                -111.08613586425781,
                -113.55764770507812,
                NaN,
                NaN,
                NaN
            ]
        },
        "2": {
            "uncertainty": [
                0.004683156032115221,
                0.3615165948867798,
                0.2625708281993866,
                0.37611082196235657,
                0.2605189383029938,
                0.44433924555778503,
                0.27430087327957153,
                0.287506639957428
            ],
            "llhs": [
                -103.76143646240234,
                -181.28929138183594,
                NaN,
                NaN,
                NaN,
                NaN,
                NaN,
                NaN
            ]
        },
        "3": {
            "uncertainty": [
                0.0026882628444582224,
                0.15438710153102875,
                0.35721462965011597,
                0.4236010015010834,
                0.15051808953285217,
                0.1711513102054596,
                0.15681076049804688
            ],
            "llhs": [
                -99.04554748535156,
                -168.83755493164062,
                -152.8944091796875,
                -174.20545959472656,
                -183.57545471191406,
                -165.24465942382812,
                NaN
            ]
        },
        "4": {
            "uncertainty": [
                0.006889660377055407,
                0.08065493404865265,
                0.07874283194541931,
                0.17964395880699158,
                0.1637115329504013,
                0.12635616958141327
            ],
            "llhs": [
                -88.6235580444336,
                -136.2644500732422,
                -134.41583251953125,
                -128.00570678710938,
                -142.6144256591797,
                -124.0277099609375
            ]
        },
        "5": {
            "uncertainty": [
                0.0038921423256397247,
                0.034942883998155594,
                0.05601786822080612,
                0.04682932049036026,
                0.08253836631774902
            ],
            "llhs": [
                -99.6014175415039,
                -123.00672912597656,
                -140.58871459960938,
                -126.37641906738281,
                -132.5256805419922
            ]
        },
        "6": {
            "uncertainty": [
                0.0030444387812167406,
                0.10787373781204224,
                0.07932605594396591,
                0.09308167546987534
            ],
            "llhs": [
                -91.27412414550781,
                -121.19281005859375,
                -129.03225708007812,
                -134.0436553955078
            ]
        },
        "7": {
            "uncertainty": [
                0.004157257732003927,
                0.027515245601534843,
                0.048645731061697006
            ],
            "llhs": [
                -77.34132385253906,
                -99.97698211669922,
                -92.7470932006836
            ]
        },
        "8": {
            "uncertainty": [
                0.007606490980833769,
                0.020849036052823067
            ],
            "llhs": [
                -107.10974884033203,
                -123.69837951660156
            ]
        },
        "9": {
            "uncertainty": [
                0.007645579520612955
            ],
            "llhs": [
                -85.00845336914062
            ]
        }
    }
}