{
    "config": {
        "algorithm_name": "SI",
        "num_tasks": 10,
        "epochs": 400,
        "lr": 0.0001,
        "hidden_dim": 500,
        "latent_dim": 50,
        "c": 1,
        "damping_param": 0.1,
        "batch_size": 256,
        "seed": 102,
        "id": 3,
        "save_folder": "10_runs_si_final"
    },
    "results": {
        "0": {
            "uncertainty": [
                0.0019724168814718723,
                1.1425038576126099,
                1.1305699348449707,
                1.7057647705078125,
                1.08585524559021,
                1.3500852584838867,
                1.001731038093567,
                1.0875639915466309,
                1.24349844455719,
                1.2052212953567505
            ],
            "llhs": [
                NaN,
                NaN,
                NaN,
                NaN,
                NaN,
                -394.0269470214844,
                -389.7574462890625,
                NaN,
                NaN,
                NaN
            ]
        },
        "1": {
            "uncertainty": [
                0.0012046401388943195,
                0.07167208939790726,
                0.0922451764345169,
                0.1502857655286789,
                0.1408172845840454,
                0.1490369588136673,
                0.17051082849502563,
                0.10824084281921387,
                0.1476219743490219
            ],
            "llhs": [
                NaN,
                -96.91271209716797,
                -113.44990539550781,
                NaN,
                NaN,
                NaN,
                NaN,
                NaN,
                NaN
            ]
        },
        "2": {
            "uncertainty": [
                0.0036777746863663197,
                0.31002500653266907,
                0.28951773047447205,
                0.30523374676704407,
                0.21360309422016144,
                0.3211701214313507,
                0.1828857660293579,
                0.25149911642074585
            ],
            "llhs": [
                -103.3597183227539,
                -174.26092529296875,
                -206.68115234375,
                NaN,
                NaN,
                NaN,
                NaN,
                NaN
            ]
        },
        "3": {
            "uncertainty": [
                0.002498361049219966,
                0.21129772067070007,
                0.24093981087207794,
                0.3186596632003784,
                0.15920959413051605,
                0.12743937969207764,
                0.17313919961452484
            ],
            "llhs": [
                -98.81483459472656,
                -190.2434539794922,
                -148.67750549316406,
                -191.8572235107422,
                -199.83425903320312,
                -160.5058135986328,
                -181.08929443359375
            ]
        },
        "4": {
            "uncertainty": [
                0.006699894554913044,
                0.07357518374919891,
                0.0799359381198883,
                0.20731337368488312,
                0.15958036482334137,
                0.1324695348739624
            ],
            "llhs": [
                -88.69819641113281,
                -130.06057739257812,
                -133.81546020507812,
                -130.13385009765625,
                -136.20896911621094,
                -120.25428009033203
            ]
        },
        "5": {
            "uncertainty": [
                0.002543205162510276,
                0.03380579128861427,
                0.052394554018974304,
                0.05144347995519638,
                0.08484280109405518
            ],
            "llhs": [
                -99.7013168334961,
                -122.3009262084961,
                -142.01864624023438,
                -126.84265899658203,
                -137.04107666015625
            ]
        },
        "6": {
            "uncertainty": [
                0.0030602850019931793,
                0.07143859565258026,
                0.08230289071798325,
                0.12192656099796295
            ],
            "llhs": [
                -91.28771209716797,
                -115.41682434082031,
                -122.70614624023438,
                -124.44932556152344
            ]
        },
        "7": {
            "uncertainty": [
                0.005369503516703844,
                0.03811653330922127,
                0.03806985542178154
            ],
            "llhs": [
                -77.45061492919922,
                -101.98151397705078,
                -90.4127426147461
            ]
        },
        "8": {
            "uncertainty": [
                0.0057115452364087105,
                0.05342588946223259
            ],
            "llhs": [
                -107.61144256591797,
                -123.31778717041016
            ]
        },
        "9": {
            "uncertainty": [
                0.006749371066689491
            ],
            "llhs": [
                -85.04251098632812
            ]
        }
    }
}