{
    "config": {
        "algorithm_name": "SI",
        "num_tasks": 10,
        "epochs": 400,
        "lr": 0.0001,
        "hidden_dim": 500,
        "latent_dim": 50,
        "c": 1,
        "damping_param": 0.1,
        "batch_size": 256,
        "seed": 103,
        "id": 4,
        "save_folder": "10_runs_si_final"
    },
    "results": {
        "0": {
            "uncertainty": [
                0.0013173660263419151,
                1.0958092212677002,
                1.0814847946166992,
                1.7394237518310547,
                1.051363468170166,
                1.3795650005340576,
                1.023783802986145,
                1.1350499391555786,
                1.1515531539916992,
                1.1272321939468384
            ],
            "llhs": [
                NaN,
                NaN,
                NaN,
                NaN,
                NaN,
                NaN,
                NaN,
                NaN,
                NaN,
                NaN
            ]
        },
        "1": {
            "uncertainty": [
                0.001303959870710969,
                0.05329358950257301,
                0.1336151510477066,
                0.2266438901424408,
                0.11869760602712631,
                0.20526713132858276,
                0.15918050706386566,
                0.09755263477563858,
                0.18805928528308868
            ],
            "llhs": [
                NaN,
                -88.70719909667969,
                -101.63829040527344,
                NaN,
                -111.76236724853516,
                -110.94407653808594,
                -108.55580139160156,
                NaN,
                NaN
            ]
        },
        "2": {
            "uncertainty": [
                0.004710095003247261,
                0.27613675594329834,
                0.29942771792411804,
                0.32632672786712646,
                0.22656317055225372,
                0.40122202038764954,
                0.24061542749404907,
                0.33234456181526184
            ],
            "llhs": [
                NaN,
                -162.55908203125,
                NaN,
                NaN,
                -188.93101501464844,
                -234.3642578125,
                NaN,
                NaN
            ]
        },
        "3": {
            "uncertainty": [
                0.003310259897261858,
                0.29015371203422546,
                0.33190402388572693,
                0.42276081442832947,
                0.1636829674243927,
                0.1487988531589508,
                0.2070712298154831
            ],
            "llhs": [
                -98.87139129638672,
                -187.7721710205078,
                -151.6837615966797,
                -186.95590209960938,
                -199.94290161132812,
                -162.15220642089844,
                -189.76063537597656
            ]
        },
        "4": {
            "uncertainty": [
                0.005195080768316984,
                0.08031104505062103,
                0.09397843480110168,
                0.23564335703849792,
                0.13952656090259552,
                0.15915293991565704
            ],
            "llhs": [
                -88.76002502441406,
                -131.19403076171875,
                -131.4483184814453,
                -130.104248046875,
                -138.5249786376953,
                -117.10887145996094
            ]
        },
        "5": {
            "uncertainty": [
                0.006090489216148853,
                0.0444747731089592,
                0.10600672662258148,
                0.062417808920145035,
                0.12439697980880737
            ],
            "llhs": [
                -99.44535827636719,
                -124.67377471923828,
                -146.95352172851562,
                -126.04328155517578,
                -137.72174072265625
            ]
        },
        "6": {
            "uncertainty": [
                0.003288988023996353,
                0.15744970738887787,
                0.08477891981601715,
                0.13864611089229584
            ],
            "llhs": [
                -91.45857238769531,
                -143.7634735107422,
                -138.1123046875,
                -150.0528106689453
            ]
        },
        "7": {
            "uncertainty": [
                0.005868468899279833,
                0.038797009736299515,
                0.029828673228621483
            ],
            "llhs": [
                -77.60245513916016,
                -98.8812255859375,
                -90.84159851074219
            ]
        },
        "8": {
            "uncertainty": [
                0.009127182886004448,
                0.06692302972078323
            ],
            "llhs": [
                -107.27066802978516,
                -127.72805786132812
            ]
        },
        "9": {
            "uncertainty": [
                0.00590028241276741
            ],
            "llhs": [
                -85.06715393066406
            ]
        }
    }
}