{
    "config": {
        "algorithm_name": "SI",
        "num_tasks": 10,
        "epochs": 400,
        "lr": 0.0001,
        "hidden_dim": 500,
        "latent_dim": 50,
        "c": 1,
        "damping_param": 0.1,
        "batch_size": 256,
        "seed": 104,
        "id": 5,
        "save_folder": "10_runs_si_final"
    },
    "results": {
        "0": {
            "uncertainty": [
                0.0011177441338077188,
                1.009977102279663,
                1.058749794960022,
                1.563313364982605,
                1.0482248067855835,
                1.2605640888214111,
                1.019973635673523,
                0.9948288798332214,
                1.164971113204956,
                1.1832183599472046
            ],
            "llhs": [
                NaN,
                NaN,
                NaN,
                NaN,
                NaN,
                NaN,
                NaN,
                NaN,
                NaN,
                NaN
            ]
        },
        "1": {
            "uncertainty": [
                0.0006475473055616021,
                0.07597343623638153,
                0.12436453253030777,
                0.1404453068971634,
                0.08141028881072998,
                0.11320900917053223,
                0.17698241770267487,
                0.1002463698387146,
                0.11451754719018936
            ],
            "llhs": [
                -45.17477035522461,
                -92.72999572753906,
                -108.1549072265625,
                NaN,
                -111.54666900634766,
                NaN,
                NaN,
                NaN,
                NaN
            ]
        },
        "2": {
            "uncertainty": [
                0.004116744268685579,
                0.2508963942527771,
                0.3610319197177887,
                0.41486576199531555,
                0.23206454515457153,
                0.38598862290382385,
                0.24226918816566467,
                0.28886592388153076
            ],
            "llhs": [
                -103.61349487304688,
                NaN,
                -215.99530029296875,
                NaN,
                NaN,
                NaN,
                NaN,
                NaN
            ]
        },
        "3": {
            "uncertainty": [
                0.002330186776816845,
                0.14726445078849792,
                0.2060018926858902,
                0.2557224929332733,
                0.0718020349740982,
                0.05886021628975868,
                0.07401948422193527
            ],
            "llhs": [
                -98.88423156738281,
                -165.73876953125,
                -142.578125,
                NaN,
                NaN,
                NaN,
                NaN
            ]
        },
        "4": {
            "uncertainty": [
                0.0068840389139950275,
                0.10658612102270126,
                0.15981879830360413,
                0.2578061521053314,
                0.16451820731163025,
                0.12589018046855927
            ],
            "llhs": [
                -88.29703521728516,
                -137.6409454345703,
                -146.74339294433594,
                -138.87841796875,
                -145.42880249023438,
                -129.63511657714844
            ]
        },
        "5": {
            "uncertainty": [
                0.0038965167477726936,
                0.04108569398522377,
                0.04573763534426689,
                0.033407628536224365,
                0.0643949955701828
            ],
            "llhs": [
                -99.26992797851562,
                -128.1525115966797,
                -140.03314208984375,
                -123.03119659423828,
                -130.90721130371094
            ]
        },
        "6": {
            "uncertainty": [
                0.0032327212393283844,
                0.1104867160320282,
                0.09740104526281357,
                0.12368407845497131
            ],
            "llhs": [
                -91.48938751220703,
                -122.58565521240234,
                -121.97273254394531,
                -127.35047149658203
            ]
        },
        "7": {
            "uncertainty": [
                0.005655871704220772,
                0.03188208490610123,
                0.03398362919688225
            ],
            "llhs": [
                -77.65972137451172,
                -98.41248321533203,
                -92.25686645507812
            ]
        },
        "8": {
            "uncertainty": [
                0.007746913004666567,
                0.03064587339758873
            ],
            "llhs": [
                -107.16627502441406,
                -122.23446655273438
            ]
        },
        "9": {
            "uncertainty": [
                0.008997787721455097
            ],
            "llhs": [
                -84.88340759277344
            ]
        }
    }
}