{
    "config": {
        "algorithm_name": "SI",
        "num_tasks": 10,
        "epochs": 400,
        "lr": 0.0001,
        "hidden_dim": 500,
        "latent_dim": 50,
        "c": 1,
        "damping_param": 0.1,
        "batch_size": 256,
        "seed": 105,
        "id": 6,
        "save_folder": "10_runs_si_final"
    },
    "results": {
        "0": {
            "uncertainty": [
                0.0014204704202711582,
                1.150944471359253,
                1.0907219648361206,
                1.6947319507598877,
                0.9163044691085815,
                1.255831003189087,
                0.9554784893989563,
                0.9543864727020264,
                1.051450252532959,
                1.1028141975402832
            ],
            "llhs": [
                NaN,
                NaN,
                NaN,
                NaN,
                NaN,
                NaN,
                NaN,
                NaN,
                NaN,
                NaN
            ]
        },
        "1": {
            "uncertainty": [
                0.0009527707588858902,
                0.03986283764243126,
                0.09436725825071335,
                0.08795911818742752,
                0.06467504799365997,
                0.0693606287240982,
                0.08505415171384811,
                0.07373635470867157,
                0.06775707751512527
            ],
            "llhs": [
                -45.099693298339844,
                NaN,
                NaN,
                NaN,
                NaN,
                NaN,
                NaN,
                NaN,
                NaN
            ]
        },
        "2": {
            "uncertainty": [
                0.0034850696101784706,
                0.28084462881088257,
                0.25726988911628723,
                0.31326761841773987,
                0.1718374639749527,
                0.315920889377594,
                0.2211441844701767,
                0.24130570888519287
            ],
            "llhs": [
                -103.8231430053711,
                -185.4183349609375,
                -213.58885192871094,
                NaN,
                NaN,
                NaN,
                NaN,
                NaN
            ]
        },
        "3": {
            "uncertainty": [
                0.0019266164163127542,
                0.18529681861400604,
                0.36612817645072937,
                0.3526131212711334,
                0.14424863457679749,
                0.15746769309043884,
                0.12507925927639008
            ],
            "llhs": [
                -98.8682632446289,
                -169.1536865234375,
                NaN,
                -189.65391540527344,
                -195.46444702148438,
                -159.4939422607422,
                -172.2942657470703
            ]
        },
        "4": {
            "uncertainty": [
                0.006257555913180113,
                0.09117025136947632,
                0.11330529302358627,
                0.17067748308181763,
                0.13240782916545868,
                0.13254323601722717
            ],
            "llhs": [
                -88.5234603881836,
                -140.54747009277344,
                -141.0826416015625,
                -130.88999938964844,
                -143.5947265625,
                -131.95863342285156
            ]
        },
        "5": {
            "uncertainty": [
                0.004984833300113678,
                0.033809226006269455,
                0.06581000983715057,
                0.05332018807530403,
                0.08722466975450516
            ],
            "llhs": [
                -99.32872772216797,
                -125.97969818115234,
                -143.0362548828125,
                -124.07108306884766,
                -131.33624267578125
            ]
        },
        "6": {
            "uncertainty": [
                0.0030894028022885323,
                0.08081851899623871,
                0.0792306587100029,
                0.1432819366455078
            ],
            "llhs": [
                -91.40392303466797,
                -118.72821044921875,
                -123.57022857666016,
                -131.08982849121094
            ]
        },
        "7": {
            "uncertainty": [
                0.0029217421542853117,
                0.029186144471168518,
                0.024772988632321358
            ],
            "llhs": [
                -77.65496063232422,
                -100.43712615966797,
                -92.83625793457031
            ]
        },
        "8": {
            "uncertainty": [
                0.008300155401229858,
                0.07744677364826202
            ],
            "llhs": [
                -107.42584991455078,
                -123.114013671875
            ]
        },
        "9": {
            "uncertainty": [
                0.007041024509817362
            ],
            "llhs": [
                -85.12467193603516
            ]
        }
    }
}