{
    "config": {
        "algorithm_name": "SI",
        "num_tasks": 10,
        "epochs": 400,
        "lr": 0.0001,
        "hidden_dim": 500,
        "latent_dim": 50,
        "c": 1,
        "damping_param": 0.1,
        "batch_size": 256,
        "seed": 106,
        "id": 7,
        "save_folder": "10_runs_si_final"
    },
    "results": {
        "0": {
            "uncertainty": [
                0.0003457565326243639,
                1.078893780708313,
                1.1013309955596924,
                1.7779759168624878,
                1.116575002670288,
                1.506645679473877,
                1.0839147567749023,
                1.234329342842102,
                1.3347865343093872,
                1.5180851221084595
            ],
            "llhs": [
                -102.07313537597656,
                NaN,
                NaN,
                NaN,
                NaN,
                NaN,
                -335.3049621582031,
                -383.3463439941406,
                NaN,
                NaN
            ]
        },
        "1": {
            "uncertainty": [
                0.0011892816983163357,
                0.03034134767949581,
                0.07477473467588425,
                0.1275893896818161,
                0.12078173458576202,
                0.16116759181022644,
                0.10744503140449524,
                0.09194231033325195,
                0.10595502704381943
            ],
            "llhs": [
                NaN,
                NaN,
                NaN,
                NaN,
                NaN,
                NaN,
                NaN,
                NaN,
                NaN
            ]
        },
        "2": {
            "uncertainty": [
                0.0026105688884854317,
                0.2757889926433563,
                0.32019099593162537,
                0.32275038957595825,
                0.18900011479854584,
                0.2847423851490021,
                0.15580399334430695,
                0.35215938091278076
            ],
            "llhs": [
                -103.92668151855469,
                -194.2978515625,
                -222.62852478027344,
                NaN,
                NaN,
                -239.03700256347656,
                NaN,
                NaN
            ]
        },
        "3": {
            "uncertainty": [
                0.0029159649275243282,
                0.19890978932380676,
                0.506960928440094,
                0.42214980721473694,
                0.14953051507472992,
                0.15592831373214722,
                0.09653716534376144
            ],
            "llhs": [
                -98.9952163696289,
                -177.4521942138672,
                -147.93539428710938,
                -188.90745544433594,
                -183.56509399414062,
                -147.78121948242188,
                -177.39422607421875
            ]
        },
        "4": {
            "uncertainty": [
                0.007585358340293169,
                0.049954090267419815,
                0.08000481128692627,
                0.20395487546920776,
                0.16040919721126556,
                0.17400749027729034
            ],
            "llhs": [
                -88.64868927001953,
                -124.01217651367188,
                -129.98146057128906,
                -120.47779083251953,
                -143.1505126953125,
                -126.4952163696289
            ]
        },
        "5": {
            "uncertainty": [
                0.003668419551104307,
                0.05258776620030403,
                0.06574747711420059,
                0.06646695733070374,
                0.14685103297233582
            ],
            "llhs": [
                -99.33454895019531,
                -126.39630889892578,
                -139.88116455078125,
                -128.78013610839844,
                -143.4379119873047
            ]
        },
        "6": {
            "uncertainty": [
                0.0030806369613856077,
                0.11786067485809326,
                0.11377394944429398,
                0.332735538482666
            ],
            "llhs": [
                -91.28899383544922,
                -119.21690368652344,
                -133.69192504882812,
                -155.45730590820312
            ]
        },
        "7": {
            "uncertainty": [
                0.004567564465105534,
                0.029446227476000786,
                0.024931862950325012
            ],
            "llhs": [
                -77.52134704589844,
                -101.51396942138672,
                -92.23329162597656
            ]
        },
        "8": {
            "uncertainty": [
                0.00601356802508235,
                0.11939281970262527
            ],
            "llhs": [
                -107.29574584960938,
                -134.78077697753906
            ]
        },
        "9": {
            "uncertainty": [
                0.005294306669384241
            ],
            "llhs": [
                -84.88951873779297
            ]
        }
    }
}