{
    "config": {
        "algorithm_name": "SI",
        "num_tasks": 10,
        "epochs": 400,
        "lr": 0.0001,
        "hidden_dim": 500,
        "latent_dim": 50,
        "c": 1,
        "damping_param": 0.1,
        "batch_size": 256,
        "seed": 107,
        "id": 8,
        "save_folder": "10_runs_si_final"
    },
    "results": {
        "0": {
            "uncertainty": [
                0.0008154628449119627,
                1.075073003768921,
                1.0852737426757812,
                1.6908191442489624,
                1.282041072845459,
                1.3276708126068115,
                1.119179368019104,
                1.224445104598999,
                1.19930100440979,
                1.2771739959716797
            ],
            "llhs": [
                NaN,
                NaN,
                NaN,
                NaN,
                NaN,
                NaN,
                NaN,
                NaN,
                NaN,
                NaN
            ]
        },
        "1": {
            "uncertainty": [
                0.0022030374966561794,
                0.06395185738801956,
                0.12407592684030533,
                0.10347447544336319,
                0.10706714540719986,
                0.1265808343887329,
                0.11244764178991318,
                0.10173649340867996,
                0.11102612316608429
            ],
            "llhs": [
                NaN,
                NaN,
                -116.62051391601562,
                NaN,
                NaN,
                NaN,
                NaN,
                NaN,
                NaN
            ]
        },
        "2": {
            "uncertainty": [
                0.0035504584666341543,
                0.2545320391654968,
                0.23612257838249207,
                0.3081526458263397,
                0.16794392466545105,
                0.30599281191825867,
                0.18743081390857697,
                0.23932282626628876
            ],
            "llhs": [
                NaN,
                NaN,
                -204.1986846923828,
                NaN,
                -210.27198791503906,
                -261.03778076171875,
                NaN,
                NaN
            ]
        },
        "3": {
            "uncertainty": [
                0.004056156612932682,
                0.11089050024747849,
                0.397822767496109,
                0.27422791719436646,
                0.09296946972608566,
                0.1822187900543213,
                0.19077765941619873
            ],
            "llhs": [
                -98.69389343261719,
                -171.78497314453125,
                -152.968017578125,
                -187.78451538085938,
                -210.6057586669922,
                -164.3558807373047,
                -190.64344787597656
            ]
        },
        "4": {
            "uncertainty": [
                0.008570127189159393,
                0.10304860770702362,
                0.11771337687969208,
                0.29632192850112915,
                0.1458301544189453,
                0.17656920850276947
            ],
            "llhs": [
                -89.05448150634766,
                -131.87733459472656,
                -132.61122131347656,
                -138.98890686035156,
                -133.85971069335938,
                -122.953125
            ]
        },
        "5": {
            "uncertainty": [
                0.0026880186051130295,
                0.04567797854542732,
                0.07840893417596817,
                0.029461640864610672,
                0.05053054168820381
            ],
            "llhs": [
                -99.93434143066406,
                -131.27767944335938,
                -162.6044464111328,
                -127.68944549560547,
                -137.03746032714844
            ]
        },
        "6": {
            "uncertainty": [
                0.004106410313397646,
                0.128953218460083,
                0.07361002266407013,
                0.13387182354927063
            ],
            "llhs": [
                -91.26959228515625,
                -144.4813232421875,
                -126.01024627685547,
                -139.98008728027344
            ]
        },
        "7": {
            "uncertainty": [
                0.007631116081029177,
                0.04648005962371826,
                0.02793506160378456
            ],
            "llhs": [
                -77.53082275390625,
                -99.83671569824219,
                -90.71499633789062
            ]
        },
        "8": {
            "uncertainty": [
                0.01202775165438652,
                0.026556426659226418
            ],
            "llhs": [
                -107.34465789794922,
                -122.3783187866211
            ]
        },
        "9": {
            "uncertainty": [
                0.008427388966083527
            ],
            "llhs": [
                -85.0667724609375
            ]
        }
    }
}