{
    "config": {
        "algorithm_name": "SI",
        "num_tasks": 10,
        "epochs": 400,
        "lr": 0.0001,
        "hidden_dim": 500,
        "latent_dim": 50,
        "c": 1,
        "damping_param": 0.1,
        "batch_size": 256,
        "seed": 108,
        "id": 9,
        "save_folder": "10_runs_si_final"
    },
    "results": {
        "0": {
            "uncertainty": [
                0.001056240638718009,
                1.0707917213439941,
                1.2318867444992065,
                1.5770370960235596,
                0.9643915891647339,
                1.2221190929412842,
                1.0087798833847046,
                0.8718645572662354,
                1.1513991355895996,
                1.1669726371765137
            ],
            "llhs": [
                NaN,
                NaN,
                NaN,
                NaN,
                NaN,
                NaN,
                NaN,
                NaN,
                NaN,
                NaN
            ]
        },
        "1": {
            "uncertainty": [
                0.001080868300050497,
                0.07645824551582336,
                0.14001573622226715,
                0.21929867565631866,
                0.15814439952373505,
                0.21727609634399414,
                0.1433662623167038,
                0.13101717829704285,
                0.1641981601715088
            ],
            "llhs": [
                NaN,
                NaN,
                NaN,
                NaN,
                NaN,
                NaN,
                -104.90512084960938,
                -105.4207992553711,
                NaN
            ]
        },
        "2": {
            "uncertainty": [
                0.006109314039349556,
                0.20105046033859253,
                0.2355208396911621,
                0.2660926580429077,
                0.16032247245311737,
                0.23015907406806946,
                0.17200228571891785,
                0.19073961675167084
            ],
            "llhs": [
                -103.94535064697266,
                NaN,
                NaN,
                NaN,
                NaN,
                NaN,
                NaN,
                NaN
            ]
        },
        "3": {
            "uncertainty": [
                0.0019924230873584747,
                0.23290309309959412,
                0.3384234309196472,
                0.3782598078250885,
                0.13768674433231354,
                0.12730145454406738,
                0.1108156219124794
            ],
            "llhs": [
                -98.94564819335938,
                -187.40757751464844,
                -144.97409057617188,
                -215.22698974609375,
                -187.93475341796875,
                -152.59478759765625,
                -173.36703491210938
            ]
        },
        "4": {
            "uncertainty": [
                0.003521546022966504,
                0.11940222233533859,
                0.15392465889453888,
                0.2214306890964508,
                0.16836008429527283,
                0.15863139927387238
            ],
            "llhs": [
                -88.6507797241211,
                -138.71102905273438,
                -153.67987060546875,
                -130.45970153808594,
                -137.9969940185547,
                -120.5887680053711
            ]
        },
        "5": {
            "uncertainty": [
                0.0034130816347897053,
                0.04048915207386017,
                0.05200928822159767,
                0.038780659437179565,
                0.09496741741895676
            ],
            "llhs": [
                -99.50304412841797,
                -145.1348114013672,
                -141.9519805908203,
                -122.48225402832031,
                -138.1920928955078
            ]
        },
        "6": {
            "uncertainty": [
                0.0027881970163434744,
                0.1272127479314804,
                0.15148892998695374,
                0.20533007383346558
            ],
            "llhs": [
                -91.54436492919922,
                -124.37439727783203,
                -132.5346221923828,
                -139.70156860351562
            ]
        },
        "7": {
            "uncertainty": [
                0.0069809285923838615,
                0.02475118264555931,
                0.030085820704698563
            ],
            "llhs": [
                -77.3984375,
                -99.4706039428711,
                -90.8128433227539
            ]
        },
        "8": {
            "uncertainty": [
                0.008109279908239841,
                0.0423877015709877
            ],
            "llhs": [
                -107.24964141845703,
                -126.10645294189453
            ]
        },
        "9": {
            "uncertainty": [
                0.008639986626803875
            ],
            "llhs": [
                -85.16552734375
            ]
        }
    }
}