{
    "config": {
        "algorithm_name": "SI",
        "num_tasks": 10,
        "epochs": 400,
        "lr": 0.0001,
        "hidden_dim": 500,
        "latent_dim": 50,
        "c": 1,
        "damping_param": 0.1,
        "batch_size": 256,
        "seed": 109,
        "id": null,
        "save_folder": "10_runs_si_final"
    },
    "results": {
        "0": {
            "uncertainty": [
                0.0010710697388276458,
                1.1870441436767578,
                1.2062315940856934,
                1.6311442852020264,
                1.1221190690994263,
                1.547470211982727,
                1.1322122812271118,
                1.2302868366241455,
                1.2867344617843628,
                1.3446033000946045
            ],
            "llhs": [
                NaN,
                NaN,
                NaN,
                NaN,
                NaN,
                NaN,
                NaN,
                NaN,
                NaN,
                NaN
            ]
        },
        "1": {
            "uncertainty": [
                0.0015150129329413176,
                0.07385560125112534,
                0.07383078336715698,
                0.14229010045528412,
                0.09837628901004791,
                0.09584355354309082,
                0.10407630354166031,
                0.1035594716668129,
                0.12474674731492996
            ],
            "llhs": [
                -45.086036682128906,
                NaN,
                NaN,
                NaN,
                -115.08638000488281,
                NaN,
                NaN,
                NaN,
                NaN
            ]
        },
        "2": {
            "uncertainty": [
                0.005949434358626604,
                0.31706011295318604,
                0.3583501875400543,
                0.44268855452537537,
                0.2704164683818817,
                0.4796353280544281,
                0.31986215710639954,
                0.4082726836204529
            ],
            "llhs": [
                -103.46261596679688,
                -183.54342651367188,
                -221.03201293945312,
                NaN,
                NaN,
                NaN,
                NaN,
                NaN
            ]
        },
        "3": {
            "uncertainty": [
                0.0034081507474184036,
                0.12834793329238892,
                0.30254173278808594,
                0.23940277099609375,
                0.13692376017570496,
                0.18812504410743713,
                0.167001411318779
            ],
            "llhs": [
                -98.90233612060547,
                -179.2666015625,
                -159.0982666015625,
                -181.78414916992188,
                -207.98199462890625,
                NaN,
                NaN
            ]
        },
        "4": {
            "uncertainty": [
                0.006041871849447489,
                0.055589329451322556,
                0.04145115986466408,
                0.3192846179008484,
                0.13952741026878357,
                0.13253535330295563
            ],
            "llhs": [
                -88.94056701660156,
                -129.00315856933594,
                -119.55428314208984,
                -145.1497039794922,
                -143.3880157470703,
                -129.9216766357422
            ]
        },
        "5": {
            "uncertainty": [
                0.004610766191035509,
                0.037620920687913895,
                0.0748058557510376,
                0.046778202056884766,
                0.07329980283975601
            ],
            "llhs": [
                -99.4175796508789,
                -122.30783081054688,
                -148.14295959472656,
                -122.72712707519531,
                -131.08717346191406
            ]
        },
        "6": {
            "uncertainty": [
                0.00335462368093431,
                0.11702612042427063,
                0.04699955880641937,
                0.05006476491689682
            ],
            "llhs": [
                -91.36334228515625,
                -138.70855712890625,
                -127.36759185791016,
                -130.1195831298828
            ]
        },
        "7": {
            "uncertainty": [
                0.0063398452475667,
                0.044539276510477066,
                0.0523948036134243
            ],
            "llhs": [
                -77.77941131591797,
                NaN,
                NaN
            ]
        },
        "8": {
            "uncertainty": [
                0.003923601005226374,
                0.026429113000631332
            ],
            "llhs": [
                -107.23615264892578,
                -121.52658081054688
            ]
        },
        "9": {
            "uncertainty": [
                0.008185958489775658
            ],
            "llhs": [
                -84.90654754638672
            ]
        }
    }
}