{
    "config": {
        "algorithm_name": "LP",
        "num_tasks": 10,
        "epochs": 20,
        "lr": 0.001,
        "hidden_dim": 100,
        "lambd": 0.1,
        "batch_size": 200,
        "single_head": true,
        "seed": 100,
        "id": 0,
        "save_folder": "10_runs_LP_final"
    },
    "accuracies": [
        0.8784999847412109,
        0.875749945640564,
        0.8658999800682068,
        0.8530499935150146,
        0.8542799949645996,
        0.8354833126068115,
        0.8198713660240173,
        0.7965624332427979,
        0.7715888023376465,
        0.761199951171875
    ],
    "seed": 100
}