{
    "config": {
        "algorithm_name": "LP",
        "num_tasks": 10,
        "epochs": 20,
        "lr": 0.001,
        "hidden_dim": 100,
        "lambd": 0.1,
        "batch_size": 200,
        "single_head": true,
        "seed": 102,
        "id": 2,
        "save_folder": "10_runs_LP_final"
    },
    "accuracies": [
        0.8732999563217163,
        0.8754500150680542,
        0.8599666357040405,
        0.8550000190734863,
        0.8435599207878113,
        0.8235666155815125,
        0.8174286484718323,
        0.792912483215332,
        0.7556333541870117,
        0.7430399656295776
    ],
    "seed": 102
}