{
    "config": {
        "algorithm_name": "LP",
        "num_tasks": 10,
        "epochs": 20,
        "lr": 0.001,
        "hidden_dim": 100,
        "lambd": 0.1,
        "batch_size": 200,
        "single_head": true,
        "seed": 103,
        "id": 3,
        "save_folder": "10_runs_LP_final"
    },
    "accuracies": [
        0.8798999786376953,
        0.8695999383926392,
        0.8118333220481873,
        0.843375027179718,
        0.7947399616241455,
        0.7520166635513306,
        0.7575857639312744,
        0.7757750153541565,
        0.7652667164802551,
        0.745229959487915
    ],
    "seed": 103
}