{
    "config": {
        "algorithm_name": "LP",
        "num_tasks": 10,
        "epochs": 20,
        "lr": 0.001,
        "hidden_dim": 100,
        "lambd": 0.1,
        "batch_size": 200,
        "single_head": true,
        "seed": 105,
        "id": 5,
        "save_folder": "10_runs_LP_final"
    },
    "accuracies": [
        0.8745999932289124,
        0.8742499947547913,
        0.8640667200088501,
        0.8502999544143677,
        0.831619918346405,
        0.8182165622711182,
        0.7836000323295593,
        0.7949625253677368,
        0.7912777066230774,
        0.7628600001335144
    ],
    "seed": 105
}