{
    "config": {
        "algorithm_name": "LP",
        "num_tasks": 10,
        "epochs": 20,
        "lr": 0.001,
        "hidden_dim": 100,
        "lambd": 0.1,
        "batch_size": 200,
        "single_head": true,
        "seed": 108,
        "id": 8,
        "save_folder": "10_runs_LP_final"
    },
    "accuracies": [
        0.8743999600410461,
        0.8753999471664429,
        0.8567333221435547,
        0.8434999585151672,
        0.8302599787712097,
        0.8171499967575073,
        0.8014286160469055,
        0.759024977684021,
        0.7413555383682251,
        0.7506200671195984
    ],
    "seed": 108
}