{
    "config": {
        "algorithm_name": "EWC",
        "num_tasks": 10,
        "epochs": 100,
        "lr": 0.001,
        "hidden_dim": 100,
        "lambdas": [
            100,
            100,
            100,
            100,
            100,
            100,
            100,
            100,
            100,
            100
        ],
        "batch_size": 256
    },
    "accuracies": [
        0.977899968624115,
        0.9646499752998352,
        0.9461666941642761,
        0.926675021648407,
        0.8895799517631531,
        0.8905166387557983,
        0.8864571452140808,
        0.8840125203132629,
        0.8842222094535828,
        0.8826099634170532
    ]
}
Note: 50k samples fisher estimate