{
    "config": {
        "algorithm_name": "EWC",
        "num_tasks": 10,
        "epochs": 100,
        "lr": 0.001,
        "hidden_dim": 100,
        "lambdas": [
            200,
            200,
            200,
            200,
            200,
            200,
            200,
            200,
            200,
            200
        ],
        "batch_size": 256
    },
    "accuracies": [
        0.9774999618530273,
        0.9555999636650085,
        0.9510666728019714,
        0.9280499815940857,
        0.8832599520683289,
        0.8643833994865417,
        0.8695857524871826,
        0.8476124405860901,
        0.8508999943733215,
        0.8588399887084961
    ]
}
Note: 5k samples fisher estimate