{
    "config": {
        "algorithm_name": "EWC",
        "num_tasks": 10,
        "epochs": 100,
        "lr": 0.001,
        "hidden_dim": 100,
        "lambdas": [
            50,
            50,
            50,
            50,
            50,
            50,
            50,
            50,
            50,
            50
        ],
        "batch_size": 256
    },
    "accuracies": [
        0.9790999889373779,
        0.952549934387207,
        0.9411666393280029,
        0.8952999114990234,
        0.8802199363708496,
        0.8435332775115967,
        0.8325000405311584,
        0.8145250082015991,
        0.816766619682312,
        0.7861199378967285
    ]
}
Note: 5k samples fisher estimate