{
    "config": {
        "algorithm_name": "EWC",
        "num_tasks": 10,
        "epochs": 100,
        "lr": 0.001,
        "hidden_dim": 100,
        "lambdas": [
            10,
            10,
            10,
            10,
            10,
            10,
            10,
            10,
            10,
            10
        ],
        "batch_size": 256
    },
    "accuracies": [
        0.9775999784469604,
        0.9249999523162842,
        0.7960000038146973,
        0.7878999710083008,
        0.7798200249671936,
        0.7872499823570251,
        0.7994285821914673,
        0.7967249155044556,
        0.8035888075828552,
        0.8105600476264954
    ]
}
Note: 5k samples fisher estimate