{
    "config": {
        "algorithm_name": "EWC",
        "num_tasks": 10,
        "epochs": 100,
        "lr": 0.001,
        "hidden_dim": 100,
        "lambdas": [
            100,
            100,
            100,
            100,
            100,
            100,
            100,
            100,
            100,
            100
        ],
        "batch_size": 256
    },
    "accuracies": [
        0.9784999489784241,
        0.9380499720573425,
        0.9377333521842957,
        0.8836749792098999,
        0.8754200339317322,
        0.8555499911308289,
        0.8405857682228088,
        0.8162499666213989,
        0.8055776953697205,
        0.7986900210380554
    ]
}
Note: 5k samples fisher estimate