{
    "config": {
        "algorithm_name": "EWC",
        "num_tasks": 10,
        "epochs": 100,
        "lr": 0.001,
        "hidden_dim": 100,
        "lambdas": [
            300,
            300,
            300,
            300,
            300,
            300,
            300,
            300,
            300,
            300
        ],
        "batch_size": 256
    },
    "accuracies": [
        0.977400004863739,
        0.9681499600410461,
        0.962399959564209,
        0.9283750057220459,
        0.9176800847053528,
        0.8880166411399841,
        0.8768142461776733,
        0.8649124503135681,
        0.859122097492218,
        0.8574099540710449
    ]
}
Note: 5k samples fisher estimate