{
    "config": {
        "algorithm_name": "LP",
        "num_tasks": 10,
        "epochs": 100,
        "lr": 0.001,
        "hidden_dim": 100,
        "lambd": 1,
        "batch_size": 256
    },
    "accuracies": [
        0.9770999550819397,
        0.9696499705314636,
        0.9578666687011719,
        0.9375249743461609,
        0.9195599555969238,
        0.9116833209991455,
        0.8859715461730957,
        0.8485874533653259,
        0.8478333353996277,
        0.8287399411201477
    ]
}
Note: 500 samples hessian