{
    "config": {
        "algorithm_name": "LP",
        "num_tasks": 10,
        "epochs": 100,
        "lr": 0.001,
        "hidden_dim": 100,
        "lambd": 1,
        "batch_size": 256
    },
    "accuracies": [
        0.9777999520301819,
        0.8795499801635742,
        0.8590999841690063,
        0.833299994468689,
        0.7955799698829651,
        0.7424167394638062,
        0.6753000020980835,
        0.6638000011444092,
        0.6458222270011902,
        0.6484899520874023
    ]
}