{
    "config": {
        "algorithm_name": "LP",
        "num_tasks": 10,
        "epochs": 100,
        "lr": 0.001,
        "hidden_dim": 100,
        "lambd": 10,
        "batch_size": 256
    },
    "accuracies": [
        0.977899968624115,
        0.9739499688148499,
        0.9659333229064941,
        0.9575749635696411,
        0.9499799609184265,
        0.9346833229064941,
        0.9280428886413574,
        0.9185749888420105,
        0.9072999954223633,
        0.9033200144767761
    ]
}
Note: 500 samples hessian