{
    "config": {
        "algorithm_name": "LP",
        "num_tasks": 10,
        "epochs": 100,
        "lr": 0.001,
        "hidden_dim": 100,
        "lambd": 100,
        "batch_size": 256
    },
    "accuracies": [
        0.9785999655723572,
        0.9420499801635742,
        0.9104000329971313,
        0.8913249969482422,
        0.8714799880981445,
        0.8582667112350464,
        0.8510714173316956,
        0.8170499801635742,
        0.8155554533004761,
        0.7865099906921387
    ]
}