{
    "config": {
        "algorithm_name": "LP",
        "num_tasks": 10,
        "epochs": 10,
        "lr": 0.001,
        "hidden_dim": 100,
        "lambd": 100,
        "batch_size": 256,
        "single_head": true
    },
    "accuracies": [
        0.97079998254776,
        0.9651999473571777,
        0.9581665992736816,
        0.949874997138977,
        0.9356800317764282,
        0.9195166826248169,
        0.90010005235672,
        0.8769499659538269,
        0.8584110736846924,
        0.8354000449180603
    ]
}