{
    "config": {
        "algorithm_name": "LP",
        "num_tasks": 10,
        "epochs": 100,
        "lr": 0.001,
        "hidden_dim": 100,
        "lambd": 10,
        "batch_size": 256
    },
    "accuracies": [
        0.9781000018119812,
        0.9529999494552612,
        0.8556332588195801,
        0.8191249370574951,
        0.770359992980957,
        0.7267667055130005,
        0.722000002861023,
        0.7364124655723572,
        0.7230444550514221,
        0.7255299687385559
    ]
}