{
    "config": {
        "algorithm_name": "LP",
        "num_tasks": 10,
        "epochs": 100,
        "lr": 0.001,
        "hidden_dim": 100,
        "lambd": 100,
        "batch_size": 256
    },
    "accuracies": [
        0.9783999919891357,
        0.975600004196167,
        0.9694666862487793,
        0.9635249376296997,
        0.956559956073761,
        0.9498833417892456,
        0.9423714876174927,
        0.9380749464035034,
        0.9341110587120056,
        0.928409993648529
    ]
}
Note: 500 samples hessian