{
    "config": {
        "algorithm_name": "LP",
        "num_tasks": 10,
        "epochs": 100,
        "lr": 0.001,
        "hidden_dim": 100,
        "lambd": 200,
        "batch_size": 256
    },
    "accuracies": [
        0.9775999784469604,
        0.9634499549865723,
        0.9460333585739136,
        0.9222999811172485,
        0.9190400242805481,
        0.911216676235199,
        0.9114000201225281,
        0.9107624888420105,
        0.9068777561187744,
        0.9042300581932068
    ]
}