{
    "config": {
        "algorithm_name": "LP",
        "num_tasks": 10,
        "epochs": 100,
        "lr": 0.001,
        "hidden_dim": 100,
        "lambd": 200,
        "batch_size": 256
    },
    "accuracies": [
        0.9789999723434448,
        0.9750999808311462,
        0.9704333543777466,
        0.9653500318527222,
        0.9583999514579773,
        0.9508499503135681,
        0.9430428743362427,
        0.9371874928474426,
        0.9316222071647644,
        0.9274800419807434
    ]
}
Note: 500 samples hessian