{
    "config": {
        "algorithm_name": "LP",
        "num_tasks": 10,
        "epochs": 100,
        "lr": 0.001,
        "hidden_dim": 100,
        "lambd": 300,
        "batch_size": 256
    },
    "accuracies": [
        0.9763999581336975,
        0.9678499698638916,
        0.9571999907493591,
        0.935699999332428,
        0.9221599698066711,
        0.9126333594322205,
        0.91172856092453,
        0.8932999968528748,
        0.8923888802528381,
        0.8911799788475037
    ]
}