{
    "config": {
        "algorithm_name": "LP",
        "num_tasks": 10,
        "epochs": 100,
        "lr": 0.001,
        "hidden_dim": 100,
        "lambd": 200,
        "batch_size": 256
    },
    "accuracies": [
        0.9779999852180481,
        0.9735000133514404,
        0.9697999954223633,
        0.9647000432014465,
        0.9580199122428894,
        0.9527666568756104,
        0.9450000524520874,
        0.9389625191688538,
        0.9326889514923096,
        0.927329957485199
    ]
}
Note: 500 samples hessian