{
    "config": {
        "algorithm_name": "SI",
        "num_tasks": 10,
        "epochs": 100,
        "lr": 0.001,
        "hidden_dim": 100,
        "c": 0.01,
        "damping_param": 0.001,
        "batch_size": 256
    },
    "accuracies": [
        0.9797999858856201,
        0.9744999408721924,
        0.9685999751091003,
        0.960349977016449,
        0.9506599307060242,
        0.9408667087554932,
        0.9285286068916321,
        0.9187624454498291,
        0.9115111231803894,
        0.9090100526809692
    ]
}