{
    "config": {
        "algorithm_name": "SI",
        "num_tasks": 10,
        "epochs": 10,
        "lr": 0.001,
        "hidden_dim": 100,
        "c": 0.01,
        "damping_param": 0.001,
        "batch_size": 256,
        "single_head": true
    },
    "accuracies": [
        0.9714999794960022,
        0.9592999815940857,
        0.9448000192642212,
        0.9354499578475952,
        0.9160599708557129,
        0.9101166725158691,
        0.905571460723877,
        0.8814499378204346,
        0.8714221715927124,
        0.855199933052063
    ]
}