{
    "config": {
        "algorithm_name": "VI",
        "num_tasks": 10,
        "epochs": 100,
        "lr": 0.001,
        "hidden_dim": 100,
        "coreset_size": 0,
        "coreset_heuristic": "random",
        "batch_size": 256
    },
    "accuracies": [
        0.9776999950408936,
        0.950249969959259,
        0.9395333528518677,
        0.9296749830245972,
        0.924820065498352,
        0.9232000112533569,
        0.921242892742157,
        0.9185500144958496,
        0.9152999520301819,
        0.9134100079536438
    ]
}