{
    "config": {
        "algorithm_name": "VI",
        "num_tasks": 10,
        "epochs": 100,
        "lr": 0.001,
        "hidden_dim": 100,
        "coreset_size": 0,
        "coreset_heuristic": "random",
        "batch_size": 256,
        "mode": "bernoulli",
        "single_head": true
    },
    "accuracies": [
        0.9825999736785889,
        0.9629999399185181,
        0.9431333541870117,
        0.9150750041007996,
        0.9140799641609192,
        0.9126332998275757,
        0.9028142690658569,
        0.88714998960495,
        0.8816555738449097,
        0.8719200491905212
    ]
}