{
    "config": {
        "algorithm_name": "VI",
        "num_tasks": 10,
        "epochs": 100,
        "lr": 0.001,
        "hidden_dim": 100,
        "coreset_size": 200,
        "coreset_heuristic": "random",
        "batch_size": 256,
        "mode": "regression"
    },
    "accuracies": [
        0.09568841755390167,
        0.1878548562526703,
        0.2184962034225464,
        0.23297131061553955,
        0.24003854393959045,
        0.2451900839805603,
        0.2504505217075348,
        0.255497545003891,
        0.25935348868370056,
        0.25696370005607605
    ]
}