{
    "config": {
        "algorithm_name": "VI",
        "num_tasks": 10,
        "epochs": 100,
        "lr": 0.001,
        "hidden_dim": 100,
        "coreset_size": 200,
        "coreset_heuristic": "random",
        "batch_size": 256
    },
    "accuracies": [
        0.9765999913215637,
        0.9451999664306641,
        0.9350666999816895,
        0.930150032043457,
        0.9237200021743774,
        0.9217833280563354,
        0.9193714261054993,
        0.9164749979972839,
        0.9155666828155518,
        0.9150499701499939
    ]
}