{
    "config": {
        "algorithm_name": "VI",
        "num_tasks": 10,
        "epochs": 100,
        "lr": 0.001,
        "hidden_dim": 100,
        "coreset_size": 1000,
        "coreset_heuristic": "random",
        "batch_size": 256
    },
    "accuracies": [
        0.9741999506950378,
        0.9437999725341797,
        0.9360666275024414,
        0.9291749596595764,
        0.9258000254631042,
        0.9238499402999878,
        0.9216285943984985,
        0.9208999872207642,
        0.92003333568573,
        0.9180199503898621
    ]
}