{
    "config": {
        "algorithm_name": "VI",
        "num_tasks": 10,
        "epochs": 100,
        "lr": 0.001,
        "hidden_dim": 100,
        "coreset_size": 5000,
        "coreset_heuristic": "random",
        "batch_size": 256,
        "mode": "regression"
    },
    "accuracies": [
        0.0911707729101181,
        0.18745720386505127,
        0.21838216483592987,
        0.23154562711715698,
        0.24264927208423615,
        0.2492150515317917,
        0.2540186941623688,
        0.2567670941352844,
        0.2583114504814148,
        0.2601270079612732
    ]
}