{
    "config": {
        "algorithm_name": "VI",
        "num_tasks": 10,
        "epochs": 100,
        "lr": 0.001,
        "hidden_dim": 100,
        "coreset_size": 5000,
        "coreset_heuristic": "random",
        "batch_size": 256
    },
    "accuracies": [
        0.9774999618530273,
        0.9460499882698059,
        0.936633288860321,
        0.9335999488830566,
        0.9316800236701965,
        0.9282999038696289,
        0.926300048828125,
        0.9251499772071838,
        0.9242110848426819,
        0.921970009803772
    ]
}