{
    "config": {
        "algorithm_name": "VI",
        "num_tasks": 10,
        "epochs": 100,
        "lr": 0.001,
        "hidden_dim": 100,
        "coreset_size": 0,
        "coreset_heuristic": "random",
        "batch_size": 256,
        "mode": "regression"
    },
    "accuracies": [
        0.09042935818433762,
        0.18964238464832306,
        0.22187094390392303,
        0.23871001601219177,
        0.24902836978435516,
        0.25545868277549744,
        0.2602344751358032,
        0.26376721262931824,
        0.2670483887195587,
        0.26912936568260193
    ]
}