{
    "config": {
        "algorithm_name": "VI",
        "num_tasks": 10,
        "epochs": 100,
        "lr": 0.001,
        "hidden_dim": 100,
        "coreset_size": 0,
        "coreset_heuristic": "random",
        "batch_size": 256,
        "mode": "regression"
    },
    "accuracies": [
        0.09260277450084686,
        0.18952462077140808,
        0.21905775368213654,
        0.2354849874973297,
        0.24355199933052063,
        0.24963277578353882,
        0.25347384810447693,
        0.2558863162994385,
        0.2586752474308014,
        0.2672595977783203
    ]
}