{
    "config": {
        "algorithm_name": "VI",
        "num_tasks": 10,
        "epochs": 100,
        "lr": 0.001,
        "hidden_dim": 100,
        "coreset_size": 0,
        "coreset_heuristic": "random",
        "batch_size": 256,
        "mode": "bernoulli",
        "single_head": true
    },
    "accuracies": [
        0.979699969291687,
        0.9406499862670898,
        0.9175000190734863,
        0.8954999446868896,
        0.8658799529075623,
        0.8594333529472351,
        0.8332714438438416,
        0.8250750303268433,
        0.8066332936286926,
        0.7803799510002136
    ]
}