{
    "config": {
        "algorithm_name": "EWC",
        "num_tasks": 10,
        "epochs": 100,
        "lr": 0.001,
        "hidden_dim": 100,
        "lambdas": [
            10,
            10,
            10,
            10,
            10,
            10,
            10,
            10,
            10,
            10
        ],
        "batch_size": 256
    },
    "accuracies": [
        0.976699948310852,
        0.9328999519348145,
        0.8703333139419556,
        0.8524749875068665,
        0.8127999305725098,
        0.7692666053771973,
        0.7726285457611084,
        0.7384999990463257,
        0.7246999144554138,
        0.707260012626648
    ]
}
Note: old fisher matrix