{
    "config": {
        "algorithm_name": "EWC",
        "num_tasks": 10,
        "epochs": 100,
        "lr": 0.001,
        "hidden_dim": 100,
        "lambdas": [
            100,
            100,
            100,
            100,
            100,
            100,
            100,
            100,
            100,
            100
        ],
        "batch_size": 256
    },
    "accuracies": [
        0.9774999618530273,
        0.9637500047683716,
        0.9399333000183105,
        0.9076249599456787,
        0.9014000296592712,
        0.8597666621208191,
        0.8308142423629761,
        0.8032124638557434,
        0.812655508518219,
        0.8090899586677551
    ]
}
Note: old fisher matrix