{
    "config": {
        "algorithm_name": "EWC",
        "num_tasks": 10,
        "epochs": 100,
        "lr": 0.001,
        "hidden_dim": 100,
        "lambdas": [
            250,
            250,
            250,
            250,
            250,
            250,
            250,
            250,
            250,
            250
        ],
        "batch_size": 256
    },
    "accuracies": [
        0.9772999882698059,
        0.9629499912261963,
        0.9557666182518005,
        0.9029499888420105,
        0.8686399459838867,
        0.8677500486373901,
        0.8609000444412231,
        0.858537495136261,
        0.8598777651786804,
        0.8615599870681763
    ]
}
Note: old fisher matrix