{
    "config": {
        "algorithm_name": "EWC",
        "num_tasks": 10,
        "epochs": 100,
        "lr": 0.001,
        "hidden_dim": 100,
        "lambdas": [
            1,
            1,
            1,
            1,
            1,
            1,
            1,
            1,
            1,
            1
        ],
        "batch_size": 256
    },
    "accuracies": [
        0.9763999581336975,
        0.8538999557495117,
        0.7842666506767273,
        0.7589749693870544,
        0.6829599738121033,
        0.7242500185966492,
        0.6752000451087952,
        0.6181250214576721,
        0.5909000039100647,
        0.5861999988555908
    ]
}
Note: old fisher matrix