{
    "config": {
        "algorithm_name": "LP",
        "num_tasks": 10,
        "epochs": 100,
        "lr": 0.001,
        "hidden_dim": 100,
        "lambd": 1,
        "batch_size": 256
    },
    "accuracies": [
        0.9783999919891357,
        0.9614999294281006,
        0.954633355140686,
        0.9331749677658081,
        0.9164599776268005,
        0.8990333080291748,
        0.897014319896698,
        0.8860249519348145,
        0.8676666021347046,
        0.864319920539856
    ]
}