{
    "config": {
        "algorithm_name": "LP",
        "num_tasks": 10,
        "epochs": 100,
        "lr": 0.001,
        "hidden_dim": 100,
        "lambd": 10,
        "batch_size": 256
    },
    "accuracies": [
        0.9777999520301819,
        0.9703499674797058,
        0.9659666419029236,
        0.9553249478340149,
        0.9430999755859375,
        0.9258166551589966,
        0.9158285856246948,
        0.9101874828338623,
        0.898888885974884,
        0.8952699899673462
    ]
}