{
    "config": {
        "algorithm_name": "LP",
        "num_tasks": 10,
        "epochs": 100,
        "lr": 0.001,
        "hidden_dim": 100,
        "lambd": 10,
        "batch_size": 256
    },
    "accuracies": [
        0.9775999784469604,
        0.8346999883651733,
        0.820366621017456,
        0.7740499973297119,
        0.7308799624443054,
        0.7244833707809448,
        0.7045143246650696,
        0.6648374795913696,
        0.6581555604934692,
        0.649389922618866
    ]
}
Note: old fisher matrix