{
    "config": {
        "algorithm_name": "LP",
        "num_tasks": 10,
        "epochs": 100,
        "lr": 0.001,
        "hidden_dim": 100,
        "lambd": 1,
        "batch_size": 256
    },
    "accuracies": [
        0.977400004863739,
        0.8934500217437744,
        0.8148666620254517,
        0.7565000057220459,
        0.6741600036621094,
        0.6452166438102722,
        0.6185286045074463,
        0.6023374795913696,
        0.5588221549987793,
        0.553309977054596
    ]
}
Note: old fisher matrix