{
    "config": {
        "algorithm_name": "LP",
        "num_tasks": 10,
        "epochs": 100,
        "lr": 0.001,
        "hidden_dim": 100,
        "lambd": 100,
        "batch_size": 256
    },
    "accuracies": [
        0.977400004863739,
        0.960349977016449,
        0.9411666393280029,
        0.9054999351501465,
        0.8787199854850769,
        0.8566333651542664,
        0.8405143618583679,
        0.8301500082015991,
        0.8079110980033875,
        0.8002200126647949
    ]
}