{
    "config": {
        "algorithm_name": "LP",
        "num_tasks": 10,
        "epochs": 100,
        "lr": 0.001,
        "hidden_dim": 100,
        "lambd": 100,
        "batch_size": 256
    },
    "accuracies": [
        0.9756999611854553,
        0.9738999605178833,
        0.9674000144004822,
        0.9579000473022461,
        0.9415599703788757,
        0.9330666065216064,
        0.9299428462982178,
        0.9232499599456787,
        0.9193443655967712,
        0.9155400395393372
    ]
}