{
    "config": {
        "algorithm_name": "SI",
        "num_tasks": 10,
        "epochs": 100,
        "lr": 0.001,
        "hidden_dim": 100,
        "c": 0.1,
        "damping_param": 0.001,
        "batch_size": 256
    },
    "accuracies": [
        0.977400004863739,
        0.9729499816894531,
        0.9675666689872742,
        0.9574249982833862,
        0.9458599090576172,
        0.9349000453948975,
        0.926885724067688,
        0.9202749729156494,
        0.9150667190551758,
        0.9104799628257751
    ]
}