{
    "config": {
        "algorithm_name": "SI",
        "num_tasks": 10,
        "epochs": 100,
        "lr": 0.001,
        "hidden_dim": 100,
        "c": 1,
        "damping_param": 0.001,
        "batch_size": 256
    },
    "accuracies": [
        0.9781999588012695,
        0.9706000089645386,
        0.9596333503723145,
        0.9466999769210815,
        0.934939980506897,
        0.9235666990280151,
        0.9168570637702942,
        0.9112625122070312,
        0.9066111445426941,
        0.9030299186706543
    ]
}