{
    "config": {
        "algorithm_name": "SI",
        "num_tasks": 10,
        "epochs": 100,
        "lr": 0.001,
        "hidden_dim": 100,
        "c": 10,
        "damping_param": 0.001,
        "batch_size": 256
    },
    "accuracies": [
        0.9765999913215637,
        0.9684000015258789,
        0.9559666514396667,
        0.9403499960899353,
        0.9271799921989441,
        0.9177166819572449,
        0.9121571779251099,
        0.9079999923706055,
        0.9043888449668884,
        0.9014800190925598
    ]
}