{
    "config": {
        "algorithm_name": "VI",
        "num_tasks": 10,
        "epochs": 100,
        "lr": 0.001,
        "hidden_dim": 100,
        "coreset_size": 0,
        "coreset_heuristic": "random",
        "batch_size": 256
    },
    "accuracies": [
        0.9791999459266663,
        0.9470499753952026,
        0.9355999827384949,
        0.9317249655723572,
        0.9261399507522583,
        0.921416699886322,
        0.9164570569992065,
        0.9112499952316284,
        0.9116666913032532,
        0.9120499491691589
    ]
}