{
    "config": {
        "algorithm_name": "VI",
        "num_tasks": 10,
        "epochs": 100,
        "lr": 0.001,
        "hidden_dim": 100,
        "coreset_size": 5000,
        "coreset_heuristic": "random",
        "batch_size": 256
    },
    "accuracies": [
        0.9716999530792236,
        0.941100001335144,
        0.9327332973480225,
        0.9271249175071716,
        0.9229399561882019,
        0.9231666326522827,
        0.9198142886161804,
        0.9176750183105469,
        0.9169777631759644,
        0.91593998670578
    ]
}