{
    "config": {
        "algorithm_name": "VI",
        "num_tasks": 10,
        "epochs": 100,
        "lr": 0.001,
        "hidden_dim": 100,
        "coreset_size": 200,
        "coreset_heuristic": "random",
        "batch_size": 256
    },
    "accuracies": [
        0.9749999642372131,
        0.9347000122070312,
        0.9248666763305664,
        0.9195749759674072,
        0.9146000146865845,
        0.909416675567627,
        0.9060285687446594,
        0.9055625200271606,
        0.9039443135261536,
        0.9040799140930176
    ]
}