{
    "config": {
        "algorithm_name": "VI",
        "num_tasks": 10,
        "epochs": 100,
        "lr": 0.001,
        "hidden_dim": 100,
        "coreset_size": 1000,
        "coreset_heuristic": "random",
        "batch_size": 256
    },
    "accuracies": [
        0.972000002861023,
        0.939799964427948,
        0.9272333979606628,
        0.9205249547958374,
        0.9179800152778625,
        0.9158166646957397,
        0.9139000177383423,
        0.9122249484062195,
        0.9121555685997009,
        0.9098300337791443
    ]
}