{
    "config": {
        "algorithm_name": "VI",
        "num_tasks": 10,
        "epochs": 5,
        "lr": 0.001,
        "hidden_dim": 100,
        "coreset_size": 1000,
        "coreset_heuristic": "random",
        "batch_size": 256
    },
    "accuracies": [
        0.9580000042915344,
        0.937250018119812,
        0.9294999837875366,
        0.9223999977111816,
        0.9191799163818359,
        0.912850022315979,
        0.9119285345077515,
        0.9094249606132507,
        0.9076887965202332,
        0.905009925365448
    ]
}