{
    "config": {
        "algorithm_name": "SI",
        "num_tasks": 10,
        "epochs": 20,
        "lr": 0.001,
        "hidden_dim": 100,
        "c": 0.05,
        "damping_param": 0.1,
        "batch_size": 256,
        "single_head": true,
        "seed": 191,
        "id": 10,
        "save_folder": "10_runs_SI"
    },
    "accuracies": [
        0.9752999544143677,
        0.9579999446868896,
        0.9407333731651306,
        0.9187749624252319,
        0.7471599578857422,
        0.734416663646698,
        0.6802142262458801,
        0.641700029373169,
        0.607866644859314,
        0.5762600302696228
    ],
    "seed": 191
}