{
    "config": {
        "algorithm_name": "SI",
        "num_tasks": 10,
        "epochs": 20,
        "lr": 0.001,
        "hidden_dim": 100,
        "c": 0.5,
        "damping_param": 0.1,
        "batch_size": 256,
        "single_head": true,
        "seed": 102,
        "id": 2,
        "save_folder": "10_runs_SI"
    },
    "accuracies": [
        0.9771999716758728,
        0.8861500024795532,
        0.8300999999046326,
        0.8598250150680542,
        0.8748999834060669,
        0.8720166683197021,
        0.8661714196205139,
        0.8588124513626099,
        0.8478555083274841,
        0.830579936504364
    ],
    "seed": 102
}