{
    "config": {
        "algorithm_name": "SI",
        "num_tasks": 10,
        "epochs": 20,
        "lr": 0.001,
        "hidden_dim": 100,
        "c": 0.5,
        "damping_param": 0.1,
        "batch_size": 256,
        "single_head": true,
        "seed": 103,
        "id": 3,
        "save_folder": "10_runs_SI"
    },
    "accuracies": [
        0.9753999710083008,
        0.9598499536514282,
        0.9303333163261414,
        0.9161249995231628,
        0.8160999417304993,
        0.798099935054779,
        0.795371413230896,
        0.8214125037193298,
        0.8094111084938049,
        0.80718994140625
    ],
    "seed": 103
}