{
    "config": {
        "algorithm_name": "SI",
        "num_tasks": 10,
        "epochs": 20,
        "lr": 0.001,
        "hidden_dim": 100,
        "c": 0.5,
        "damping_param": 0.1,
        "batch_size": 256,
        "single_head": true,
        "seed": 106,
        "id": 6,
        "save_folder": "10_runs_SI"
    },
    "accuracies": [
        0.9771999716758728,
        0.964900016784668,
        0.8925999999046326,
        0.8913750052452087,
        0.8797599673271179,
        0.8802165985107422,
        0.8694857358932495,
        0.8564749956130981,
        0.8430333137512207,
        0.8284400105476379
    ],
    "seed": 106
}