{
    "config": {
        "algorithm_name": "SI",
        "num_tasks": 10,
        "epochs": 20,
        "lr": 0.001,
        "hidden_dim": 100,
        "c": 0.5,
        "damping_param": 0.1,
        "batch_size": 256,
        "single_head": true,
        "seed": 108,
        "id": 8,
        "save_folder": "10_runs_SI"
    },
    "accuracies": [
        0.977400004863739,
        0.965499997138977,
        0.9327999949455261,
        0.8944249749183655,
        0.8885399699211121,
        0.8830499649047852,
        0.8662000298500061,
        0.8684999942779541,
        0.8380444645881653,
        0.8293899893760681
    ],
    "seed": 108
}