{
    "config": {
        "algorithm_name": "EWC",
        "num_tasks": 10,
        "epochs": 20,
        "lr": 0.001,
        "hidden_dim": 100,
        "lambdas": [
            100,
            100,
            100,
            100,
            100,
            100,
            100,
            100,
            100,
            100
        ],
        "batch_size": 200,
        "single_head": true,
        "seed": 32,
        "id": 6,
        "save_folder": "10_runs_EWC"
    },
    "accuracies": [
        0.9788999557495117,
        0.9645999670028687,
        0.9541333913803101,
        0.949874997138977,
        0.932640016078949,
        0.9240833520889282,
        0.8993571400642395,
        0.8774624466896057,
        0.837422251701355,
        0.8213099837303162
    ],
    "seed": 32
}