{
    "config": {
        "algorithm_name": "EWC",
        "num_tasks": 10,
        "epochs": 20,
        "lr": 0.001,
        "hidden_dim": 100,
        "lambdas": [
            100,
            100,
            100,
            100,
            100,
            100,
            100,
            100,
            100,
            100
        ],
        "batch_size": 200,
        "single_head": true,
        "seed": 42,
        "id": 0,
        "save_folder": "10_runs_EWC"
    },
    "accuracies": [
        0.9751999974250793,
        0.961899995803833,
        0.9514666795730591,
        0.9420000314712524,
        0.9321200251579285,
        0.8852666616439819,
        0.8805143237113953,
        0.8566624522209167,
        0.8338665962219238,
        0.7729198932647705
    ],
    "seed": 42
}