{
    "config": {
        "algorithm_name": "EWC",
        "num_tasks": 10,
        "epochs": 20,
        "lr": 0.001,
        "hidden_dim": 100,
        "lambdas": [
            100,
            100,
            100,
            100,
            100,
            100,
            100,
            100,
            100,
            100
        ],
        "batch_size": 200,
        "single_head": true,
        "seed": 31,
        "id": 5,
        "save_folder": "10_runs_EWC"
    },
    "accuracies": [
        0.9759999513626099,
        0.9255499839782715,
        0.9254667162895203,
        0.9319750070571899,
        0.927079975605011,
        0.8183000087738037,
        0.7855286002159119,
        0.8013874292373657,
        0.7745110988616943,
        0.7824699878692627
    ],
    "seed": 31
}