{
    "config": {
        "algorithm_name": "EWC",
        "num_tasks": 10,
        "epochs": 20,
        "lr": 0.001,
        "hidden_dim": 100,
        "lambdas": [
            100,
            100,
            100,
            100,
            100,
            100,
            100,
            100,
            100,
            100
        ],
        "batch_size": 200,
        "single_head": true,
        "seed": 34,
        "id": 8,
        "save_folder": "10_runs_EWC"
    },
    "accuracies": [
        0.9765999913215637,
        0.9273999929428101,
        0.895466685295105,
        0.8862499594688416,
        0.9003200531005859,
        0.8702332973480225,
        0.8343857526779175,
        0.7837124466896057,
        0.7643333673477173,
        0.5937399864196777
    ],
    "seed": 34
}