{
    "config": {
        "algorithm_name": "EWC",
        "num_tasks": 10,
        "epochs": 20,
        "lr": 0.001,
        "hidden_dim": 100,
        "lambdas": [
            100,
            100,
            100,
            100,
            100,
            100,
            100,
            100,
            100,
            100
        ],
        "batch_size": 200,
        "single_head": true,
        "seed": 43,
        "id": 1,
        "save_folder": "10_runs_EWC"
    },
    "accuracies": [
        0.9782999753952026,
        0.9639499187469482,
        0.9508666396141052,
        0.9361499547958374,
        0.9359599947929382,
        0.9123166799545288,
        0.6040571928024292,
        0.6482499837875366,
        0.6177444458007812,
        0.6214900016784668
    ],
    "seed": 43
}