{
    "config": {
        "algorithm_name": "EWC",
        "num_tasks": 10,
        "epochs": 20,
        "lr": 0.001,
        "hidden_dim": 100,
        "lambdas": [
            100,
            100,
            100,
            100,
            100,
            100,
            100,
            100,
            100,
            100
        ],
        "batch_size": 200,
        "single_head": true,
        "seed": 33,
        "id": 7,
        "save_folder": "10_runs_EWC"
    },
    "accuracies": [
        0.9749999642372131,
        0.9371999502182007,
        0.9275000095367432,
        0.9332249164581299,
        0.9132399559020996,
        0.8704166412353516,
        0.8258999586105347,
        0.8078374862670898,
        0.7791332602500916,
        0.7498199343681335
    ],
    "seed": 33
}