{
    "config": {
        "algorithm_name": "EWC",
        "num_tasks": 10,
        "epochs": 20,
        "lr": 0.001,
        "hidden_dim": 100,
        "lambdas": [
            100,
            100,
            100,
            100,
            100,
            100,
            100,
            100,
            100,
            100
        ],
        "batch_size": 200,
        "single_head": true,
        "seed": 44,
        "id": 2,
        "save_folder": "10_runs_EWC"
    },
    "accuracies": [
        0.9764999747276306,
        0.9404000043869019,
        0.9351999759674072,
        0.9334999918937683,
        0.9263200163841248,
        0.9120166301727295,
        0.8933857083320618,
        0.8832499980926514,
        0.8505666851997375,
        0.8181099891662598
    ],
    "seed": 44
}