{
    "config": {
        "algorithm_name": "EWC",
        "num_tasks": 10,
        "epochs": 20,
        "lr": 0.001,
        "hidden_dim": 100,
        "lambdas": [
            100,
            100,
            100,
            100,
            100,
            100,
            100,
            100,
            100,
            100
        ],
        "batch_size": 200,
        "single_head": true,
        "seed": 46,
        "id": 4,
        "save_folder": "10_runs_EWC"
    },
    "accuracies": [
        0.9750999808311462,
        0.9557499885559082,
        0.9344333410263062,
        0.9273749589920044,
        0.9201000332832336,
        0.9044166803359985,
        0.8904857635498047,
        0.8757374286651611,
        0.8595777153968811,
        0.8389800190925598
    ],
    "seed": 46
}