{
    "config": {
        "algorithm_name": "EWC",
        "num_tasks": 10,
        "epochs": 20,
        "lr": 0.001,
        "hidden_dim": 100,
        "lambdas": [
            100,
            100,
            100,
            100,
            100,
            100,
            100,
            100,
            100,
            100
        ],
        "batch_size": 200,
        "single_head": true,
        "seed": 45,
        "id": 3,
        "save_folder": "10_runs_EWC"
    },
    "accuracies": [
        0.9775999784469604,
        0.9499000310897827,
        0.9326666593551636,
        0.9332749843597412,
        0.9214800000190735,
        0.8790499567985535,
        0.8669572472572327,
        0.8285250067710876,
        0.7953555583953857,
        0.7807599902153015
    ],
    "seed": 45
}