{
    "config": {
        "algorithm_name": "EWC",
        "num_tasks": 10,
        "epochs": 20,
        "lr": 0.001,
        "hidden_dim": 100,
        "lambdas": [
            100,
            100,
            100,
            100,
            100,
            100,
            100,
            100,
            100,
            100
        ],
        "batch_size": 200,
        "single_head": true,
        "seed": 35,
        "id": 9,
        "save_folder": "10_runs_EWC"
    },
    "accuracies": [
        0.9752999544143677,
        0.9517999887466431,
        0.8942999839782715,
        0.8865249752998352,
        0.905739963054657,
        0.9033000469207764,
        0.8882571458816528,
        0.8738124966621399,
        0.8611111640930176,
        0.8397099375724792
    ],
    "seed": 35
}