{
    "config": {
        "algorithm_name": "VI",
        "num_tasks": 10,
        "epochs": 100,
        "lr": 0.001,
        "hidden_dim": 100,
        "coreset_size": 5000,
        "coreset_heuristic": "random",
        "batch_size": 256,
        "mode": "bernoulli",
        "single_head": true,
        "seed": 104,
        "id": 14,
        "save_folder": "10_runs_vi_final"
    },
    "accuracies": [
        0.9813999533653259,
        0.975849986076355,
        0.9720666408538818,
        0.9702500104904175,
        0.9688000082969666,
        0.9669334292411804,
        0.9627000689506531,
        0.960599958896637,
        0.957922101020813,
        0.9554699063301086
    ],
    "seed": 104
}