{
    "config": {
        "algorithm_name": "VI",
        "num_tasks": 10,
        "epochs": 100,
        "lr": 0.001,
        "hidden_dim": 100,
        "coreset_size": 5000,
        "coreset_heuristic": "random",
        "batch_size": 256,
        "mode": "bernoulli",
        "single_head": true,
        "seed": 103,
        "id": 13,
        "save_folder": "10_runs_vi_final"
    },
    "accuracies": [
        0.9803999662399292,
        0.9757499694824219,
        0.9737000465393066,
        0.9709749817848206,
        0.9689399600028992,
        0.9664832949638367,
        0.9648000001907349,
        0.9619625210762024,
        0.9591554999351501,
        0.9569900631904602
    ],
    "seed": 103
}