{
    "config": {
        "algorithm_name": "VI",
        "num_tasks": 10,
        "epochs": 100,
        "lr": 0.001,
        "hidden_dim": 100,
        "coreset_size": 0,
        "coreset_heuristic": "random",
        "batch_size": 256,
        "mode": "bernoulli",
        "single_head": true,
        "seed": 104,
        "id": 4,
        "save_folder": "10_runs_vi_final"
    },
    "accuracies": [
        0.9825999736785889,
        0.9663499593734741,
        0.9557666182518005,
        0.9548999071121216,
        0.9478599429130554,
        0.9403499960899353,
        0.9253285527229309,
        0.9233749508857727,
        0.9190889000892639,
        0.9015199542045593
    ],
    "seed": 104
}