{
    "config": {
        "algorithm_name": "EWC",
        "num_tasks": 10,
        "epochs": 200,
        "lr": 0.0001,
        "hidden_dim": 100,
        "lambdas": [
            10,
            10,
            10,
            10,
            10,
            10,
            10,
            10,
            10,
            10
        ],
        "batch_size": 200,
        "latent_dim": 50,
        "seed": 106,
        "id": 7,
        "save_folder": "10_runs_ewc_gen_final"
    },
    "results": {
        "0": {
            "uncertainty": [
                0.002479065675288439,
                0.8713182806968689,
                0.796684205532074,
                0.8783755898475647,
                0.7339574098587036,
                0.7721968293190002,
                0.8257606029510498,
                0.7564281225204468,
                0.8327717781066895,
                0.8058326244354248
            ],
            "llhs": [
                -131.822265625,
                -473.8033447265625,
                -398.2374572753906,
                -397.4660339355469,
                -396.5035095214844,
                -383.80633544921875,
                -378.9939880371094,
                -396.481689453125,
                -392.1869201660156,
                -394.45654296875
            ]
        },
        "1": {
            "uncertainty": [
                0.00022272224305197597,
                0.004308586940169334,
                0.002775557106360793,
                0.0022245317231863737,
                0.002203877316787839,
                0.0036673492286354303,
                0.0025237305089831352,
                0.0029948644805699587,
                0.0024723897222429514
            ],
            "llhs": [
                -55.2772331237793,
                -68.42542266845703,
                -69.94550323486328,
                -80.31185150146484,
                -74.13932037353516,
                -89.71533203125,
                -105.3895263671875,
                -100.8951187133789,
                -104.46514892578125
            ]
        },
        "2": {
            "uncertainty": [
                0.007419475354254246,
                0.1759144812822342,
                0.08621152490377426,
                0.07146959751844406,
                0.03987012058496475,
                0.08698130398988724,
                0.049054790288209915,
                0.07876883447170258
            ],
            "llhs": [
                -155.91246032714844,
                -174.51019287109375,
                -183.2809295654297,
                -175.04656982421875,
                -178.56619262695312,
                -193.03175354003906,
                -184.98780822753906,
                -188.88389587402344
            ]
        },
        "3": {
            "uncertainty": [
                0.0013839835301041603,
                0.04482307657599449,
                0.049300000071525574,
                0.07543756067752838,
                0.023196781054139137,
                0.048439089208841324,
                0.03595269098877907
            ],
            "llhs": [
                -142.85948181152344,
                -180.20272827148438,
                -162.4039764404297,
                -173.35455322265625,
                -181.39401245117188,
                -177.2684783935547,
                -182.32086181640625
            ]
        },
        "4": {
            "uncertainty": [
                0.012374760583043098,
                0.07647426426410675,
                0.23144413530826569,
                0.22371362149715424,
                0.09758291393518448,
                0.08637499809265137
            ],
            "llhs": [
                -139.7523193359375,
                -164.58065795898438,
                -177.73194885253906,
                -173.04502868652344,
                -168.81080627441406,
                -161.3107147216797
            ]
        },
        "5": {
            "uncertainty": [
                0.021193211898207664,
                0.0808987021446228,
                0.1536172479391098,
                0.12000027298927307,
                0.15863388776779175
            ],
            "llhs": [
                -150.70591735839844,
                -165.39996337890625,
                -179.12509155273438,
                -165.9065399169922,
                -170.93360900878906
            ]
        },
        "6": {
            "uncertainty": [
                0.011151010170578957,
                0.14519141614437103,
                0.057532988488674164,
                0.07629989087581635
            ],
            "llhs": [
                -137.83755493164062,
                -175.26121520996094,
                -158.91331481933594,
                -165.47296142578125
            ]
        },
        "7": {
            "uncertainty": [
                0.06690562516450882,
                0.2834746837615967,
                0.16783937811851501
            ],
            "llhs": [
                -120.099609375,
                -156.6156768798828,
                -143.0296173095703
            ]
        },
        "8": {
            "uncertainty": [
                0.04580014571547508,
                0.18451550602912903
            ],
            "llhs": [
                -157.08258056640625,
                -168.8826141357422
            ]
        },
        "9": {
            "uncertainty": [
                0.09023527055978775
            ],
            "llhs": [
                -128.10458374023438
            ]
        }
    }
}