{
    "config": {
        "algorithm_name": "EWC",
        "num_tasks": 10,
        "epochs": 200,
        "lr": 0.0001,
        "hidden_dim": 100,
        "lambdas": [
            10,
            10,
            10,
            10,
            10,
            10,
            10,
            10,
            10,
            10
        ],
        "batch_size": 200,
        "latent_dim": 50,
        "seed": 103,
        "id": 5,
        "save_folder": "10_runs_ewc_gen_final"
    },
    "results": {
        "0": {
            "uncertainty": [
                0.003367737401276827,
                0.7478835582733154,
                0.8650160431861877,
                0.8686193823814392,
                0.6210830211639404,
                0.7111495733261108,
                0.7227151989936829,
                0.6614671945571899,
                0.6796104311943054,
                0.6798668503761292
            ],
            "llhs": [
                -131.55738830566406,
                -402.0845947265625,
                -389.97686767578125,
                -385.0656433105469,
                -381.58367919921875,
                -370.9125061035156,
                -367.11663818359375,
                -387.5875549316406,
                -380.2758483886719,
                -385.92205810546875
            ]
        },
        "1": {
            "uncertainty": [
                0.00016501570644322783,
                0.0007736798725090921,
                0.0011272609699517488,
                0.00126042147167027,
                0.0007746365154162049,
                0.0009440423455089331,
                0.0017470208695158362,
                0.0013243404682725668,
                0.001964397029951215
            ],
            "llhs": [
                -55.33033752441406,
                -67.78228759765625,
                -70.35104370117188,
                -93.89665985107422,
                -84.36009979248047,
                -93.15560150146484,
                -111.2679672241211,
                -105.6827621459961,
                -111.86268615722656
            ]
        },
        "2": {
            "uncertainty": [
                0.006466750521212816,
                0.16800597310066223,
                0.11909974366426468,
                0.12471824139356613,
                0.059168826788663864,
                0.10989126563072205,
                0.06205867975950241,
                0.10334493964910507
            ],
            "llhs": [
                -156.39248657226562,
                -175.87059020996094,
                -188.00753784179688,
                -180.8490753173828,
                -185.3089141845703,
                -205.11651611328125,
                -192.23265075683594,
                -200.36314392089844
            ]
        },
        "3": {
            "uncertainty": [
                0.002677302109077573,
                0.09183090925216675,
                0.12190878391265869,
                0.1271211951971054,
                0.07094010710716248,
                0.07380128651857376,
                0.08206880837678909
            ],
            "llhs": [
                -145.54373168945312,
                -188.90261840820312,
                -171.95005798339844,
                -181.66746520996094,
                -205.4352264404297,
                -194.20419311523438,
                -203.08944702148438
            ]
        },
        "4": {
            "uncertainty": [
                0.012095535174012184,
                0.13598547875881195,
                0.27146461606025696,
                0.16678287088871002,
                0.15324006974697113,
                0.08700396120548248
            ],
            "llhs": [
                -139.7322998046875,
                -164.15992736816406,
                -179.22518920898438,
                -165.9535675048828,
                -165.7452850341797,
                -157.7064971923828
            ]
        },
        "5": {
            "uncertainty": [
                0.025228984653949738,
                0.07800731062889099,
                0.15419189631938934,
                0.11055533587932587,
                0.15343648195266724
            ],
            "llhs": [
                -152.95700073242188,
                -168.86851501464844,
                -181.22415161132812,
                -167.7975311279297,
                -174.78253173828125
            ]
        },
        "6": {
            "uncertainty": [
                0.011222800239920616,
                0.10584411770105362,
                0.058044470846652985,
                0.07180450856685638
            ],
            "llhs": [
                -136.33570861816406,
                -174.4522705078125,
                -158.58685302734375,
                -167.35845947265625
            ]
        },
        "7": {
            "uncertainty": [
                0.05758120119571686,
                0.2788217067718506,
                0.1511874943971634
            ],
            "llhs": [
                -119.76673126220703,
                -158.5328826904297,
                -142.1245574951172
            ]
        },
        "8": {
            "uncertainty": [
                0.04095490276813507,
                0.2007548063993454
            ],
            "llhs": [
                -157.90695190429688,
                -172.7019500732422
            ]
        },
        "9": {
            "uncertainty": [
                0.09096265584230423
            ],
            "llhs": [
                -127.98893737792969
            ]
        }
    }
}