{
    "config": {
        "algorithm_name": "EWC",
        "num_tasks": 10,
        "epochs": 200,
        "lr": 0.0001,
        "hidden_dim": 100,
        "lambdas": [
            10,
            10,
            10,
            10,
            10,
            10,
            10,
            10,
            10,
            10
        ],
        "batch_size": 200,
        "latent_dim": 50,
        "seed": 101,
        "id": 3,
        "save_folder": "10_runs_ewc_gen_final"
    },
    "results": {
        "0": {
            "uncertainty": [
                0.0059454855509102345,
                0.6981815695762634,
                0.6412591934204102,
                0.6619776487350464,
                0.39474114775657654,
                0.4576222598552704,
                0.45302265882492065,
                0.40989920496940613,
                0.4515243172645569,
                0.4372413158416748
            ],
            "llhs": [
                -130.79736328125,
                -381.8482666015625,
                -320.16326904296875,
                -327.3323669433594,
                -330.46795654296875,
                -320.1428527832031,
                -315.4985656738281,
                -340.5436706542969,
                -333.3577880859375,
                -336.1494140625
            ]
        },
        "1": {
            "uncertainty": [
                0.00011011783499270678,
                0.000643606239464134,
                0.0005392690072767437,
                0.0009856842225417495,
                0.0005549542256630957,
                0.0004262354923412204,
                0.0010569569421932101,
                0.0009417583351023495,
                0.0008700596517883241
            ],
            "llhs": [
                -55.83530044555664,
                -67.36265563964844,
                -67.31871795654297,
                -82.54965209960938,
                -73.93318939208984,
                -77.20301055908203,
                -95.05429077148438,
                -88.00801849365234,
                -93.97400665283203
            ]
        },
        "2": {
            "uncertainty": [
                0.01091835182160139,
                0.1583317667245865,
                0.08719560503959656,
                0.08008598536252975,
                0.05261772498488426,
                0.05614348128437996,
                0.05693468451499939,
                0.0647793859243393
            ],
            "llhs": [
                -155.30995178222656,
                -172.6986541748047,
                -187.80398559570312,
                -178.3961944580078,
                -184.54791259765625,
                -200.34593200683594,
                -191.27236938476562,
                -196.63882446289062
            ]
        },
        "3": {
            "uncertainty": [
                0.0013088493142277002,
                0.11205132305622101,
                0.1156175285577774,
                0.12337103486061096,
                0.05787447467446327,
                0.09435925632715225,
                0.09123528748750687
            ],
            "llhs": [
                -142.93788146972656,
                -186.806396484375,
                -167.21725463867188,
                -179.07177734375,
                -196.2192840576172,
                -186.71498107910156,
                -196.78077697753906
            ]
        },
        "4": {
            "uncertainty": [
                0.011886467225849628,
                0.15582309663295746,
                0.2966056168079376,
                0.16608111560344696,
                0.1409773826599121,
                0.10108748078346252
            ],
            "llhs": [
                -139.39450073242188,
                -164.9855194091797,
                -177.5000762939453,
                -164.28070068359375,
                -165.85140991210938,
                -156.7493133544922
            ]
        },
        "5": {
            "uncertainty": [
                0.01729459874331951,
                0.12240041047334671,
                0.12065071612596512,
                0.10233475267887115,
                0.14825445413589478
            ],
            "llhs": [
                -150.5670623779297,
                -165.75625610351562,
                -174.63343811035156,
                -163.1624755859375,
                -169.3713836669922
            ]
        },
        "6": {
            "uncertainty": [
                0.014889098703861237,
                0.12555281817913055,
                0.06092149391770363,
                0.06703031063079834
            ],
            "llhs": [
                -136.3667449951172,
                -174.38790893554688,
                -159.69056701660156,
                -165.6329803466797
            ]
        },
        "7": {
            "uncertainty": [
                0.057443078607320786,
                0.22218909859657288,
                0.13398410379886627
            ],
            "llhs": [
                -120.12379455566406,
                -151.03146362304688,
                -140.2679901123047
            ]
        },
        "8": {
            "uncertainty": [
                0.038254883140325546,
                0.10106173902750015
            ],
            "llhs": [
                -156.74542236328125,
                -170.3070831298828
            ]
        },
        "9": {
            "uncertainty": [
                0.08528799563646317
            ],
            "llhs": [
                -129.41770935058594
            ]
        }
    }
}