{
    "config": {
        "algorithm_name": "SI",
        "num_tasks": 10,
        "epochs": 400,
        "lr": 0.0001,
        "hidden_dim": 500,
        "latent_dim": 50,
        "c": 1,
        "damping_param": 0.1,
        "batch_size": 256,
        "seed": 103,
        "id": 4,
        "save_folder": "10_runs_si_final_gen_numeric"
    },
    "results": {
        "0": {
            "uncertainty": [
                0.0013173660263419151,
                1.0958092212677002,
                1.0814847946166992,
                1.7394237518310547,
                1.051363468170166,
                1.3795650005340576,
                1.023783802986145,
                1.1350499391555786,
                1.1515531539916992,
                1.1272321939468384
            ],
            "llhs": [
                -102.0167465209961,
                -584.2007446289062,
                -402.3591613769531,
                -411.6656799316406,
                -386.0759582519531,
                -361.44610595703125,
                -369.3277893066406,
                -406.3688659667969,
                -397.7428283691406,
                -396.9911193847656
            ]
        },
        "1": {
            "uncertainty": [
                0.001303959870710969,
                0.05329358950257301,
                0.1336151510477066,
                0.2266438901424408,
                0.11869760602712631,
                0.20526713132858276,
                0.15918050706386566,
                0.09755263477563858,
                0.18805928528308868
            ],
            "llhs": [
                -45.03351974487305,
                -88.70401763916016,
                -101.63512420654297,
                -122.66913604736328,
                -111.7587890625,
                -110.94087982177734,
                -108.55188751220703,
                -104.89797973632812,
                -121.09024047851562
            ]
        },
        "2": {
            "uncertainty": [
                0.004710095003247261,
                0.27613675594329834,
                0.29942771792411804,
                0.32632672786712646,
                0.22656317055225372,
                0.40122202038764954,
                0.24061542749404907,
                0.33234456181526184
            ],
            "llhs": [
                -103.60983276367188,
                -162.5426788330078,
                -204.91464233398438,
                -198.7514190673828,
                -188.91783142089844,
                -234.33486938476562,
                -198.25538635253906,
                -229.907470703125
            ]
        },
        "3": {
            "uncertainty": [
                0.003310259897261858,
                0.29015371203422546,
                0.33190402388572693,
                0.42276081442832947,
                0.1636829674243927,
                0.1487988531589508,
                0.2070712298154831
            ],
            "llhs": [
                -98.86151123046875,
                -187.76596069335938,
                -151.67111206054688,
                -186.9405975341797,
                -199.93911743164062,
                -162.14761352539062,
                -189.75474548339844
            ]
        },
        "4": {
            "uncertainty": [
                0.005195080768316984,
                0.08031104505062103,
                0.09397843480110168,
                0.23564335703849792,
                0.13952656090259552,
                0.15915293991565704
            ],
            "llhs": [
                -88.73446655273438,
                -131.16090393066406,
                -131.41766357421875,
                -130.09542846679688,
                -138.51852416992188,
                -117.10089111328125
            ]
        },
        "5": {
            "uncertainty": [
                0.006090489216148853,
                0.0444747731089592,
                0.10600672662258148,
                0.062417808920145035,
                0.12439697980880737
            ],
            "llhs": [
                -99.42996978759766,
                -124.66624450683594,
                -146.95045471191406,
                -126.03636932373047,
                -137.71453857421875
            ]
        },
        "6": {
            "uncertainty": [
                0.003288988023996353,
                0.15744970738887787,
                0.08477891981601715,
                0.13864611089229584
            ],
            "llhs": [
                -91.45156860351562,
                -143.75762939453125,
                -138.10458374023438,
                -150.0415496826172
            ]
        },
        "7": {
            "uncertainty": [
                0.005868468899279833,
                0.038797009736299515,
                0.029828673228621483
            ],
            "llhs": [
                -77.59303283691406,
                -98.86958312988281,
                -90.8313980102539
            ]
        },
        "8": {
            "uncertainty": [
                0.009127182886004448,
                0.06692302972078323
            ],
            "llhs": [
                -107.26683044433594,
                -127.72299194335938
            ]
        },
        "9": {
            "uncertainty": [
                0.00590028241276741
            ],
            "llhs": [
                -85.06195068359375
            ]
        }
    }
}