{
    "config": {
        "algorithm_name": "SI",
        "num_tasks": 10,
        "epochs": 400,
        "lr": 0.0001,
        "hidden_dim": 500,
        "latent_dim": 50,
        "c": 1,
        "damping_param": 0.1,
        "batch_size": 256,
        "seed": 108,
        "id": 9,
        "save_folder": "10_runs_si_final_gen_numeric"
    },
    "results": {
        "0": {
            "uncertainty": [
                0.001056240638718009,
                1.0707917213439941,
                1.2318867444992065,
                1.5770370960235596,
                0.9643915891647339,
                1.2221190929412842,
                1.0087798833847046,
                0.8718645572662354,
                1.1513991355895996,
                1.1669726371765137
            ],
            "llhs": [
                -101.90941619873047,
                -582.7083740234375,
                -388.8519287109375,
                -374.2428283691406,
                -371.7669372558594,
                -345.91253662109375,
                -360.8843688964844,
                -373.1944274902344,
                -381.33636474609375,
                -395.0658264160156
            ]
        },
        "1": {
            "uncertainty": [
                0.001080868300050497,
                0.07645824551582336,
                0.14001573622226715,
                0.21929867565631866,
                0.15814439952373505,
                0.21727609634399414,
                0.1433662623167038,
                0.13101717829704285,
                0.1641981601715088
            ],
            "llhs": [
                -45.06037139892578,
                -88.72438049316406,
                -109.33483123779297,
                -117.81959533691406,
                -114.31167602539062,
                -114.99676513671875,
                -104.87361907958984,
                -105.39336395263672,
                -109.32168579101562
            ]
        },
        "2": {
            "uncertainty": [
                0.006109314039349556,
                0.20105046033859253,
                0.2355208396911621,
                0.2660926580429077,
                0.16032247245311737,
                0.23015907406806946,
                0.17200228571891785,
                0.19073961675167084
            ],
            "llhs": [
                -103.92890167236328,
                -172.17721557617188,
                -207.38784790039062,
                -213.01577758789062,
                -202.82159423828125,
                -214.18360900878906,
                -188.73426818847656,
                -203.73231506347656
            ]
        },
        "3": {
            "uncertainty": [
                0.0019924230873584747,
                0.23290309309959412,
                0.3384234309196472,
                0.3782598078250885,
                0.13768674433231354,
                0.12730145454406738,
                0.1108156219124794
            ],
            "llhs": [
                -98.93511199951172,
                -187.39932250976562,
                -144.96063232421875,
                -215.04298400878906,
                -187.92710876464844,
                -152.58653259277344,
                -173.35670471191406
            ]
        },
        "4": {
            "uncertainty": [
                0.003521546022966504,
                0.11940222233533859,
                0.15392465889453888,
                0.2214306890964508,
                0.16836008429527283,
                0.15863139927387238
            ],
            "llhs": [
                -88.63451385498047,
                -138.69276428222656,
                -153.38113403320312,
                -130.44424438476562,
                -137.98497009277344,
                -120.57191467285156
            ]
        },
        "5": {
            "uncertainty": [
                0.0034130816347897053,
                0.04048915207386017,
                0.05200928822159767,
                0.038780659437179565,
                0.09496741741895676
            ],
            "llhs": [
                -99.49162292480469,
                -145.12142944335938,
                -141.95120239257812,
                -122.47611236572266,
                -138.18936157226562
            ]
        },
        "6": {
            "uncertainty": [
                0.0027881970163434744,
                0.1272127479314804,
                0.15148892998695374,
                0.20533007383346558
            ],
            "llhs": [
                -91.53125,
                -124.36378479003906,
                -132.52687072753906,
                -139.69119262695312
            ]
        },
        "7": {
            "uncertainty": [
                0.0069809285923838615,
                0.02475118264555931,
                0.030085820704698563
            ],
            "llhs": [
                -77.38871765136719,
                -99.46271514892578,
                -90.80538940429688
            ]
        },
        "8": {
            "uncertainty": [
                0.008109279908239841,
                0.0423877015709877
            ],
            "llhs": [
                -107.2403793334961,
                -126.09864044189453
            ]
        },
        "9": {
            "uncertainty": [
                0.008639986626803875
            ],
            "llhs": [
                -85.162353515625
            ]
        }
    }
}