{
    "config": {
        "algorithm_name": "SI",
        "num_tasks": 10,
        "epochs": 400,
        "lr": 0.0001,
        "hidden_dim": 500,
        "latent_dim": 50,
        "c": 1,
        "damping_param": 0.1,
        "batch_size": 256,
        "seed": 109,
        "id": null,
        "save_folder": "10_runs_si_final_gen_numeric"
    },
    "results": {
        "0": {
            "uncertainty": [
                0.0010710697388276458,
                1.1870441436767578,
                1.2062315940856934,
                1.6311442852020264,
                1.1221190690994263,
                1.547470211982727,
                1.1322122812271118,
                1.2302868366241455,
                1.2867344617843628,
                1.3446033000946045
            ],
            "llhs": [
                -101.80338287353516,
                -559.3825073242188,
                -380.95196533203125,
                -396.4305114746094,
                -369.56646728515625,
                -381.4244689941406,
                -386.22662353515625,
                -410.97808837890625,
                -418.740966796875,
                -423.7027282714844
            ]
        },
        "1": {
            "uncertainty": [
                0.0015150129329413176,
                0.07385560125112534,
                0.07383078336715698,
                0.14229010045528412,
                0.09837628901004791,
                0.09584355354309082,
                0.10407630354166031,
                0.1035594716668129,
                0.12474674731492996
            ],
            "llhs": [
                -45.08222961425781,
                -96.13607025146484,
                -107.05924224853516,
                -116.14041137695312,
                -115.07527160644531,
                -124.77732849121094,
                -112.13618469238281,
                -117.60016632080078,
                -119.50173950195312
            ]
        },
        "2": {
            "uncertainty": [
                0.005949434358626604,
                0.31706011295318604,
                0.3583501875400543,
                0.44268855452537537,
                0.2704164683818817,
                0.4796353280544281,
                0.31986215710639954,
                0.4082726836204529
            ],
            "llhs": [
                -103.44232177734375,
                -183.5246124267578,
                -221.00814819335938,
                -237.05429077148438,
                -226.04669189453125,
                -280.2909851074219,
                -231.3524627685547,
                -264.61419677734375
            ]
        },
        "3": {
            "uncertainty": [
                0.0034081507474184036,
                0.12834793329238892,
                0.30254173278808594,
                0.23940277099609375,
                0.13692376017570496,
                0.18812504410743713,
                0.167001411318779
            ],
            "llhs": [
                -98.89392852783203,
                -179.25941467285156,
                -159.0335693359375,
                -181.76162719726562,
                -207.97344970703125,
                -170.07191467285156,
                -193.90133666992188
            ]
        },
        "4": {
            "uncertainty": [
                0.006041871849447489,
                0.055589329451322556,
                0.04145115986466408,
                0.3192846179008484,
                0.13952741026878357,
                0.13253535330295563
            ],
            "llhs": [
                -88.92890930175781,
                -128.9807586669922,
                -119.54286193847656,
                -145.13311767578125,
                -143.3707733154297,
                -129.90777587890625
            ]
        },
        "5": {
            "uncertainty": [
                0.004610766191035509,
                0.037620920687913895,
                0.0748058557510376,
                0.046778202056884766,
                0.07329980283975601
            ],
            "llhs": [
                -99.40999603271484,
                -122.30261993408203,
                -148.1429901123047,
                -122.72260284423828,
                -131.08432006835938
            ]
        },
        "6": {
            "uncertainty": [
                0.00335462368093431,
                0.11702612042427063,
                0.04699955880641937,
                0.05006476491689682
            ],
            "llhs": [
                -91.35204315185547,
                -138.69314575195312,
                -127.35210418701172,
                -130.1049346923828
            ]
        },
        "7": {
            "uncertainty": [
                0.0063398452475667,
                0.044539276510477066,
                0.0523948036134243
            ],
            "llhs": [
                -77.77220153808594,
                -104.17245483398438,
                -93.19763946533203
            ]
        },
        "8": {
            "uncertainty": [
                0.003923601005226374,
                0.026429113000631332
            ],
            "llhs": [
                -107.22911834716797,
                -121.52291107177734
            ]
        },
        "9": {
            "uncertainty": [
                0.008185958489775658
            ],
            "llhs": [
                -84.90299987792969
            ]
        }
    }
}