{
    "config": {
        "algorithm_name": "SI",
        "num_tasks": 10,
        "epochs": 400,
        "lr": 0.0001,
        "hidden_dim": 500,
        "latent_dim": 50,
        "c": 1,
        "damping_param": 0.1,
        "batch_size": 256,
        "seed": 102,
        "id": 3,
        "save_folder": "10_runs_si_final_gen_numeric"
    },
    "results": {
        "0": {
            "uncertainty": [
                0.0019724168814718723,
                1.1425038576126099,
                1.1305699348449707,
                1.7057647705078125,
                1.08585524559021,
                1.3500852584838867,
                1.001731038093567,
                1.0875639915466309,
                1.24349844455719,
                1.2052212953567505
            ],
            "llhs": [
                -101.56211853027344,
                -583.6771240234375,
                -389.9960632324219,
                -425.3541259765625,
                -424.4547424316406,
                -393.9350280761719,
                -389.7000427246094,
                -422.2148132324219,
                -421.02838134765625,
                -440.5274658203125
            ]
        },
        "1": {
            "uncertainty": [
                0.0012046401388943195,
                0.07167208939790726,
                0.0922451764345169,
                0.1502857655286789,
                0.1408172845840454,
                0.1490369588136673,
                0.17051082849502563,
                0.10824084281921387,
                0.1476219743490219
            ],
            "llhs": [
                -44.96393966674805,
                -96.91162872314453,
                -113.44924926757812,
                -121.92729949951172,
                -117.55014038085938,
                -116.27291107177734,
                -126.30358123779297,
                -117.3677749633789,
                -125.58257293701172
            ]
        },
        "2": {
            "uncertainty": [
                0.0036777746863663197,
                0.31002500653266907,
                0.28951773047447205,
                0.30523374676704407,
                0.21360309422016144,
                0.3211701214313507,
                0.1828857660293579,
                0.25149911642074585
            ],
            "llhs": [
                -103.34530639648438,
                -174.2471466064453,
                -206.65750122070312,
                -215.98617553710938,
                -216.4008331298828,
                -243.95896911621094,
                -202.47415161132812,
                -220.37547302246094
            ]
        },
        "3": {
            "uncertainty": [
                0.002498361049219966,
                0.21129772067070007,
                0.24093981087207794,
                0.3186596632003784,
                0.15920959413051605,
                0.12743937969207764,
                0.17313919961452484
            ],
            "llhs": [
                -98.80595397949219,
                -190.23007202148438,
                -148.65318298339844,
                -191.82350158691406,
                -199.82528686523438,
                -160.4928741455078,
                -181.0796356201172
            ]
        },
        "4": {
            "uncertainty": [
                0.006699894554913044,
                0.07357518374919891,
                0.0799359381198883,
                0.20731337368488312,
                0.15958036482334137,
                0.1324695348739624
            ],
            "llhs": [
                -88.68870544433594,
                -130.05223083496094,
                -133.80133056640625,
                -130.1233673095703,
                -136.1969451904297,
                -120.2406997680664
            ]
        },
        "5": {
            "uncertainty": [
                0.002543205162510276,
                0.03380579128861427,
                0.052394554018974304,
                0.05144347995519638,
                0.08484280109405518
            ],
            "llhs": [
                -99.69100952148438,
                -122.29544830322266,
                -142.01744079589844,
                -126.83920288085938,
                -137.03965759277344
            ]
        },
        "6": {
            "uncertainty": [
                0.0030602850019931793,
                0.07143859565258026,
                0.08230289071798325,
                0.12192656099796295
            ],
            "llhs": [
                -91.28009033203125,
                -115.41020202636719,
                -122.69865417480469,
                -124.4415054321289
            ]
        },
        "7": {
            "uncertainty": [
                0.005369503516703844,
                0.03811653330922127,
                0.03806985542178154
            ],
            "llhs": [
                -77.4441909790039,
                -101.97431945800781,
                -90.40882110595703
            ]
        },
        "8": {
            "uncertainty": [
                0.0057115452364087105,
                0.05342588946223259
            ],
            "llhs": [
                -107.60686492919922,
                -123.31502532958984
            ]
        },
        "9": {
            "uncertainty": [
                0.006749371066689491
            ],
            "llhs": [
                -85.03739166259766
            ]
        }
    }
}