{
    "config": {
        "algorithm_name": "SI",
        "num_tasks": 10,
        "epochs": 400,
        "lr": 0.0001,
        "hidden_dim": 500,
        "latent_dim": 50,
        "c": 1,
        "damping_param": 0.1,
        "batch_size": 256,
        "seed": 104,
        "id": 5,
        "save_folder": "10_runs_si_final_gen_numeric"
    },
    "results": {
        "0": {
            "uncertainty": [
                0.0011177441338077188,
                1.009977102279663,
                1.058749794960022,
                1.563313364982605,
                1.0482248067855835,
                1.2605640888214111,
                1.019973635673523,
                0.9948288798332214,
                1.164971113204956,
                1.1832183599472046
            ],
            "llhs": [
                -102.04633331298828,
                -585.7861328125,
                -386.1435852050781,
                -415.912841796875,
                -405.9276428222656,
                -399.79046630859375,
                -401.6292724609375,
                -420.46466064453125,
                -421.4813537597656,
                -441.9375915527344
            ]
        },
        "1": {
            "uncertainty": [
                0.0006475473055616021,
                0.07597343623638153,
                0.12436453253030777,
                0.1404453068971634,
                0.08141028881072998,
                0.11320900917053223,
                0.17698241770267487,
                0.1002463698387146,
                0.11451754719018936
            ],
            "llhs": [
                -45.16921615600586,
                -92.72900390625,
                -108.15446472167969,
                -124.48127746582031,
                -111.5445556640625,
                -113.40432739257812,
                -123.1628646850586,
                -110.96479034423828,
                -115.30496215820312
            ]
        },
        "2": {
            "uncertainty": [
                0.004116744268685579,
                0.2508963942527771,
                0.3610319197177887,
                0.41486576199531555,
                0.23206454515457153,
                0.38598862290382385,
                0.24226918816566467,
                0.28886592388153076
            ],
            "llhs": [
                -103.59915161132812,
                -167.35411071777344,
                -215.9847412109375,
                -221.4861297607422,
                -232.1060791015625,
                -254.9547576904297,
                -216.1937255859375,
                -240.7633819580078
            ]
        },
        "3": {
            "uncertainty": [
                0.002330186776816845,
                0.14726445078849792,
                0.2060018926858902,
                0.2557224929332733,
                0.0718020349740982,
                0.05886021628975868,
                0.07401948422193527
            ],
            "llhs": [
                -98.87399291992188,
                -165.72633361816406,
                -142.55865478515625,
                -185.44064331054688,
                -191.07577514648438,
                -159.7974853515625,
                -180.27224731445312
            ]
        },
        "4": {
            "uncertainty": [
                0.0068840389139950275,
                0.10658612102270126,
                0.15981879830360413,
                0.2578061521053314,
                0.16451820731163025,
                0.12589018046855927
            ],
            "llhs": [
                -88.2830810546875,
                -137.62696838378906,
                -146.71664428710938,
                -138.86544799804688,
                -145.41896057128906,
                -129.62429809570312
            ]
        },
        "5": {
            "uncertainty": [
                0.0038965167477726936,
                0.04108569398522377,
                0.04573763534426689,
                0.033407628536224365,
                0.0643949955701828
            ],
            "llhs": [
                -99.25489807128906,
                -128.1474151611328,
                -140.0305938720703,
                -123.02788543701172,
                -130.90557861328125
            ]
        },
        "6": {
            "uncertainty": [
                0.0032327212393283844,
                0.1104867160320282,
                0.09740104526281357,
                0.12368407845497131
            ],
            "llhs": [
                -91.48175048828125,
                -122.57532501220703,
                -121.96548461914062,
                -127.33898162841797
            ]
        },
        "7": {
            "uncertainty": [
                0.005655871704220772,
                0.03188208490610123,
                0.03398362919688225
            ],
            "llhs": [
                -77.6556625366211,
                -98.40778350830078,
                -92.25267028808594
            ]
        },
        "8": {
            "uncertainty": [
                0.007746913004666567,
                0.03064587339758873
            ],
            "llhs": [
                -107.16112518310547,
                -122.22946166992188
            ]
        },
        "9": {
            "uncertainty": [
                0.008997787721455097
            ],
            "llhs": [
                -84.87738037109375
            ]
        }
    }
}