{
    "config": {
        "algorithm_name": "SI",
        "num_tasks": 10,
        "epochs": 400,
        "lr": 0.0001,
        "hidden_dim": 500,
        "latent_dim": 50,
        "c": 1,
        "damping_param": 0.1,
        "batch_size": 256,
        "seed": 105,
        "id": 6,
        "save_folder": "10_runs_si_final_gen_numeric"
    },
    "results": {
        "0": {
            "uncertainty": [
                0.0014204704202711582,
                1.150944471359253,
                1.0907219648361206,
                1.6947319507598877,
                0.9163044691085815,
                1.255831003189087,
                0.9554784893989563,
                0.9543864727020264,
                1.051450252532959,
                1.1028141975402832
            ],
            "llhs": [
                -101.67675018310547,
                -547.4578247070312,
                -379.3616027832031,
                -389.9783020019531,
                -368.7564392089844,
                -365.3666687011719,
                -357.60638427734375,
                -385.484130859375,
                -360.83563232421875,
                -395.5185241699219
            ]
        },
        "1": {
            "uncertainty": [
                0.0009527707588858902,
                0.03986283764243126,
                0.09436725825071335,
                0.08795911818742752,
                0.06467504799365997,
                0.0693606287240982,
                0.08505415171384811,
                0.07373635470867157,
                0.06775707751512527
            ],
            "llhs": [
                -45.0947380065918,
                -93.42122650146484,
                -102.68299865722656,
                -106.46427917480469,
                -107.44762420654297,
                -106.14842987060547,
                -99.65440368652344,
                -104.97515869140625,
                -103.92890167236328
            ]
        },
        "2": {
            "uncertainty": [
                0.0034850696101784706,
                0.28084462881088257,
                0.25726988911628723,
                0.31326761841773987,
                0.1718374639749527,
                0.315920889377594,
                0.2211441844701767,
                0.24130570888519287
            ],
            "llhs": [
                -103.80990600585938,
                -185.40853881835938,
                -213.5770721435547,
                -227.48831176757812,
                -213.87876892089844,
                -254.26187133789062,
                -213.8302001953125,
                -230.81317138671875
            ]
        },
        "3": {
            "uncertainty": [
                0.0019266164163127542,
                0.18529681861400604,
                0.36612817645072937,
                0.3526131212711334,
                0.14424863457679749,
                0.15746769309043884,
                0.12507925927639008
            ],
            "llhs": [
                -98.86005401611328,
                -169.14503479003906,
                -144.03585815429688,
                -189.63784790039062,
                -195.4559326171875,
                -159.48301696777344,
                -172.2860870361328
            ]
        },
        "4": {
            "uncertainty": [
                0.006257555913180113,
                0.09117025136947632,
                0.11330529302358627,
                0.17067748308181763,
                0.13240782916545868,
                0.13254323601722717
            ],
            "llhs": [
                -88.50428771972656,
                -140.5261993408203,
                -141.05039978027344,
                -130.8754425048828,
                -143.58175659179688,
                -131.9456329345703
            ]
        },
        "5": {
            "uncertainty": [
                0.004984833300113678,
                0.033809226006269455,
                0.06581000983715057,
                0.05332018807530403,
                0.08722466975450516
            ],
            "llhs": [
                -99.31367492675781,
                -125.97532653808594,
                -143.03439331054688,
                -124.06289672851562,
                -131.3255615234375
            ]
        },
        "6": {
            "uncertainty": [
                0.0030894028022885323,
                0.08081851899623871,
                0.0792306587100029,
                0.1432819366455078
            ],
            "llhs": [
                -91.3906478881836,
                -118.72087097167969,
                -123.55998229980469,
                -131.07608032226562
            ]
        },
        "7": {
            "uncertainty": [
                0.0029217421542853117,
                0.029186144471168518,
                0.024772988632321358
            ],
            "llhs": [
                -77.64678955078125,
                -100.42572021484375,
                -92.82737731933594
            ]
        },
        "8": {
            "uncertainty": [
                0.008300155401229858,
                0.07744677364826202
            ],
            "llhs": [
                -107.41806030273438,
                -123.1082992553711
            ]
        },
        "9": {
            "uncertainty": [
                0.007041024509817362
            ],
            "llhs": [
                -85.1201171875
            ]
        }
    }
}