{
    "config": {
        "algorithm_name": "SI",
        "num_tasks": 10,
        "epochs": 400,
        "lr": 0.0001,
        "hidden_dim": 500,
        "latent_dim": 50,
        "c": 1,
        "damping_param": 0.1,
        "batch_size": 256,
        "seed": 106,
        "id": 7,
        "save_folder": "10_runs_si_final_gen_numeric"
    },
    "results": {
        "0": {
            "uncertainty": [
                0.0003457565326243639,
                1.078893780708313,
                1.1013309955596924,
                1.7779759168624878,
                1.116575002670288,
                1.506645679473877,
                1.0839147567749023,
                1.234329342842102,
                1.3347865343093872,
                1.5180851221084595
            ],
            "llhs": [
                -102.0444564819336,
                -536.3468017578125,
                -377.22076416015625,
                -382.3968505859375,
                -376.3369140625,
                -341.57769775390625,
                -335.2931823730469,
                -383.294677734375,
                -379.88037109375,
                -432.3132019042969
            ]
        },
        "1": {
            "uncertainty": [
                0.0011892816983163357,
                0.03034134767949581,
                0.07477473467588425,
                0.1275893896818161,
                0.12078173458576202,
                0.16116759181022644,
                0.10744503140449524,
                0.09194231033325195,
                0.10595502704381943
            ],
            "llhs": [
                -45.15531921386719,
                -83.05337524414062,
                -106.15823364257812,
                -113.48153686523438,
                -110.38507843017578,
                -111.0169906616211,
                -111.33647918701172,
                -109.49095153808594,
                -106.32804107666016
            ]
        },
        "2": {
            "uncertainty": [
                0.0026105688884854317,
                0.2757889926433563,
                0.32019099593162537,
                0.32275038957595825,
                0.18900011479854584,
                0.2847423851490021,
                0.15580399334430695,
                0.35215938091278076
            ],
            "llhs": [
                -103.90232849121094,
                -194.28790283203125,
                -222.61805725097656,
                -218.70298767089844,
                -212.1466827392578,
                -239.03298950195312,
                -199.2972869873047,
                -240.26483154296875
            ]
        },
        "3": {
            "uncertainty": [
                0.0029159649275243282,
                0.19890978932380676,
                0.506960928440094,
                0.42214980721473694,
                0.14953051507472992,
                0.15592831373214722,
                0.09653716534376144
            ],
            "llhs": [
                -98.98638153076172,
                -177.43995666503906,
                -147.91883850097656,
                -188.89691162109375,
                -183.55816650390625,
                -147.7668914794922,
                -177.3745880126953
            ]
        },
        "4": {
            "uncertainty": [
                0.007585358340293169,
                0.049954090267419815,
                0.08000481128692627,
                0.20395487546920776,
                0.16040919721126556,
                0.17400749027729034
            ],
            "llhs": [
                -88.6424331665039,
                -124.00688934326172,
                -129.97373962402344,
                -120.47096252441406,
                -143.14561462402344,
                -126.47659301757812
            ]
        },
        "5": {
            "uncertainty": [
                0.003668419551104307,
                0.05258776620030403,
                0.06574747711420059,
                0.06646695733070374,
                0.14685103297233582
            ],
            "llhs": [
                -99.31906127929688,
                -126.38772583007812,
                -139.8811798095703,
                -128.76626586914062,
                -143.41880798339844
            ]
        },
        "6": {
            "uncertainty": [
                0.0030806369613856077,
                0.11786067485809326,
                0.11377394944429398,
                0.332735538482666
            ],
            "llhs": [
                -91.28292846679688,
                -119.21004486083984,
                -133.68545532226562,
                -155.44207763671875
            ]
        },
        "7": {
            "uncertainty": [
                0.004567564465105534,
                0.029446227476000786,
                0.024931862950325012
            ],
            "llhs": [
                -77.51480865478516,
                -101.50697326660156,
                -92.21208953857422
            ]
        },
        "8": {
            "uncertainty": [
                0.00601356802508235,
                0.11939281970262527
            ],
            "llhs": [
                -107.2871322631836,
                -134.77145385742188
            ]
        },
        "9": {
            "uncertainty": [
                0.005294306669384241
            ],
            "llhs": [
                -84.87496948242188
            ]
        }
    }
}