{
    "config": {
        "algorithm_name": "SI",
        "num_tasks": 10,
        "epochs": 400,
        "lr": 0.0001,
        "hidden_dim": 500,
        "latent_dim": 50,
        "c": 1,
        "damping_param": 0.1,
        "batch_size": 256,
        "seed": 107,
        "id": 8,
        "save_folder": "10_runs_si_final_gen_numeric"
    },
    "results": {
        "0": {
            "uncertainty": [
                0.0008154628449119627,
                1.075073003768921,
                1.0852737426757812,
                1.6908191442489624,
                1.282041072845459,
                1.3276708126068115,
                1.119179368019104,
                1.224445104598999,
                1.19930100440979,
                1.2771739959716797
            ],
            "llhs": [
                -101.7567367553711,
                -718.5111083984375,
                -411.89166259765625,
                -448.3527526855469,
                -469.5047607421875,
                -448.626220703125,
                -459.9347229003906,
                -520.2709350585938,
                -484.9466552734375,
                -510.2344055175781
            ]
        },
        "1": {
            "uncertainty": [
                0.0022030374966561794,
                0.06395185738801956,
                0.12407592684030533,
                0.10347447544336319,
                0.10706714540719986,
                0.1265808343887329,
                0.11244764178991318,
                0.10173649340867996,
                0.11102612316608429
            ],
            "llhs": [
                -45.006492614746094,
                -92.46630096435547,
                -116.61897277832031,
                -119.20555114746094,
                -114.80933380126953,
                -109.34870147705078,
                -108.88673400878906,
                -116.19165802001953,
                -118.13211822509766
            ]
        },
        "2": {
            "uncertainty": [
                0.0035504584666341543,
                0.2545320391654968,
                0.23612257838249207,
                0.3081526458263397,
                0.16794392466545105,
                0.30599281191825867,
                0.18743081390857697,
                0.23932282626628876
            ],
            "llhs": [
                -103.70670318603516,
                -165.77748107910156,
                -204.1832733154297,
                -212.21414184570312,
                -210.2603302001953,
                -260.9304504394531,
                -200.56480407714844,
                -238.859375
            ]
        },
        "3": {
            "uncertainty": [
                0.004056156612932682,
                0.11089050024747849,
                0.397822767496109,
                0.27422791719436646,
                0.09296946972608566,
                0.1822187900543213,
                0.19077765941619873
            ],
            "llhs": [
                -98.6819076538086,
                -171.77865600585938,
                -152.94053649902344,
                -187.7673797607422,
                -210.56549072265625,
                -164.3440399169922,
                -190.63259887695312
            ]
        },
        "4": {
            "uncertainty": [
                0.008570127189159393,
                0.10304860770702362,
                0.11771337687969208,
                0.29632192850112915,
                0.1458301544189453,
                0.17656920850276947
            ],
            "llhs": [
                -89.03508758544922,
                -131.85964965820312,
                -132.5961456298828,
                -138.95884704589844,
                -133.84780883789062,
                -122.93977355957031
            ]
        },
        "5": {
            "uncertainty": [
                0.0026880186051130295,
                0.04567797854542732,
                0.07840893417596817,
                0.029461640864610672,
                0.05053054168820381
            ],
            "llhs": [
                -99.91761779785156,
                -131.2713623046875,
                -162.59715270996094,
                -127.6877670288086,
                -137.03355407714844
            ]
        },
        "6": {
            "uncertainty": [
                0.004106410313397646,
                0.128953218460083,
                0.07361002266407013,
                0.13387182354927063
            ],
            "llhs": [
                -91.26173400878906,
                -144.47006225585938,
                -126.0040054321289,
                -139.97064208984375
            ]
        },
        "7": {
            "uncertainty": [
                0.007631116081029177,
                0.04648005962371826,
                0.02793506160378456
            ],
            "llhs": [
                -77.51771545410156,
                -99.8267593383789,
                -90.70599365234375
            ]
        },
        "8": {
            "uncertainty": [
                0.01202775165438652,
                0.026556426659226418
            ],
            "llhs": [
                -107.33602142333984,
                -122.37622833251953
            ]
        },
        "9": {
            "uncertainty": [
                0.008427388966083527
            ],
            "llhs": [
                -85.06344604492188
            ]
        }
    }
}