{
    "config": {
        "algorithm_name": "EWC",
        "num_tasks": 10,
        "epochs": 25,
        "lr": 0.001,
        "hidden_dim": 100,
        "lambdas": [
            50,
            50,
            50,
            50,
            50,
            50,
            50,
            50,
            50,
            50
        ],
        "batch_size": 256,
        "latent_dim": 50
    },
    "results": {
        "0": {
            "uncertainty": [
                0.008221897296607494,
                0.07377356290817261,
                0.12654930353164673,
                0.15664534270763397,
                0.09206995368003845,
                0.11408840119838715,
                0.10285571962594986,
                0.08888185769319534,
                0.0909687802195549,
                0.09317485988140106
            ],
            "llhs": [
                -132.00123596191406,
                -154.9688720703125,
                -162.02418518066406,
                -165.46261596679688,
                -167.04461669921875,
                -165.4731903076172,
                -162.53997802734375,
                -167.1663360595703,
                -166.65696716308594,
                -166.5939483642578
            ]
        },
        "1": {
            "uncertainty": [
                0.19005143642425537,
                0.2621251344680786,
                0.24644428491592407,
                0.2642357051372528,
                0.28230029344558716,
                0.28655341267585754,
                0.2224431037902832,
                0.2575654089450836,
                0.24047355353832245
            ],
            "llhs": [
                -62.4620475769043,
                -71.3008041381836,
                -73.9544677734375,
                -76.1264419555664,
                -74.92681884765625,
                -76.51417541503906,
                -77.10383605957031,
                -75.42298126220703,
                -76.56749725341797
            ]
        },
        "2": {
            "uncertainty": [
                0.029937682673335075,
                0.08233249187469482,
                0.09589145332574844,
                0.10289707779884338,
                0.07943364232778549,
                0.08647705614566803,
                0.08486565202474594,
                0.09967028349637985
            ],
            "llhs": [
                -142.947021484375,
                -149.69400024414062,
                -156.20159912109375,
                -153.8860321044922,
                -155.5147705078125,
                -155.45602416992188,
                -155.29867553710938,
                -155.92257690429688
            ]
        },
        "3": {
            "uncertainty": [
                0.09474270045757294,
                0.1729666143655777,
                0.18250951170921326,
                0.17614956200122833,
                0.14311423897743225,
                0.16304169595241547,
                0.16396968066692352
            ],
            "llhs": [
                -135.7251739501953,
                -147.46229553222656,
                -143.02920532226562,
                -145.41598510742188,
                -146.70912170410156,
                -145.2788543701172,
                -146.20433044433594
            ]
        },
        "4": {
            "uncertainty": [
                0.11208930611610413,
                0.16868464648723602,
                0.16327352821826935,
                0.1371096670627594,
                0.16586464643478394,
                0.14284060895442963
            ],
            "llhs": [
                -128.2604217529297,
                -141.22361755371094,
                -142.71495056152344,
                -137.86282348632812,
                -140.03964233398438,
                -135.96511840820312
            ]
        },
        "5": {
            "uncertainty": [
                0.13720934092998505,
                0.1975046843290329,
                0.19762204587459564,
                0.20501354336738586,
                0.206680029630661
            ],
            "llhs": [
                -140.45582580566406,
                -148.9736785888672,
                -150.15689086914062,
                -147.24061584472656,
                -148.91561889648438
            ]
        },
        "6": {
            "uncertainty": [
                0.14671042561531067,
                0.2169700413942337,
                0.20985707640647888,
                0.2074938416481018
            ],
            "llhs": [
                -129.3583221435547,
                -140.35630798339844,
                -139.71487426757812,
                -140.09864807128906
            ]
        },
        "7": {
            "uncertainty": [
                0.22746901214122772,
                0.31632065773010254,
                0.28467240929603577
            ],
            "llhs": [
                -114.33875274658203,
                -124.13458251953125,
                -122.17811584472656
            ]
        },
        "8": {
            "uncertainty": [
                0.11103209853172302,
                0.13207143545150757
            ],
            "llhs": [
                -150.20086669921875,
                -155.59095764160156
            ]
        },
        "9": {
            "uncertainty": [
                0.17579686641693115
            ],
            "llhs": [
                -121.30612182617188
            ]
        }
    }
}