{
    "config": {
        "algorithm_name": "EWC",
        "num_tasks": 10,
        "epochs": 25,
        "lr": 0.001,
        "hidden_dim": 100,
        "lambdas": [
            10,
            10,
            10,
            10,
            10,
            10,
            10,
            10,
            10,
            10
        ],
        "batch_size": 256,
        "latent_dim": 50
    },
    "results": {
        "0": {
            "uncertainty": [
                0.008914077654480934,
                0.31454527378082275,
                0.3477247655391693,
                0.48013001680374146,
                0.19845587015151978,
                0.2454541027545929,
                0.18199694156646729,
                0.1381596475839615,
                0.2017095386981964,
                0.19552426040172577
            ],
            "llhs": [
                -128.51150512695312,
                -206.762939453125,
                -189.5279998779297,
                -184.24269104003906,
                -187.9519805908203,
                -175.39151000976562,
                -170.71414184570312,
                -175.89068603515625,
                -179.5601806640625,
                -177.68795776367188
            ]
        },
        "1": {
            "uncertainty": [
                0.04157490283250809,
                0.2873902916908264,
                0.4891543388366699,
                0.36949610710144043,
                0.4202503263950348,
                0.4169854521751404,
                0.22227337956428528,
                0.31356894969940186,
                0.3184455335140228
            ],
            "llhs": [
                -56.93479537963867,
                -85.01490783691406,
                -97.55904388427734,
                -99.07478332519531,
                -93.78502655029297,
                -93.69111633300781,
                -91.98893737792969,
                -84.83405303955078,
                -92.0048599243164
            ]
        },
        "2": {
            "uncertainty": [
                0.010640498250722885,
                0.300291508436203,
                0.1782209873199463,
                0.23327939212322235,
                0.12206120043992996,
                0.14444483816623688,
                0.1233091801404953,
                0.16803205013275146
            ],
            "llhs": [
                -134.1254425048828,
                -158.86903381347656,
                -166.61761474609375,
                -162.88804626464844,
                -159.4196319580078,
                -162.6788330078125,
                -155.97186279296875,
                -160.2318115234375
            ]
        },
        "3": {
            "uncertainty": [
                0.022016003727912903,
                0.2444106936454773,
                0.21344584226608276,
                0.22314201295375824,
                0.13158006966114044,
                0.1516924649477005,
                0.17107345163822174
            ],
            "llhs": [
                -126.31047821044922,
                -163.7731475830078,
                -143.25157165527344,
                -154.7066650390625,
                -152.98680114746094,
                -146.4102325439453,
                -152.34036254882812
            ]
        },
        "4": {
            "uncertainty": [
                0.0283762626349926,
                0.20959702134132385,
                0.2020629644393921,
                0.18595921993255615,
                0.24807040393352509,
                0.18523834645748138
            ],
            "llhs": [
                -116.56735229492188,
                -143.60023498535156,
                -145.61314392089844,
                -137.35845947265625,
                -140.4637451171875,
                -131.5717010498047
            ]
        },
        "5": {
            "uncertainty": [
                0.045396946370601654,
                0.20056727528572083,
                0.1797482669353485,
                0.17691579461097717,
                0.18088889122009277
            ],
            "llhs": [
                -130.05072021484375,
                -151.1576690673828,
                -149.7593994140625,
                -145.048583984375,
                -147.78578186035156
            ]
        },
        "6": {
            "uncertainty": [
                0.06265060603618622,
                0.24153004586696625,
                0.2045658677816391,
                0.23255956172943115
            ],
            "llhs": [
                -120.5535659790039,
                -144.60122680664062,
                -142.41510009765625,
                -144.65884399414062
            ]
        },
        "7": {
            "uncertainty": [
                0.1167144626379013,
                0.3392471969127655,
                0.2106831967830658
            ],
            "llhs": [
                -103.78108978271484,
                -121.49018859863281,
                -115.60568237304688
            ]
        },
        "8": {
            "uncertainty": [
                0.04980887100100517,
                0.14369840919971466
            ],
            "llhs": [
                -139.67138671875,
                -152.79833984375
            ]
        },
        "9": {
            "uncertainty": [
                0.10559340566396713
            ],
            "llhs": [
                -111.38658905029297
            ]
        }
    }
}