{
    "config": {
        "algorithm_name": "EWC",
        "num_tasks": 10,
        "epochs": 25,
        "lr": 0.001,
        "hidden_dim": 100,
        "lambdas": [
            50,
            50,
            50,
            50,
            50,
            50,
            50,
            50,
            50,
            50
        ],
        "batch_size": 256,
        "latent_dim": 50
    },
    "results": {
        "0": {
            "uncertainty": [
                0.0077344696037471294,
                0.0783497765660286,
                0.10531602799892426,
                0.145402193069458,
                0.09885802865028381,
                0.1049199104309082,
                0.08504905551671982,
                0.08363566547632217,
                0.08902239054441452,
                0.10147006809711456
            ],
            "llhs": [
                -131.33148193359375,
                -154.408447265625,
                -159.0613250732422,
                -165.88697814941406,
                -167.2458038330078,
                -164.98353576660156,
                -160.7763214111328,
                -165.55718994140625,
                -165.74444580078125,
                -166.76275634765625
            ]
        },
        "1": {
            "uncertainty": [
                0.19634655117988586,
                0.2975282669067383,
                0.2792685627937317,
                0.27231791615486145,
                0.29701200127601624,
                0.3043422996997833,
                0.24785803258419037,
                0.29135340452194214,
                0.26339104771614075
            ],
            "llhs": [
                -61.4621696472168,
                -72.24015045166016,
                -74.5843734741211,
                -76.74788665771484,
                -75.64481353759766,
                -75.09105682373047,
                -75.69490051269531,
                -74.45030212402344,
                -75.38587188720703
            ]
        },
        "2": {
            "uncertainty": [
                0.031280241906642914,
                0.07736986875534058,
                0.09026985615491867,
                0.09356273710727692,
                0.06934940069913864,
                0.08180008083581924,
                0.08286205679178238,
                0.08936943858861923
            ],
            "llhs": [
                -142.45054626464844,
                -150.48194885253906,
                -154.14804077148438,
                -152.52235412597656,
                -152.42213439941406,
                -154.00271606445312,
                -152.9331817626953,
                -153.62571716308594
            ]
        },
        "3": {
            "uncertainty": [
                0.09299830347299576,
                0.17860788106918335,
                0.19450196623802185,
                0.20674894750118256,
                0.1613554209470749,
                0.1816544234752655,
                0.16275262832641602
            ],
            "llhs": [
                -135.0427703857422,
                -146.29229736328125,
                -143.51502990722656,
                -145.4982147216797,
                -144.53103637695312,
                -143.6383514404297,
                -144.50355529785156
            ]
        },
        "4": {
            "uncertainty": [
                0.1330810934305191,
                0.17888201773166656,
                0.1914331167936325,
                0.16743484139442444,
                0.19909141957759857,
                0.18562999367713928
            ],
            "llhs": [
                -128.22463989257812,
                -141.44776916503906,
                -143.5663299560547,
                -137.65582275390625,
                -140.05796813964844,
                NaN
            ]
        },
        "5": {
            "uncertainty": [
                0.12315323203802109,
                0.18648658692836761,
                0.17914491891860962,
                0.1884416937828064,
                0.1868131458759308
            ],
            "llhs": [
                -139.1380615234375,
                -148.63404846191406,
                -147.97463989257812,
                -146.83700561523438,
                -148.2619171142578
            ]
        },
        "6": {
            "uncertainty": [
                0.15606866776943207,
                0.2128911018371582,
                0.20819051563739777,
                0.2277323454618454
            ],
            "llhs": [
                NaN,
                NaN,
                NaN,
                NaN
            ]
        },
        "7": {
            "uncertainty": [
                0.24009965360164642,
                0.31042924523353577,
                0.2749670445919037
            ],
            "llhs": [
                NaN,
                NaN,
                NaN
            ]
        },
        "8": {
            "uncertainty": [
                0.10965792834758759,
                0.13124431669712067
            ],
            "llhs": [
                -149.7025146484375,
                -154.3816375732422
            ]
        },
        "9": {
            "uncertainty": [
                0.17988570034503937
            ],
            "llhs": [
                NaN
            ]
        }
    }
}