{
    "config": {
        "algorithm_name": "EWC",
        "num_tasks": 10,
        "epochs": 25,
        "lr": 0.001,
        "hidden_dim": 100,
        "lambdas": [
            100,
            100,
            100,
            100,
            100,
            100,
            100,
            100,
            100,
            100
        ],
        "batch_size": 256,
        "latent_dim": 50
    },
    "results": {
        "0": {
            "uncertainty": [
                0.010218244977295399,
                0.04768587648868561,
                0.09277968108654022,
                0.09581588953733444,
                0.07523544877767563,
                0.08602004498243332,
                0.08075865358114243,
                0.07565589249134064,
                0.07200052589178085,
                0.08101840317249298
            ],
            "llhs": [
                -128.59388732910156,
                -140.9087371826172,
                -150.9666290283203,
                -152.0653839111328,
                -153.17369079589844,
                -153.90797424316406,
                -152.02487182617188,
                -153.4427490234375,
                -153.6865692138672,
                -153.7139892578125
            ]
        },
        "1": {
            "uncertainty": [
                0.25495418906211853,
                0.288016676902771,
                0.30274778604507446,
                0.27423426508903503,
                0.3002519905567169,
                0.3015868067741394,
                0.26389896869659424,
                0.2968979775905609,
                0.284150630235672
            ],
            "llhs": [
                -63.83424758911133,
                -69.61858367919922,
                -71.36662292480469,
                -72.07117462158203,
                -71.60540008544922,
                -71.4048080444336,
                -72.12153625488281,
                -71.54742431640625,
                -72.19483947753906
            ]
        },
        "2": {
            "uncertainty": [
                0.04834403842687607,
                0.07012741267681122,
                0.08539968729019165,
                0.09035332500934601,
                0.07438473403453827,
                0.08767983317375183,
                0.08460013568401337,
                0.08993297070264816
            ],
            "llhs": [
                -145.72882080078125,
                -149.74685668945312,
                -151.93479919433594,
                -151.39158630371094,
                -152.12811279296875,
                -152.7908935546875,
                -152.2935028076172,
                -152.2460174560547
            ]
        },
        "3": {
            "uncertainty": [
                0.15774208307266235,
                0.22825488448143005,
                0.22022008895874023,
                0.2104715257883072,
                0.19963456690311432,
                0.21374540030956268,
                0.20619945228099823
            ],
            "llhs": [
                -138.09857177734375,
                -145.20895385742188,
                -142.91070556640625,
                -144.34500122070312,
                -144.4373321533203,
                -144.11044311523438,
                -144.5562286376953
            ]
        },
        "4": {
            "uncertainty": [
                0.1826619654893875,
                0.20879390835762024,
                0.20550839602947235,
                0.1949913501739502,
                0.2192094624042511,
                0.2086237221956253
            ],
            "llhs": [
                -133.20999145507812,
                -140.2083282470703,
                -141.2074432373047,
                -139.30224609375,
                -140.19615173339844,
                -138.038818359375
            ]
        },
        "5": {
            "uncertainty": [
                0.17459845542907715,
                0.2158675193786621,
                0.20537014305591583,
                0.20387661457061768,
                0.20996896922588348
            ],
            "llhs": [
                -142.9780731201172,
                -148.4572296142578,
                -149.22601318359375,
                -147.4855194091797,
                -148.21849060058594
            ]
        },
        "6": {
            "uncertainty": [
                0.17465844750404358,
                0.21580395102500916,
                0.2173595130443573,
                0.21383698284626007
            ],
            "llhs": [
                -132.10411071777344,
                -138.3834686279297,
                -137.76141357421875,
                -137.52752685546875
            ]
        },
        "7": {
            "uncertainty": [
                0.29443395137786865,
                0.34061118960380554,
                0.3232715427875519
            ],
            "llhs": [
                -117.642822265625,
                -125.34417724609375,
                -123.91983795166016
            ]
        },
        "8": {
            "uncertainty": [
                0.14150357246398926,
                0.14450788497924805
            ],
            "llhs": [
                -152.6524658203125,
                -156.43946838378906
            ]
        },
        "9": {
            "uncertainty": [
                0.2237866371870041
            ],
            "llhs": [
                -124.76292419433594
            ]
        }
    }
}