{
    "config": {
        "algorithm_name": "LP",
        "num_tasks": 10,
        "epochs": 25,
        "lr": 0.001,
        "hidden_dim": 500,
        "latent_dim": 50,
        "lambd": 100,
        "batch_size": 256
    },
    "results": {
        "0": {
            "uncertainty": [
                0.014143762178719044,
                0.1849888563156128,
                0.35232627391815186,
                0.38917434215545654,
                0.2726401388645172,
                0.28974124789237976,
                0.3106786608695984,
                0.25696733593940735,
                0.28320667147636414,
                0.2988887429237366
            ],
            "llhs": [
                -110.27165985107422,
                -139.9746551513672,
                -153.17208862304688,
                -153.3406524658203,
                -152.62890625,
                -152.7209014892578,
                -151.660888671875,
                -150.74266052246094,
                -150.75143432617188,
                -152.1879119873047
            ]
        },
        "1": {
            "uncertainty": [
                0.0011742259375751019,
                0.011503574438393116,
                0.01967143453657627,
                0.023737458512187004,
                0.034955136477947235,
                0.04032229632139206,
                0.02766447700560093,
                0.026475273072719574,
                0.028211427852511406
            ],
            "llhs": [
                -52.63132858276367,
                -56.604393005371094,
                -60.546207427978516,
                -64.41382598876953,
                -64.32986450195312,
                -65.09382629394531,
                -64.25289154052734,
                -62.64311218261719,
                -63.75682830810547
            ]
        },
        "2": {
            "uncertainty": [
                0.015912100672721863,
                0.09222973138093948,
                0.07347549498081207,
                0.10835312306880951,
                0.08246180415153503,
                0.07632167637348175,
                0.0754690021276474,
                0.09519670158624649
            ],
            "llhs": [
                -121.07372283935547,
                -126.15416717529297,
                -128.01112365722656,
                -129.94065856933594,
                -130.3343963623047,
                -130.81451416015625,
                -129.88858032226562,
                -131.37718200683594
            ]
        },
        "3": {
            "uncertainty": [
                0.007885672152042389,
                0.029747966676950455,
                0.05552475526928902,
                0.05709052458405495,
                0.050278935581445694,
                0.04895864054560661,
                0.04754287004470825
            ],
            "llhs": [
                -114.92982482910156,
                -118.82666778564453,
                -119.15946197509766,
                -120.88491821289062,
                -121.20964813232422,
                -120.77037811279297,
                -121.75191497802734
            ]
        },
        "4": {
            "uncertainty": [
                0.035972900688648224,
                0.033589962869882584,
                0.03432266041636467,
                0.039866894483566284,
                0.043882817029953,
                0.04778692498803139
            ],
            "llhs": [
                -106.15027618408203,
                -107.7513427734375,
                -108.74250793457031,
                -108.21276092529297,
                -108.10018920898438,
                -107.4996109008789
            ]
        },
        "5": {
            "uncertainty": [
                0.02661329321563244,
                0.031836673617362976,
                0.03369869291782379,
                0.03391341120004654,
                0.036416105926036835
            ],
            "llhs": [
                -118.18743896484375,
                -119.38633728027344,
                -120.0514907836914,
                -119.35269927978516,
                -120.18818664550781
            ]
        },
        "6": {
            "uncertainty": [
                0.025147903710603714,
                0.03360183164477348,
                0.041642047464847565,
                0.04812432825565338
            ],
            "llhs": [
                -108.8861312866211,
                -110.12073516845703,
                -110.89349365234375,
                -111.71831512451172
            ]
        },
        "7": {
            "uncertainty": [
                0.06633435189723969,
                0.07073718309402466,
                0.06890702992677689
            ],
            "llhs": [
                -93.4550552368164,
                -94.36221313476562,
                -94.61505126953125
            ]
        },
        "8": {
            "uncertainty": [
                0.07127360999584198,
                0.09820393472909927
            ],
            "llhs": [
                -126.53157043457031,
                -127.16536712646484
            ]
        },
        "9": {
            "uncertainty": [
                0.04829816147685051
            ],
            "llhs": [
                -99.98048400878906
            ]
        }
    }
}