{
    "config": {
        "algorithm_name": "LP",
        "num_tasks": 10,
        "epochs": 25,
        "lr": 0.001,
        "hidden_dim": 500,
        "latent_dim": 50,
        "lambd": 10,
        "batch_size": 256
    },
    "results": {
        "0": {
            "uncertainty": [
                0.012869497761130333,
                0.800879716873169,
                0.6853664517402649,
                1.1057934761047363,
                0.5492587685585022,
                0.6090028882026672,
                0.553906261920929,
                0.42616933584213257,
                0.6071682572364807,
                0.718859076499939
            ],
            "llhs": [
                -110.76023864746094,
                -294.24273681640625,
                -217.76834106445312,
                -203.7052001953125,
                -208.87570190429688,
                -182.10313415527344,
                -187.78277587890625,
                -194.64251708984375,
                -194.63392639160156,
                -206.43679809570312
            ]
        },
        "1": {
            "uncertainty": [
                9.354618669021875e-05,
                0.10503216087818146,
                0.25638094544410706,
                0.24064679443836212,
                0.22960643470287323,
                0.27829524874687195,
                0.17053736746311188,
                0.09266220778226852,
                0.22126561403274536
            ],
            "llhs": [
                -49.21915054321289,
                -69.30693817138672,
                -83.57627868652344,
                -84.31425476074219,
                -81.95137786865234,
                -83.71500396728516,
                -85.77934265136719,
                -72.10250854492188,
                -81.02208709716797
            ]
        },
        "2": {
            "uncertainty": [
                0.007038071285933256,
                0.3324815332889557,
                0.21577440202236176,
                0.2567424178123474,
                0.1686636209487915,
                0.20180192589759827,
                0.15852829813957214,
                0.27029913663864136
            ],
            "llhs": [
                -116.25907135009766,
                -141.25083923339844,
                -148.94326782226562,
                -145.11146545410156,
                -143.4165496826172,
                -149.48924255371094,
                -140.5831298828125,
                -151.22689819335938
            ]
        },
        "3": {
            "uncertainty": [
                0.0025657701771706343,
                0.11865951865911484,
                0.21809835731983185,
                0.20210503041744232,
                0.06891190260648727,
                0.0650273859500885,
                0.08108017593622208
            ],
            "llhs": [
                -109.3255615234375,
                -139.13555908203125,
                -126.0605239868164,
                -140.47525024414062,
                -145.78343200683594,
                -130.29278564453125,
                -142.3583221435547
            ]
        },
        "4": {
            "uncertainty": [
                0.010289546102285385,
                0.05685247480869293,
                0.1597825437784195,
                0.24591581523418427,
                0.11161905527114868,
                0.19501516222953796
            ],
            "llhs": [
                -99.69174194335938,
                -111.34839630126953,
                -117.7967529296875,
                -115.1961898803711,
                -112.5250015258789,
                -109.13349151611328
            ]
        },
        "5": {
            "uncertainty": [
                0.007397128269076347,
                0.05127805098891258,
                0.08746351301670074,
                0.07443161308765411,
                0.12584452331066132
            ],
            "llhs": [
                -111.57042694091797,
                -122.96664428710938,
                -129.20028686523438,
                -121.16419982910156,
                -126.23716735839844
            ]
        },
        "6": {
            "uncertainty": [
                0.00396508676931262,
                0.11947263777256012,
                0.08230415731668472,
                0.18248844146728516
            ],
            "llhs": [
                -102.78291320800781,
                -119.41796875,
                -120.95821380615234,
                -130.38612365722656
            ]
        },
        "7": {
            "uncertainty": [
                0.007618832401931286,
                0.053711093962192535,
                0.06624606996774673
            ],
            "llhs": [
                -87.46463775634766,
                -93.54739379882812,
                -93.41742706298828
            ]
        },
        "8": {
            "uncertainty": [
                0.050795190036296844,
                0.16571852564811707
            ],
            "llhs": [
                -119.9278793334961,
                -125.49231719970703
            ]
        },
        "9": {
            "uncertainty": [
                0.030345266684889793
            ],
            "llhs": [
                -94.08678436279297
            ]
        }
    }
}