{
    "config": {
        "algorithm_name": "LP",
        "num_tasks": 10,
        "epochs": 25,
        "lr": 0.001,
        "hidden_dim": 500,
        "latent_dim": 50,
        "lambd": 200,
        "batch_size": 256
    },
    "results": {
        "0": {
            "uncertainty": [
                0.010006985627114773,
                0.08672776818275452,
                0.2065698653459549,
                0.29838827252388,
                0.22984471917152405,
                0.26245102286338806,
                0.27376922965049744,
                0.2301637828350067,
                0.2457006275653839,
                0.25289031863212585
            ],
            "llhs": [
                -111.4281997680664,
                -125.37979888916016,
                -136.5167999267578,
                -143.35972595214844,
                -144.77761840820312,
                -146.9093780517578,
                -145.81578063964844,
                -145.7845916748047,
                -146.3608856201172,
                -147.62928771972656
            ]
        },
        "1": {
            "uncertainty": [
                0.012965446338057518,
                0.01782894879579544,
                0.019420964643359184,
                0.022604484111070633,
                0.023788003250956535,
                0.02673162706196308,
                0.018454477190971375,
                0.022858072072267532,
                0.02209373190999031
            ],
            "llhs": [
                -53.59343719482422,
                -56.0013427734375,
                -58.04026794433594,
                -60.71723175048828,
                -60.75321578979492,
                -61.43876647949219,
                -60.879249572753906,
                -60.495094299316406,
                -60.8648681640625
            ]
        },
        "2": {
            "uncertainty": [
                0.013329071924090385,
                0.04511408880352974,
                0.04713589325547218,
                0.06521829217672348,
                0.05077262967824936,
                0.04812176525592804,
                0.053595658391714096,
                0.0582100935280323
            ],
            "llhs": [
                -122.96526336669922,
                -125.5650405883789,
                -127.62847900390625,
                -128.2234649658203,
                -128.8700714111328,
                -129.02630615234375,
                -128.77682495117188,
                -129.50901794433594
            ]
        },
        "3": {
            "uncertainty": [
                0.012163418345153332,
                0.025538695976138115,
                0.03026626445353031,
                0.03590117022395134,
                0.028515951707959175,
                0.030739497393369675,
                0.03114321455359459
            ],
            "llhs": [
                -117.34672546386719,
                -119.26510620117188,
                -119.50205993652344,
                -120.0306396484375,
                -120.62174987792969,
                -120.61528778076172,
                -120.99256896972656
            ]
        },
        "4": {
            "uncertainty": [
                0.06629043817520142,
                0.05283895134925842,
                0.051243603229522705,
                0.047079700976610184,
                0.0465431734919548,
                0.049981437623500824
            ],
            "llhs": [
                -108.66340637207031,
                -109.61799621582031,
                -109.86656188964844,
                -109.78189849853516,
                -109.9801254272461,
                -109.63082885742188
            ]
        },
        "5": {
            "uncertainty": [
                0.031469669193029404,
                0.03779817372560501,
                0.04411542788147926,
                0.03724546730518341,
                0.043636370450258255
            ],
            "llhs": [
                -120.06683349609375,
                -120.6862564086914,
                -120.94207000732422,
                -120.61759948730469,
                -120.87826538085938
            ]
        },
        "6": {
            "uncertainty": [
                0.03536608815193176,
                0.04273998737335205,
                0.05133978649973869,
                0.04272790253162384
            ],
            "llhs": [
                -111.21056365966797,
                -111.59996032714844,
                -112.00334930419922,
                -112.3885726928711
            ]
        },
        "7": {
            "uncertainty": [
                0.10117548704147339,
                0.1106354221701622,
                0.10728967189788818
            ],
            "llhs": [
                -95.90196228027344,
                -96.33609008789062,
                -96.54579162597656
            ]
        },
        "8": {
            "uncertainty": [
                0.07179538905620575,
                0.08011692762374878
            ],
            "llhs": [
                -128.76986694335938,
                -129.1810302734375
            ]
        },
        "9": {
            "uncertainty": [
                0.06821464002132416
            ],
            "llhs": [
                -102.1325912475586
            ]
        }
    }
}