{
    "config": {
        "algorithm_name": "LP",
        "num_tasks": 10,
        "epochs": 25,
        "lr": 0.001,
        "hidden_dim": 500,
        "latent_dim": 50,
        "lambd": 100,
        "batch_size": 256
    },
    "results": {
        "0": {
            "uncertainty": [
                0.013267925940454006,
                0.2058946192264557,
                0.33713608980178833,
                0.435198038816452,
                0.2896431088447571,
                0.31250351667404175,
                0.2901824712753296,
                0.23564769327640533,
                0.2924497127532959,
                0.2949538230895996
            ],
            "llhs": [
                -111.06344604492188,
                -137.87841796875,
                -149.68527221679688,
                -154.9758758544922,
                -155.44032287597656,
                -156.5425262451172,
                -153.38841247558594,
                -152.94094848632812,
                -153.8053436279297,
                -154.4273681640625
            ]
        },
        "1": {
            "uncertainty": [
                0.0027268745470792055,
                0.015554060228168964,
                0.027904875576496124,
                0.025272587314248085,
                0.031782492995262146,
                0.03827143833041191,
                0.023516306653618813,
                0.02717703767120838,
                0.02595769613981247
            ],
            "llhs": [
                -52.526668548583984,
                -57.06149673461914,
                -60.73152160644531,
                -64.35498809814453,
                -63.51459503173828,
                NaN,
                NaN,
                NaN,
                NaN
            ]
        },
        "2": {
            "uncertainty": [
                0.01718982867896557,
                0.1016017273068428,
                0.09107202291488647,
                0.10418055206537247,
                0.09305492043495178,
                0.08195598423480988,
                0.08372770994901657,
                0.09549776464700699
            ],
            "llhs": [
                -121.13912200927734,
                -127.20967864990234,
                -130.5616455078125,
                -131.87835693359375,
                -132.0769805908203,
                -132.61082458496094,
                -131.57313537597656,
                -132.4866943359375
            ]
        },
        "3": {
            "uncertainty": [
                0.005609672982245684,
                0.03106343373656273,
                0.05071211978793144,
                0.06631512939929962,
                0.049857236444950104,
                0.04890992492437363,
                0.05805734544992447
            ],
            "llhs": [
                -115.45015716552734,
                -120.46302795410156,
                -120.1396255493164,
                -122.34988403320312,
                -123.10794830322266,
                -121.88774871826172,
                -122.86689758300781
            ]
        },
        "4": {
            "uncertainty": [
                0.0421132817864418,
                0.04102737829089165,
                0.03579431399703026,
                0.041892144829034805,
                0.045575112104415894,
                0.04762117937207222
            ],
            "llhs": [
                -106.52557373046875,
                -108.43514251708984,
                NaN,
                -108.85570526123047,
                -108.79365539550781,
                NaN
            ]
        },
        "5": {
            "uncertainty": [
                0.028247714042663574,
                0.034708891063928604,
                0.038422591984272,
                0.036222800612449646,
                0.0416412390768528
            ],
            "llhs": [
                -118.2008285522461,
                -119.41697692871094,
                -120.14445495605469,
                -119.25350952148438,
                -119.83695983886719
            ]
        },
        "6": {
            "uncertainty": [
                0.018714681267738342,
                0.023094499483704567,
                0.025843193754553795,
                0.03713873028755188
            ],
            "llhs": [
                NaN,
                NaN,
                NaN,
                NaN
            ]
        },
        "7": {
            "uncertainty": [
                0.059309106320142746,
                0.07934757322072983,
                0.07095768302679062
            ],
            "llhs": [
                NaN,
                NaN,
                NaN
            ]
        },
        "8": {
            "uncertainty": [
                0.07009977847337723,
                0.09511999040842056
            ],
            "llhs": [
                -126.49748229980469,
                -127.24116516113281
            ]
        },
        "9": {
            "uncertainty": [
                0.0493670292198658
            ],
            "llhs": [
                NaN
            ]
        }
    }
}