{
    "config": {
        "algorithm_name": "SI",
        "num_tasks": 10,
        "epochs": 25,
        "lr": 0.001,
        "hidden_dim": 500,
        "latent_dim": 50,
        "c": 0.1,
        "damping_param": 0.001,
        "batch_size": 256
    },
    "results": {
        "0": {
            "uncertainty": [
                0.008010558784008026,
                0.5302469730377197,
                0.574983537197113,
                0.7316811084747314,
                0.4640998840332031,
                0.44138532876968384,
                0.4177083969116211,
                0.3090839385986328,
                0.41292956471443176,
                0.4582648277282715
            ],
            "llhs": [
                -111.15149688720703,
                -225.3977813720703,
                -202.70570373535156,
                -193.41241455078125,
                -193.68992614746094,
                -180.40097045898438,
                -177.483642578125,
                -178.1197967529297,
                -181.63526916503906,
                -186.7743377685547
            ]
        },
        "1": {
            "uncertainty": [
                0.0002570258220657706,
                0.03384559229016304,
                0.11611374467611313,
                0.1325484961271286,
                0.14783349633216858,
                0.15085485577583313,
                0.08574366569519043,
                0.0864042341709137,
                0.11379937827587128
            ],
            "llhs": [
                -51.0574951171875,
                -62.20518493652344,
                -69.36598205566406,
                -76.23213195800781,
                -71.80882263183594,
                -72.22689056396484,
                -72.8547134399414,
                -67.68451690673828,
                -71.45701599121094
            ]
        },
        "2": {
            "uncertainty": [
                0.013103826902806759,
                0.20587170124053955,
                0.14708566665649414,
                0.18035712838172913,
                0.12000933289527893,
                0.12027375400066376,
                0.11875973641872406,
                0.15542882680892944
            ],
            "llhs": [
                -120.15287017822266,
                -133.37454223632812,
                -139.99874877929688,
                -138.99732971191406,
                -137.46734619140625,
                -140.09352111816406,
                -135.33216857910156,
                -140.27806091308594
            ]
        },
        "3": {
            "uncertainty": [
                0.004833846818655729,
                0.07214021682739258,
                0.11818850040435791,
                0.1358109414577484,
                0.07675404101610184,
                0.06189959496259689,
                0.0749419555068016
            ],
            "llhs": [
                -113.70448303222656,
                -128.14833068847656,
                -123.7238998413086,
                -129.1864776611328,
                -132.71669006347656,
                -126.50519561767578,
                -132.1280517578125
            ]
        },
        "4": {
            "uncertainty": [
                0.018437786027789116,
                0.03222879394888878,
                0.053071703761816025,
                0.09874855726957321,
                0.07174021005630493,
                0.10164455324411392
            ],
            "llhs": [
                -103.8299331665039,
                -108.63433837890625,
                -111.23868560791016,
                -112.51065826416016,
                -111.86724853515625,
                -110.4327392578125
            ]
        },
        "5": {
            "uncertainty": [
                0.018163179978728294,
                0.028324557468295097,
                0.036969780921936035,
                0.03439146652817726,
                0.04798802733421326
            ],
            "llhs": [
                -115.3885726928711,
                -120.12353515625,
                -123.42550659179688,
                -120.09832000732422,
                -122.42892456054688
            ]
        },
        "6": {
            "uncertainty": [
                0.009495682083070278,
                0.035143982619047165,
                0.04560015723109245,
                0.060396190732717514
            ],
            "llhs": [
                -107.1963119506836,
                -112.86790466308594,
                -114.36668395996094,
                -117.32434844970703
            ]
        },
        "7": {
            "uncertainty": [
                0.023036763072013855,
                0.05218616873025894,
                0.061325427144765854
            ],
            "llhs": [
                -91.83589935302734,
                -95.45280456542969,
                -95.28346252441406
            ]
        },
        "8": {
            "uncertainty": [
                0.07668440043926239,
                0.12981629371643066
            ],
            "llhs": [
                -123.69512176513672,
                -126.00797271728516
            ]
        },
        "9": {
            "uncertainty": [
                0.03294629976153374
            ],
            "llhs": [
                -97.97456359863281
            ]
        }
    }
}