{
    "config": {
        "algorithm_name": "SI",
        "num_tasks": 10,
        "epochs": 25,
        "lr": 0.001,
        "hidden_dim": 500,
        "latent_dim": 50,
        "c": 1,
        "damping_param": 0.001,
        "batch_size": 256
    },
    "results": {
        "0": {
            "uncertainty": [
                0.013572022318840027,
                0.0874679684638977,
                0.11873871833086014,
                0.1524653285741806,
                0.15893486142158508,
                0.1765112429857254,
                0.1743069291114807,
                0.1469249725341797,
                0.18569399416446686,
                0.18485118448734283
            ],
            "llhs": [
                -110.43219757080078,
                -118.4608383178711,
                -120.52250671386719,
                -122.87507629394531,
                -123.05005645751953,
                -124.82230377197266,
                -125.12791442871094,
                -125.0170669555664,
                -126.20307922363281,
                -127.09660339355469
            ]
        },
        "1": {
            "uncertainty": [
                0.0565936341881752,
                0.049060530960559845,
                0.042959634214639664,
                0.04728713259100914,
                0.0523187480866909,
                0.05844312533736229,
                0.05019216611981392,
                0.05461699515581131,
                0.05967945232987404
            ],
            "llhs": [
                -54.670597076416016,
                -56.0971794128418,
                -58.027652740478516,
                -60.092018127441406,
                -61.076412200927734,
                -62.037906646728516,
                -61.54726791381836,
                -61.87800979614258,
                -62.56691360473633
            ]
        },
        "2": {
            "uncertainty": [
                0.029366830363869667,
                0.04392459616065025,
                0.04971838369965553,
                0.0561361201107502,
                0.052731528878211975,
                0.053949516266584396,
                0.057616863399744034,
                0.058375034481287
            ],
            "llhs": [
                -130.39083862304688,
                -131.71534729003906,
                -132.48953247070312,
                -133.42138671875,
                -134.07052612304688,
                -134.05104064941406,
                -134.1997528076172,
                -134.66644287109375
            ]
        },
        "3": {
            "uncertainty": [
                0.02645614556968212,
                0.03384487330913544,
                0.037712063640356064,
                0.03881319984793663,
                0.03237178176641464,
                0.033140234649181366,
                0.029871780425310135
            ],
            "llhs": [
                -122.08685302734375,
                -123.38796997070312,
                -123.34649658203125,
                -124.23015594482422,
                -124.14407348632812,
                -124.36312866210938,
                -124.90049743652344
            ]
        },
        "4": {
            "uncertainty": [
                0.08404310792684555,
                0.07869061082601547,
                0.07557621598243713,
                0.07797445356845856,
                0.07882009446620941,
                0.07370664179325104
            ],
            "llhs": [
                -113.87337493896484,
                -114.31021118164062,
                -114.59982299804688,
                -114.22734832763672,
                -114.6653823852539,
                -114.54209899902344
            ]
        },
        "5": {
            "uncertainty": [
                0.03376394137740135,
                0.0435362309217453,
                0.037488434463739395,
                0.03626518324017525,
                0.04000266641378403
            ],
            "llhs": [
                -124.71588134765625,
                -125.07322692871094,
                -125.12344360351562,
                -124.87989044189453,
                -125.14244079589844
            ]
        },
        "6": {
            "uncertainty": [
                0.04332934319972992,
                0.04975780099630356,
                0.04548145458102226,
                0.04425196722149849
            ],
            "llhs": [
                -114.07402038574219,
                -114.53333282470703,
                -114.54166412353516,
                -114.70005798339844
            ]
        },
        "7": {
            "uncertainty": [
                0.1108260378241539,
                0.10676924884319305,
                0.10688455402851105
            ],
            "llhs": [
                -100.11983489990234,
                -100.67772674560547,
                -100.98444366455078
            ]
        },
        "8": {
            "uncertainty": [
                0.09590214490890503,
                0.10249196738004684
            ],
            "llhs": [
                -132.41934204101562,
                -132.61611938476562
            ]
        },
        "9": {
            "uncertainty": [
                0.07577311247587204
            ],
            "llhs": [
                -105.31034851074219
            ]
        }
    }
}