{
    "config": {
        "algorithm_name": "VI",
        "num_tasks": 10,
        "epochs": 25,
        "lr": 0.001,
        "hidden_dim": 500,
        "latent_dim": 50,
        "coreset_size": 200,
        "coreset_heuristic": "random",
        "batch_size": 256
    },
    "results": {
        "0": {
            "uncertainty": [
                0.010120179504156113,
                0.20388589799404144,
                0.26970726251602173,
                0.496757447719574,
                0.3042089641094208,
                0.37718939781188965,
                0.30665481090545654,
                0.3146927058696747,
                0.41659846901893616,
                0.4691765010356903
            ],
            "llhs": [
                -117.96937561035156,
                -126.63738250732422,
                -128.59780883789062,
                -129.2325897216797,
                -129.29759216308594,
                -127.71082305908203,
                -127.13446807861328,
                -127.71063232421875,
                -127.59286499023438,
                -128.66766357421875
            ]
        },
        "1": {
            "uncertainty": [
                0.0006990537513047457,
                0.00807109847664833,
                0.029097583144903183,
                0.0343640111386776,
                0.038061805069446564,
                0.05953442305326462,
                0.027056146413087845,
                0.028103899210691452,
                0.05147933214902878
            ],
            "llhs": [
                -54.441856384277344,
                -56.10890197753906,
                -56.984012603759766,
                -58.24134826660156,
                -57.21996307373047,
                -57.58197784423828,
                -57.764312744140625,
                -56.152034759521484,
                -57.638858795166016
            ]
        },
        "2": {
            "uncertainty": [
                0.007273237220942974,
                0.12821795046329498,
                0.08558190613985062,
                0.13590753078460693,
                0.0843198373913765,
                0.11851268261671066,
                0.10290879756212234,
                0.1639464646577835
            ],
            "llhs": [
                -127.77994537353516,
                -129.66368103027344,
                -131.2863311767578,
                -131.10365295410156,
                -130.33995056152344,
                -131.26808166503906,
                -129.2854461669922,
                -131.07260131835938
            ]
        },
        "3": {
            "uncertainty": [
                0.002892476972192526,
                0.043110135942697525,
                0.08605580776929855,
                0.09169144183397293,
                0.03819018602371216,
                0.04183991625905037,
                0.060246922075748444
            ],
            "llhs": [
                -118.01211547851562,
                -122.09269714355469,
                -119.60778045654297,
                -121.12806701660156,
                -121.49601745605469,
                -119.67216491699219,
                -121.1045913696289
            ]
        },
        "4": {
            "uncertainty": [
                0.010067375376820564,
                0.02974039874970913,
                0.05962760001420975,
                0.11839533597230911,
                0.06769894808530807,
                0.1000141054391861
            ],
            "llhs": [
                -106.76825714111328,
                -108.80500793457031,
                -109.2144775390625,
                -108.43206787109375,
                -108.32634735107422,
                -107.06085205078125
            ]
        },
        "5": {
            "uncertainty": [
                0.009279797784984112,
                0.03636281192302704,
                0.05134444311261177,
                0.041668836027383804,
                0.06360121816396713
            ],
            "llhs": [
                -118.72682189941406,
                -121.46102905273438,
                -122.03536224365234,
                -119.86479187011719,
                -120.9779052734375
            ]
        },
        "6": {
            "uncertainty": [
                0.0043334453366696835,
                0.06161921098828316,
                0.05076039955019951,
                0.11058025807142258
            ],
            "llhs": [
                -109.71745300292969,
                -113.57255554199219,
                -113.7784423828125,
                -114.45582580566406
            ]
        },
        "7": {
            "uncertainty": [
                0.012131375260651112,
                0.06031706556677818,
                0.06384023278951645
            ],
            "llhs": [
                -92.68087005615234,
                -94.9659194946289,
                -93.83590698242188
            ]
        },
        "8": {
            "uncertainty": [
                0.05337909981608391,
                0.13191728293895721
            ],
            "llhs": [
                -125.78815460205078,
                -127.16194915771484
            ]
        },
        "9": {
            "uncertainty": [
                0.028217187151312828
            ],
            "llhs": [
                -98.50439453125
            ]
        }
    }
}