{
    "config": {
        "algorithm_name": "VI",
        "num_tasks": 10,
        "epochs": 25,
        "lr": 0.001,
        "hidden_dim": 500,
        "latent_dim": 50,
        "coreset_size": 5000,
        "coreset_heuristic": "random",
        "batch_size": 256
    },
    "results": {
        "0": {
            "uncertainty": [
                0.004860947839915752,
                0.009409415535628796,
                0.007868493907153606,
                0.011401725932955742,
                0.01243780367076397,
                0.008220386691391468,
                0.011226711794734001,
                0.014998434111475945,
                0.01257020141929388,
                0.01773053966462612
            ],
            "llhs": [
                -125.46490478515625,
                -127.28291320800781,
                -126.01570892333984,
                -124.97164154052734,
                -124.53803253173828,
                -124.23602294921875,
                -123.61031341552734,
                -123.89727783203125,
                -123.9522476196289,
                -124.37759399414062
            ]
        },
        "1": {
            "uncertainty": [
                0.0002587817725725472,
                0.00030100884032435715,
                0.00046681909589096904,
                0.00034611104638315737,
                0.000493556319270283,
                0.0003605326055549085,
                0.000529079232364893,
                0.0005418644868768752,
                0.00037482334300875664
            ],
            "llhs": [
                -55.215030670166016,
                -55.30964279174805,
                -55.50664520263672,
                -55.15485763549805,
                -55.018070220947266,
                -55.04603576660156,
                -54.73419189453125,
                -54.67898178100586,
                -54.63172149658203
            ]
        },
        "2": {
            "uncertainty": [
                0.007488667033612728,
                0.012145031243562698,
                0.011691363528370857,
                0.008916444145143032,
                0.00921261589974165,
                0.00988426897674799,
                0.007246874738484621,
                0.012261866591870785
            ],
            "llhs": [
                -131.3951873779297,
                -131.10704040527344,
                -131.14988708496094,
                -130.69309997558594,
                -130.85386657714844,
                -130.75828552246094,
                -129.89382934570312,
                -129.9817657470703
            ]
        },
        "3": {
            "uncertainty": [
                0.0007018393371254206,
                0.0007615150534547865,
                0.0011545931920409203,
                0.0012915045954287052,
                0.001305477344430983,
                0.0019214557250961661,
                0.001597232068888843
            ],
            "llhs": [
                -123.09136199951172,
                -123.06121063232422,
                -122.54796600341797,
                -122.73469543457031,
                -122.0673599243164,
                -121.7005386352539,
                -121.9661865234375
            ]
        },
        "4": {
            "uncertainty": [
                0.004275948740541935,
                0.004456180613487959,
                0.0046058036386966705,
                0.005950000137090683,
                0.0046232626773417,
                0.007402336690574884
            ],
            "llhs": [
                -110.4322509765625,
                -110.39441680908203,
                -109.91553497314453,
                -109.51177215576172,
                -109.58769226074219,
                -108.69126892089844
            ]
        },
        "5": {
            "uncertainty": [
                0.007209806703031063,
                0.007641912437975407,
                0.00902867317199707,
                0.007032056339085102,
                0.008698966354131699
            ],
            "llhs": [
                -124.04801177978516,
                -123.58064270019531,
                -123.62218475341797,
                -122.94567108154297,
                -122.47439575195312
            ]
        },
        "6": {
            "uncertainty": [
                0.0009089504019357264,
                0.0019351053051650524,
                0.0012618076289072633,
                0.002149230567738414
            ],
            "llhs": [
                -113.68165588378906,
                -113.91456604003906,
                -113.57765197753906,
                -113.96013641357422
            ]
        },
        "7": {
            "uncertainty": [
                0.004895136691629887,
                0.006009617354720831,
                0.007112760096788406
            ],
            "llhs": [
                -95.9588851928711,
                -95.8942642211914,
                -95.15528106689453
            ]
        },
        "8": {
            "uncertainty": [
                0.022160643711686134,
                0.025278229266405106
            ],
            "llhs": [
                -131.44386291503906,
                -130.79209899902344
            ]
        },
        "9": {
            "uncertainty": [
                0.018118053674697876
            ],
            "llhs": [
                -102.88119506835938
            ]
        }
    }
}