{
    "config": {
        "algorithm_name": "VI",
        "num_tasks": 10,
        "epochs": 25,
        "lr": 0.001,
        "hidden_dim": 500,
        "latent_dim": 50,
        "coreset_size": 0,
        "coreset_heuristic": "random",
        "batch_size": 256
    },
    "results": {
        "0": {
            "uncertainty": [
                0.005448461044579744,
                0.34666624665260315,
                0.5345157980918884,
                0.9176763296127319,
                0.45290258526802063,
                0.6314262747764587,
                0.5656408071517944,
                0.4371698200702667,
                0.5997547507286072,
                0.7043542861938477
            ],
            "llhs": [
                -117.6236343383789,
                -171.57569885253906,
                -182.6847686767578,
                -187.473388671875,
                -193.2735137939453,
                -174.82498168945312,
                -179.43702697753906,
                -187.75564575195312,
                -187.92120361328125,
                -196.65493774414062
            ]
        },
        "1": {
            "uncertainty": [
                0.001094914274290204,
                0.034334830939769745,
                0.15691977739334106,
                0.21482880413532257,
                0.1640811413526535,
                0.24058915674686432,
                0.08844970911741257,
                0.07410218566656113,
                0.15155759453773499
            ],
            "llhs": [
                -54.36194610595703,
                -64.8835678100586,
                -73.6620101928711,
                -83.85314178466797,
                -74.0956802368164,
                -77.61327362060547,
                -76.94847106933594,
                -70.47684478759766,
                -79.96756744384766
            ]
        },
        "2": {
            "uncertainty": [
                0.006730792112648487,
                0.27752944827079773,
                0.17227017879486084,
                0.22167320549488068,
                0.14694049954414368,
                0.18930569291114807,
                0.1425807625055313,
                0.27059367299079895
            ],
            "llhs": [
                -127.91439819335938,
                -142.61529541015625,
                -157.07081604003906,
                -149.16468811035156,
                -149.8648223876953,
                -159.11724853515625,
                -146.7248077392578,
                -158.66732788085938
            ]
        },
        "3": {
            "uncertainty": [
                0.0025670910254120827,
                0.1172306090593338,
                0.16044260561466217,
                0.18606819212436676,
                0.06613069772720337,
                0.059639934450387955,
                0.08407238870859146
            ],
            "llhs": [
                -117.62593078613281,
                -143.23373413085938,
                -129.7935791015625,
                -145.06585693359375,
                -151.25831604003906,
                -135.66062927246094,
                -148.90919494628906
            ]
        },
        "4": {
            "uncertainty": [
                0.010581638664007187,
                0.06714167445898056,
                0.15904223918914795,
                0.25935307145118713,
                0.16022194921970367,
                0.254925936460495
            ],
            "llhs": [
                -106.6969223022461,
                -117.10250854492188,
                -121.39498901367188,
                -120.10091400146484,
                -120.69622039794922,
                -114.62755584716797
            ]
        },
        "5": {
            "uncertainty": [
                0.010602769441902637,
                0.07596951723098755,
                0.08019851893186569,
                0.06551491469144821,
                0.1484084129333496
            ],
            "llhs": [
                -118.27493286132812,
                -129.28182983398438,
                -135.88951110839844,
                -127.9938735961914,
                -132.86451721191406
            ]
        },
        "6": {
            "uncertainty": [
                0.0038577495142817497,
                0.12036237120628357,
                0.10197523236274719,
                0.22776012122631073
            ],
            "llhs": [
                -109.24370574951172,
                -125.43414306640625,
                -127.22360229492188,
                -135.06884765625
            ]
        },
        "7": {
            "uncertainty": [
                0.008042464964091778,
                0.08081359416246414,
                0.08686109632253647
            ],
            "llhs": [
                -92.60838317871094,
                -100.40919494628906,
                -99.1145248413086
            ]
        },
        "8": {
            "uncertainty": [
                0.049976468086242676,
                0.18186409771442413
            ],
            "llhs": [
                -125.49044799804688,
                -132.3544464111328
            ]
        },
        "9": {
            "uncertainty": [
                0.03854922950267792
            ],
            "llhs": [
                -98.63018035888672
            ]
        }
    }
}