{
    "config": {
        "algorithm_name": "EWC",
        "num_tasks": 10,
        "epochs": 100,
        "lr": 0.001,
        "hidden_dim": 100,
        "lambdas": [
            1000,
            1000,
            1000,
            1000,
            1000,
            1000,
            1000,
            1000,
            1000,
            1000
        ],
        "batch_size": 256,
        "single_head": true
    },
    "accuracies": [
        0.979699969291687,
        0.8845499753952026,
        0.7245333194732666,
        0.7046999931335449,
        0.7308200001716614,
        0.6686500310897827,
        0.655914306640625,
        0.6502874493598938,
        0.647933304309845,
        0.6145600080490112
    ]
}