{
    "config": {
        "algorithm_name": "EWC",
        "num_tasks": 10,
        "epochs": 100,
        "lr": 0.001,
        "hidden_dim": 100,
        "lambdas": [
            100,
            100,
            100,
            100,
            100,
            100,
            100,
            100,
            100,
            100
        ],
        "batch_size": 256,
        "single_head": true
    },
    "accuracies": [
        0.979699969291687,
        0.8139500021934509,
        0.6973999738693237,
        0.595674991607666,
        0.5952600836753845,
        0.5519500374794006,
        0.5628000497817993,
        0.509399950504303,
        0.5110999941825867,
        0.48462995886802673
    ]
}