{
    "config": {
        "algorithm_name": "LP",
        "num_tasks": 10,
        "epochs": 100,
        "lr": 0.001,
        "hidden_dim": 100,
        "lambd": 100,
        "batch_size": 256,
        "single_head": true
    },
    "accuracies": [
        0.979699969291687,
        0.5409500002861023,
        0.40219998359680176,
        0.3269500136375427,
        0.2865999937057495,
        0.2592833638191223,
        0.2330142855644226,
        0.21957498788833618,
        0.2035110741853714,
        0.1950100064277649
    ]
}