{
    "config": {
        "algorithm_name": "LP",
        "num_tasks": 10,
        "epochs": 100,
        "lr": 0.001,
        "hidden_dim": 100,
        "lambd": 1,
        "batch_size": 256,
        "single_head": true
    },
    "accuracies": [
        0.979699969291687,
        0.7233999967575073,
        0.6092000007629395,
        0.5915249586105347,
        0.5228800177574158,
        0.4756166934967041,
        0.44130003452301025,
        0.4226999878883362,
        0.4263777732849121,
        0.4237299859523773
    ]
}