{
    "config": {
        "algorithm_name": "LP",
        "num_tasks": 10,
        "epochs": 100,
        "lr": 0.001,
        "hidden_dim": 100,
        "lambd": 0.1,
        "batch_size": 256,
        "single_head": true
    },
    "accuracies": [
        0.9781000018119812,
        0.8641499876976013,
        0.720099925994873,
        0.7351750135421753,
        0.7012799978256226,
        0.6903833150863647,
        0.6757143139839172,
        0.5870624780654907,
        0.65583336353302,
        0.6040600538253784
    ],
    "seed": 1
}