{
    "config": {
        "algorithm_name": "SI",
        "num_tasks": 10,
        "epochs": 100,
        "lr": 0.001,
        "hidden_dim": 100,
        "c": 0.01,
        "damping_param": 0.001,
        "batch_size": 256,
        "single_head": true
    },
    "accuracies": [
        0.979699969291687,
        0.9570000171661377,
        0.8999999761581421,
        0.9047750234603882,
        0.7699999809265137,
        0.7845499515533447,
        0.7479571104049683,
        0.6724499464035034,
        0.6489888429641724,
        0.620419979095459
    ]
}