{
    "config": {
        "algorithm_name": "SI",
        "num_tasks": 10,
        "epochs": 100,
        "lr": 0.001,
        "hidden_dim": 100,
        "c": 0.5,
        "damping_param": 0.001,
        "batch_size": 256,
        "single_head": true
    },
    "accuracies": [
        0.979699969291687,
        0.9674999713897705,
        0.939300000667572,
        0.6330249905586243,
        0.622439980506897,
        0.5885167121887207,
        0.49794283509254456,
        0.46736249327659607,
        0.4313777983188629,
        0.3945300281047821
    ]
}