{
    "config": {
        "algorithm_name": "SI",
        "num_tasks": 10,
        "epochs": 20,
        "lr": 0.001,
        "hidden_dim": 100,
        "c": 0.001,
        "damping_param": 0.001,
        "batch_size": 256,
        "single_head": true
    },
    "accuracies": [
        0.9769999980926514,
        0.9285999536514282,
        0.8768666982650757,
        0.836525022983551,
        0.8055399060249329,
        0.7820667028427124,
        0.758571445941925,
        0.7305499911308289,
        0.7404778003692627,
        0.7252100110054016
    ],
    "seed": 1
}