{
    "config": {
        "algorithm_name": "VI",
        "num_tasks": 10,
        "epochs": 100,
        "lr": 0.001,
        "hidden_dim": 100,
        "coreset_size": 0,
        "coreset_heuristic": "random",
        "batch_size": 256,
        "mode": "bernoulli",
        "single_head": true
    },
    "accuracies": [
        0.9821999669075012,
        0.9686999320983887,
        0.9444999694824219,
        0.9333750009536743,
        0.916659951210022,
        0.9002832770347595,
        0.895057201385498,
        0.8779624700546265,
        0.8574999570846558,
        0.8546700477600098
    ],
    "seed": 1
}